{
"type": "FeatureCollection",
"name": "temagami",
"crs": { "type": "name", "properties": { "name": "urn:ogc:def:crs:OGC:1.3:CRS84" } },
"features": [
{ "type": "Feature", "properties": { "element": "relation", "id": 3412655, "natural": "wood", "source": "NRCan-CanVec-10.0", "type": "multipolygon" }, "geometry": { "type": "Polygon", "coordinates": [ [ [ -80.2506169, 46.9132998 ], [ -80.2506046, 46.9134061 ], [ -80.2508062, 46.9137136 ], [ -80.2507845, 46.9137903 ], [ -80.250694, 46.9139224 ], [ -80.2503321, 46.9138477 ], [ -80.2502672, 46.9139196 ], [ -80.2503256, 46.9140778 ], [ -80.25, 46.9141208 ], [ -80.2489603, 46.914258 ], [ -80.2488129, 46.9149908 ], [ -80.2483061, 46.9153801 ], [ -80.2483238, 46.9154609 ], [ -80.2481144, 46.9155873 ], [ -80.2487103, 46.9159871 ], [ -80.2487771, 46.9160703 ], [ -80.2487244, 46.9164558 ], [ -80.2483016, 46.9166348 ], [ -80.2483289, 46.9166873 ], [ -80.2479981, 46.9167781 ], [ -80.247878, 46.9169328 ], [ -80.2482425, 46.9186688 ], [ -80.2488119, 46.9190525 ], [ -80.2488463, 46.9192064 ], [ -80.2488444, 46.9192331 ], [ -80.2484907, 46.9199278 ], [ -80.2488917, 46.9199285 ], [ -80.249153, 46.9202183 ], [ -80.2497981, 46.9224212 ], [ -80.25, 46.922566 ], [ -80.25, 46.9353714 ], [ -80.2493577, 46.9360783 ], [ -80.2495045, 46.936157 ], [ -80.2497464, 46.936212 ], [ -80.2497497, 46.9362608 ], [ -80.25, 46.9363151 ], [ -80.25, 46.9375 ], [ -80.2258868, 46.9375034 ], [ -80.225468, 46.9373341 ], [ -80.2257914, 46.9370565 ], [ -80.2252974, 46.9368206 ], [ -80.2248307, 46.9363509 ], [ -80.223984, 46.9361679 ], [ -80.2237819, 46.9361718 ], [ -80.2232353, 46.9366698 ], [ -80.2216531, 46.9370275 ], [ -80.2214934, 46.9371024 ], [ -80.2214961, 46.9372495 ], [ -80.2216306, 46.9375 ], [ -80.2038838, 46.9375 ], [ -80.203712, 46.9371703 ], [ -80.2034565, 46.9373671 ], [ -80.2033986, 46.9375 ], [ -80.1883065, 46.9375 ], [ -80.1883984, 46.9372964 ], [ -80.1887323, 46.9370665 ], [ -80.1889272, 46.9361173 ], [ -80.1894102, 46.9355724 ], [ -80.1897725, 46.9349392 ], [ -80.1902013, 46.9345434 ], [ -80.1911453, 46.9343876 ], [ -80.1913975, 46.9340069 ], [ -80.1915461, 46.9333069 ], [ -80.1918801, 46.9318395 ], [ -80.191176, 46.9314292 ], [ -80.190819, 46.9312099 ], [ -80.1906878, 46.9310317 ], [ -80.1910128, 46.9304795 ], [ -80.1915976, 46.9303361 ], [ -80.1922188, 46.9293921 ], [ -80.1926127, 46.9277511 ], [ -80.1932125, 46.9266752 ], [ -80.1935886, 46.9250892 ], [ -80.1936985, 46.9248843 ], [ -80.1936607, 46.9247851 ], [ -80.1938659, 46.9239193 ], [ -80.1939136, 46.9238376 ], [ -80.193917, 46.9238361 ], [ -80.1941486, 46.9237383 ], [ -80.1956367, 46.9236133 ], [ -80.1956601, 46.9222697 ], [ -80.1942681, 46.922117 ], [ -80.1942139, 46.922096 ], [ -80.1941981, 46.9220873 ], [ -80.1941913, 46.9220872 ], [ -80.1925226, 46.9214393 ], [ -80.1909328, 46.9217035 ], [ -80.1908328, 46.9217606 ], [ -80.191101, 46.9221066 ], [ -80.1915343, 46.9223697 ], [ -80.1915869, 46.9224422 ], [ -80.1915952, 46.9224425 ], [ -80.1916515, 46.922526 ], [ -80.1921234, 46.9240234 ], [ -80.1921356, 46.9241813 ], [ -80.1920496, 46.9243139 ], [ -80.1913853, 46.9249577 ], [ -80.191263, 46.9250028 ], [ -80.1912254, 46.9249975 ], [ -80.1906654, 46.9247117 ], [ -80.190307, 46.9245167 ], [ -80.1902063, 46.9242994 ], [ -80.1902173, 46.9242551 ], [ -80.1904392, 46.9241348 ], [ -80.1906763, 46.9237975 ], [ -80.1909998, 46.9235201 ], [ -80.1911356, 46.9231664 ], [ -80.1907206, 46.9230898 ], [ -80.1901634, 46.9226509 ], [ -80.1900879, 46.9226498 ], [ -80.1898323, 46.9221388 ], [ -80.190393, 46.9211758 ], [ -80.1911439, 46.9207845 ], [ -80.1915157, 46.9202125 ], [ -80.1917501, 46.9200764 ], [ -80.1921605, 46.9190065 ], [ -80.1921921, 46.9182967 ], [ -80.1923295, 46.918209 ], [ -80.1925628, 46.9181919 ], [ -80.1928815, 46.9180054 ], [ -80.1945692, 46.9175737 ], [ -80.1946879, 46.9175014 ], [ -80.1945537, 46.9170293 ], [ -80.1946305, 46.9165846 ], [ -80.1944969, 46.9163521 ], [ -80.1943196, 46.9162062 ], [ -80.1942534, 46.9159734 ], [ -80.1930254, 46.9152698 ], [ -80.1936316, 46.9145617 ], [ -80.1941569, 46.9133913 ], [ -80.1942898, 46.9133342 ], [ -80.1948795, 46.9131971 ], [ -80.1952375, 46.9129362 ], [ -80.1961635, 46.9128388 ], [ -80.1968469, 46.9128842 ], [ -80.1972725, 46.9128525 ], [ -80.1974836, 46.9126999 ], [ -80.1978468, 46.9126617 ], [ -80.1983965, 46.9118069 ], [ -80.1985379, 46.911729 ], [ -80.1987658, 46.9116286 ], [ -80.198989, 46.9114831 ], [ -80.1994044, 46.911329 ], [ -80.199192, 46.9109842 ], [ -80.199182, 46.9105413 ], [ -80.1991674, 46.9105041 ], [ -80.1994096, 46.9103858 ], [ -80.1995772, 46.9104039 ], [ -80.1999547, 46.9108593 ], [ -80.2021349, 46.910975 ], [ -80.2025975, 46.9107202 ], [ -80.2031327, 46.9102938 ], [ -80.2053623, 46.9096476 ], [ -80.2058975, 46.9092212 ], [ -80.206666, 46.9087778 ], [ -80.2070919, 46.9068489 ], [ -80.2077044, 46.9061601 ], [ -80.2078556, 46.906148 ], [ -80.208893, 46.9064356 ], [ -80.2096471, 46.9064353 ], [ -80.2095704, 46.9067196 ], [ -80.2097044, 46.9067964 ], [ -80.20994, 46.9067338 ], [ -80.2101729, 46.9065241 ], [ -80.2102359, 46.9064057 ], [ -80.2104041, 46.9063967 ], [ -80.2104994, 46.905734 ], [ -80.2106367, 46.9056463 ], [ -80.2108796, 46.9056399 ], [ -80.2105314, 46.9050609 ], [ -80.2105147, 46.9048383 ], [ -80.2110284, 46.9039319 ], [ -80.2115878, 46.9032803 ], [ -80.2122468, 46.9020309 ], [ -80.2127495, 46.9017367 ], [ -80.2134558, 46.9011058 ], [ -80.2134638, 46.9011011 ], [ -80.2134672, 46.9010956 ], [ -80.2136004, 46.9009766 ], [ -80.2144903, 46.9008003 ], [ -80.2148242, 46.9007628 ], [ -80.2148894, 46.9005351 ], [ -80.2152405, 46.8997123 ], [ -80.2156902, 46.8994553 ], [ -80.216615, 46.8992938 ], [ -80.2178333, 46.8987858 ], [ -80.2184623, 46.8986679 ], [ -80.2193506, 46.8985565 ], [ -80.2194518, 46.8985901 ], [ -80.2198749, 46.8986038 ], [ -80.2202162, 46.898448 ], [ -80.2205416, 46.8984072 ], [ -80.2211402, 46.8984241 ], [ -80.2220033, 46.8982239 ], [ -80.2222456, 46.8981935 ], [ -80.2223989, 46.898225 ], [ -80.2227037, 46.8981553 ], [ -80.2227531, 46.8981299 ], [ -80.2234653, 46.8980406 ], [ -80.2242151, 46.8969525 ], [ -80.2256768, 46.8964747 ], [ -80.2256867, 46.8963297 ], [ -80.2256132, 46.8961375 ], [ -80.2256569, 46.8959125 ], [ -80.2254702, 46.8957641 ], [ -80.2253352, 46.8954113 ], [ -80.225079, 46.8953789 ], [ -80.224734, 46.8954076 ], [ -80.2246429, 46.8951707 ], [ -80.2245259, 46.8951609 ], [ -80.2236175, 46.8953527 ], [ -80.2228266, 46.8955666 ], [ -80.2226152, 46.8955842 ], [ -80.2224273, 46.8956637 ], [ -80.222407, 46.8956801 ], [ -80.2221136, 46.8957594 ], [ -80.2201498, 46.8962199 ], [ -80.2197361, 46.8963727 ], [ -80.2194376, 46.8966175 ], [ -80.2189489, 46.896639 ], [ -80.2186496, 46.8967909 ], [ -80.218232, 46.8967793 ], [ -80.216887, 46.8965539 ], [ -80.2166954, 46.8962734 ], [ -80.2164885, 46.8961757 ], [ -80.2160904, 46.8963219 ], [ -80.2160988, 46.8966074 ], [ -80.2162245, 46.8970951 ], [ -80.216294, 46.8972339 ], [ -80.2163772, 46.8978531 ], [ -80.2158496, 46.8983357 ], [ -80.2155581, 46.8984442 ], [ -80.2113768, 46.8979306 ], [ -80.2113688, 46.8978376 ], [ -80.211388, 46.8978082 ], [ -80.2116467, 46.8978461 ], [ -80.2116797, 46.8977506 ], [ -80.2115025, 46.8976332 ], [ -80.2117238, 46.897295 ], [ -80.2118675, 46.8973229 ], [ -80.2129956, 46.897231 ], [ -80.2132611, 46.8970817 ], [ -80.2135132, 46.8967625 ], [ -80.2137661, 46.8967421 ], [ -80.2141512, 46.8967496 ], [ -80.2143587, 46.8961875 ], [ -80.2149507, 46.8959445 ], [ -80.2148391, 46.8943318 ], [ -80.2147672, 46.8941919 ], [ -80.2129472, 46.8938873 ], [ -80.2128349, 46.8937866 ], [ -80.2126387, 46.8932324 ], [ -80.2126505, 46.892153 ], [ -80.212407, 46.8917744 ], [ -80.2122773, 46.891066 ], [ -80.2120123, 46.8881179 ], [ -80.2120427, 46.8880503 ], [ -80.2120929, 46.8880394 ], [ -80.2127104, 46.887993 ], [ -80.2129192, 46.8878528 ], [ -80.2129765, 46.8875321 ], [ -80.2129554, 46.8874827 ], [ -80.213114, 46.8872887 ], [ -80.2133569, 46.8850371 ], [ -80.2134584, 46.8848978 ], [ -80.2139357, 46.8845996 ], [ -80.2139479, 46.8840609 ], [ -80.2139601, 46.8834547 ], [ -80.2143053, 46.8830126 ], [ -80.2151461, 46.8829907 ], [ -80.2151474, 46.882716 ], [ -80.2153557, 46.8820351 ], [ -80.2163577, 46.8811072 ], [ -80.2160275, 46.8809253 ], [ -80.2160775, 46.880796 ], [ -80.216474, 46.8804652 ], [ -80.2166443, 46.8803931 ], [ -80.2177698, 46.8801909 ], [ -80.2178791, 46.8801438 ], [ -80.2183829, 46.8800797 ], [ -80.2185411, 46.8799312 ], [ -80.2185184, 46.8798684 ], [ -80.2187432, 46.8797716 ], [ -80.2190674, 46.8792194 ], [ -80.218851, 46.8782588 ], [ -80.2191655, 46.8773476 ], [ -80.2185077, 46.8768693 ], [ -80.2186681, 46.876543 ], [ -80.2186902, 46.8765066 ], [ -80.2199766, 46.876004 ], [ -80.2199901, 46.8751906 ], [ -80.219528, 46.875 ], [ -80.2410555, 46.875 ], [ -80.2408623, 46.8751116 ], [ -80.2407675, 46.8752703 ], [ -80.2407859, 46.8754107 ], [ -80.2409585, 46.8755303 ], [ -80.2414886, 46.8755429 ], [ -80.2418296, 46.8752548 ], [ -80.2420272, 46.875337 ], [ -80.2424248, 46.8753464 ], [ -80.2424899, 46.8751187 ], [ -80.2432115, 46.8750799 ], [ -80.2434136, 46.875 ], [ -80.25, 46.875 ], [ -80.25, 46.8780367 ], [ -80.2491261, 46.8784293 ], [ -80.2481381, 46.8803068 ], [ -80.248056, 46.8803725 ], [ -80.2480337, 46.8804518 ], [ -80.2469042, 46.8813497 ], [ -80.2465155, 46.8819739 ], [ -80.2462658, 46.8821167 ], [ -80.2460769, 46.8827262 ], [ -80.2459916, 46.8827962 ], [ -80.2460235, 46.8828985 ], [ -80.2459061, 46.8832771 ], [ -80.2446697, 46.8834526 ], [ -80.2439003, 46.8846382 ], [ -80.2426854, 46.8847896 ], [ -80.2426203, 46.8850173 ], [ -80.2419499, 46.8851012 ], [ -80.2418584, 46.8854213 ], [ -80.2416791, 46.8854605 ], [ -80.2408494, 46.8854635 ], [ -80.2407219, 46.8855853 ], [ -80.2407003, 46.8855859 ], [ -80.2407489, 46.8861043 ], [ -80.2407091, 46.8862196 ], [ -80.2406997, 46.8865571 ], [ -80.2407983, 46.8866313 ], [ -80.2408346, 46.8870188 ], [ -80.2409506, 46.8871476 ], [ -80.2414694, 46.8873874 ], [ -80.2414842, 46.8874997 ], [ -80.2408716, 46.8879615 ], [ -80.2404874, 46.8881813 ], [ -80.2404615, 46.8882707 ], [ -80.2400034, 46.888616 ], [ -80.2399494, 46.8886312 ], [ -80.239324, 46.8887258 ], [ -80.239058, 46.8888385 ], [ -80.2389763, 46.8889059 ], [ -80.2388485, 46.888942 ], [ -80.2384207, 46.8893644 ], [ -80.2383386, 46.8894322 ], [ -80.2378927, 46.889621 ], [ -80.2376857, 46.8899058 ], [ -80.237451, 46.8900009 ], [ -80.2365778, 46.8903334 ], [ -80.2362781, 46.8905048 ], [ -80.2362668, 46.8905263 ], [ -80.2359091, 46.8906833 ], [ -80.2357476, 46.8912835 ], [ -80.2356234, 46.8914342 ], [ -80.2355392, 46.8919887 ], [ -80.2352086, 46.892511 ], [ -80.235018, 46.8928034 ], [ -80.2337322, 46.8933911 ], [ -80.2336951, 46.8935177 ], [ -80.2334765, 46.8935512 ], [ -80.2331406, 46.8939825 ], [ -80.2331924, 46.89422 ], [ -80.2333878, 46.8945449 ], [ -80.2333874, 46.8945665 ], [ -80.2332754, 46.8949482 ], [ -80.2331515, 46.8950747 ], [ -80.2320802, 46.8956617 ], [ -80.2318846, 46.8962288 ], [ -80.2317184, 46.8964003 ], [ -80.2317628, 46.8965816 ], [ -80.2317629, 46.8965817 ], [ -80.2317569, 46.896599 ], [ -80.2317842, 46.8967134 ], [ -80.2318628, 46.8967261 ], [ -80.2318699, 46.8967364 ], [ -80.2319158, 46.8967347 ], [ -80.2319741, 46.8967441 ], [ -80.2346371, 46.8968916 ], [ -80.2357766, 46.8970763 ], [ -80.2365351, 46.8969701 ], [ -80.2365711, 46.8968659 ], [ -80.2363487, 46.8961151 ], [ -80.2364703, 46.8958085 ], [ -80.2366316, 46.8957211 ], [ -80.2371106, 46.8956888 ], [ -80.2376601, 46.8958786 ], [ -80.2382004, 46.8957462 ], [ -80.2386824, 46.8957052 ], [ -80.2387472, 46.8956629 ], [ -80.2393836, 46.8955713 ], [ -80.2396586, 46.8949286 ], [ -80.2398221, 46.894726 ], [ -80.2414747, 46.8933443 ], [ -80.2421684, 46.8931543 ], [ -80.243355, 46.8931632 ], [ -80.2436667, 46.8929571 ], [ -80.2453766, 46.8926109 ], [ -80.2465025, 46.8929124 ], [ -80.2469677, 46.8929468 ], [ -80.2470193, 46.8930419 ], [ -80.2470199, 46.8937384 ], [ -80.2471003, 46.8938155 ], [ -80.2474154, 46.8937932 ], [ -80.2475086, 46.8937167 ], [ -80.2475149, 46.8933878 ], [ -80.2475526, 46.8933476 ], [ -80.2482625, 46.8930415 ], [ -80.2494301, 46.8927174 ], [ -80.25, 46.8921946 ], [ -80.25, 46.8999056 ], [ -80.2491705, 46.899951 ], [ -80.2490508, 46.9002981 ], [ -80.2489486, 46.9004007 ], [ -80.247737, 46.9005803 ], [ -80.2471848, 46.9007475 ], [ -80.2472702, 46.9008526 ], [ -80.2471779, 46.9008838 ], [ -80.2469781, 46.9009981 ], [ -80.246863, 46.9012543 ], [ -80.2469731, 46.9014005 ], [ -80.2473203, 46.9014017 ], [ -80.2477569, 46.9014513 ], [ -80.2478796, 46.9016022 ], [ -80.2480069, 46.9016594 ], [ -80.2493856, 46.9013053 ], [ -80.25, 46.9010469 ], [ -80.25, 46.90767 ], [ -80.2498602, 46.9076499 ], [ -80.2493944, 46.9077212 ], [ -80.249073, 46.9079166 ], [ -80.2488468, 46.9082422 ], [ -80.248401, 46.908431 ], [ -80.2483985, 46.9084337 ], [ -80.2482051, 46.9084176 ], [ -80.2479577, 46.9083592 ], [ -80.2475799, 46.908408 ], [ -80.2473195, 46.9086591 ], [ -80.2471419, 46.9091099 ], [ -80.2470663, 46.9091221 ], [ -80.2469959, 46.9093089 ], [ -80.2467834, 46.9095162 ], [ -80.2467179, 46.9096457 ], [ -80.2463948, 46.909829 ], [ -80.246062, 46.9107557 ], [ -80.24547, 46.9109989 ], [ -80.2450481, 46.9128825 ], [ -80.2454333, 46.9128899 ], [ -80.2460043, 46.9122034 ], [ -80.2474196, 46.9120934 ], [ -80.2481402, 46.9121367 ], [ -80.2481996, 46.9122746 ], [ -80.2481978, 46.9131724 ], [ -80.25, 46.9132673 ], [ -80.2506169, 46.9132998 ] ], [ [ -80.2427799, 46.877098 ], [ -80.2429669, 46.8769919 ], [ -80.2430037, 46.8767688 ], [ -80.2426889, 46.8766353 ], [ -80.2424402, 46.8766592 ], [ -80.2423936, 46.8767032 ], [ -80.242015, 46.8766911 ], [ -80.2418351, 46.8770192 ], [ -80.2416793, 46.8771223 ], [ -80.2410083, 46.8772615 ], [ -80.2404204, 46.8764327 ], [ -80.2402251, 46.8763858 ], [ -80.2401883, 46.876377 ], [ -80.239908, 46.8765237 ], [ -80.2397607, 46.8766575 ], [ -80.239694, 46.8767181 ], [ -80.23959, 46.8770586 ], [ -80.2396483, 46.8774712 ], [ -80.2400112, 46.8778141 ], [ -80.2402225, 46.8778723 ], [ -80.2408046, 46.8785749 ], [ -80.240969, 46.8785192 ], [ -80.2410184, 46.8785362 ], [ -80.2412188, 46.8784587 ], [ -80.2412646, 46.8784191 ], [ -80.242378, 46.8780418 ], [ -80.2424971, 46.878042 ], [ -80.2426719, 46.878236 ], [ -80.2428065, 46.8783495 ], [ -80.243021, 46.8783476 ], [ -80.2431521, 46.8782772 ], [ -80.2432395, 46.8780623 ], [ -80.2432301, 46.8778958 ], [ -80.2430181, 46.8776965 ], [ -80.2427792, 46.8775709 ], [ -80.2427799, 46.877098 ] ], [ [ -80.2359403, 46.88377 ], [ -80.2355042, 46.8834908 ], [ -80.2360895, 46.8831436 ], [ -80.2351809, 46.882639 ], [ -80.2351066, 46.8825445 ], [ -80.2353643, 46.8819907 ], [ -80.235638, 46.8817785 ], [ -80.2359438, 46.8809301 ], [ -80.2357795, 46.8807477 ], [ -80.2355124, 46.880631 ], [ -80.2347532, 46.8809233 ], [ -80.2346533, 46.8809133 ], [ -80.2343427, 46.8810004 ], [ -80.2341357, 46.8811611 ], [ -80.2339715, 46.8812243 ], [ -80.2323022, 46.881027 ], [ -80.2319497, 46.8814527 ], [ -80.2318279, 46.8814724 ], [ -80.2314306, 46.8816554 ], [ -80.2314525, 46.8819797 ], [ -80.2318333, 46.8822705 ], [ -80.2320298, 46.8825499 ], [ -80.2320804, 46.8828328 ], [ -80.2321078, 46.882838 ], [ -80.2321108, 46.8829386 ], [ -80.2324638, 46.8829225 ], [ -80.2329884, 46.883145 ], [ -80.2333942, 46.8832474 ], [ -80.2341717, 46.8836667 ], [ -80.2345775, 46.8837691 ], [ -80.2349402, 46.8837637 ], [ -80.2351744, 46.8839758 ], [ -80.2352398, 46.8840963 ], [ -80.2355233, 46.8842431 ], [ -80.2364961, 46.884135 ], [ -80.2366049, 46.8840519 ], [ -80.2366431, 46.8839023 ], [ -80.2365062, 46.8838343 ], [ -80.2359403, 46.88377 ] ], [ [ -80.230608, 46.8925273 ], [ -80.2307452, 46.8924396 ], [ -80.2307864, 46.8909251 ], [ -80.2299613, 46.8903332 ], [ -80.2295062, 46.8908001 ], [ -80.2294917, 46.891036 ], [ -80.2299771, 46.892535 ], [ -80.230608, 46.8925273 ] ], [ [ -80.2310683, 46.9041759 ], [ -80.2313816, 46.9038876 ], [ -80.2313716, 46.9031804 ], [ -80.2312436, 46.9030863 ], [ -80.2310067, 46.9030754 ], [ -80.2302558, 46.9034302 ], [ -80.2301506, 46.9035415 ], [ -80.230917, 46.904188 ], [ -80.2310683, 46.9041759 ] ], [ [ -80.2383041, 46.904441 ], [ -80.2380273, 46.9041579 ], [ -80.2376871, 46.9039549 ], [ -80.2376927, 46.9036547 ], [ -80.237171, 46.9035981 ], [ -80.2370474, 46.9032386 ], [ -80.2367741, 46.9031393 ], [ -80.2365973, 46.9033031 ], [ -80.2364609, 46.903521 ], [ -80.2342645, 46.9032826 ], [ -80.2340092, 46.903463 ], [ -80.2339394, 46.9034498 ], [ -80.2336076, 46.9035977 ], [ -80.2334934, 46.903735 ], [ -80.2336928, 46.9039322 ], [ -80.2338514, 46.9039763 ], [ -80.2351754, 46.9041257 ], [ -80.2351767, 46.9041268 ], [ -80.2353185, 46.9044522 ], [ -80.2354345, 46.904581 ], [ -80.2355998, 46.9046444 ], [ -80.2370898, 46.9048216 ], [ -80.2376677, 46.9050069 ], [ -80.2376696, 46.9049042 ], [ -80.2380865, 46.9049556 ], [ -80.2384201, 46.9050738 ], [ -80.238523, 46.905008 ], [ -80.2387187, 46.9046731 ], [ -80.2386473, 46.9045699 ], [ -80.238523, 46.904504 ], [ -80.2383041, 46.904441 ] ], [ [ -80.2331908, 46.9128684 ], [ -80.2337784, 46.9112041 ], [ -80.2335834, 46.9110717 ], [ -80.2316857, 46.9103702 ], [ -80.2304301, 46.9107229 ], [ -80.2303312, 46.9106914 ], [ -80.2302874, 46.910763 ], [ -80.2302789, 46.9107654 ], [ -80.2298298, 46.9110711 ], [ -80.2296072, 46.9109681 ], [ -80.2295821, 46.9112397 ], [ -80.2293001, 46.9114316 ], [ -80.2293694, 46.9119285 ], [ -80.2301643, 46.9119651 ], [ -80.2302976, 46.9121064 ], [ -80.2304536, 46.9119784 ], [ -80.2304752, 46.9119794 ], [ -80.2304793, 46.9119573 ], [ -80.2305215, 46.9119227 ], [ -80.2306511, 46.9117226 ], [ -80.2314079, 46.9117181 ], [ -80.2316075, 46.9117596 ], [ -80.2316623, 46.9119884 ], [ -80.2321247, 46.9122375 ], [ -80.2326382, 46.9126873 ], [ -80.2331908, 46.9128684 ] ], [ [ -80.2430968, 46.9158904 ], [ -80.2429174, 46.9157267 ], [ -80.2421539, 46.9154198 ], [ -80.2412797, 46.915434 ], [ -80.2398861, 46.9153642 ], [ -80.2396036, 46.9154467 ], [ -80.2394653, 46.9155482 ], [ -80.2389677, 46.9155454 ], [ -80.238768, 46.9155039 ], [ -80.2387132, 46.915275 ], [ -80.2375665, 46.915071 ], [ -80.2373616, 46.9150836 ], [ -80.2371258, 46.9158061 ], [ -80.2374581, 46.9158507 ], [ -80.2375159, 46.9160709 ], [ -80.2382001, 46.9165299 ], [ -80.2395592, 46.9167775 ], [ -80.240757, 46.9166782 ], [ -80.2412863, 46.9171213 ], [ -80.241574, 46.9171404 ], [ -80.243208, 46.9169009 ], [ -80.2434482, 46.9167473 ], [ -80.2439124, 46.9162543 ], [ -80.2438447, 46.9161792 ], [ -80.2430968, 46.9158904 ] ], [ [ -80.2298257, 46.9199848 ], [ -80.2301048, 46.9197184 ], [ -80.2300484, 46.9195718 ], [ -80.2299761, 46.919539 ], [ -80.2299814, 46.9195335 ], [ -80.2299947, 46.9187199 ], [ -80.2293244, 46.9188405 ], [ -80.2290273, 46.9191589 ], [ -80.2285387, 46.919373 ], [ -80.2280996, 46.9198701 ], [ -80.2276074, 46.9200561 ], [ -80.2279592, 46.9204705 ], [ -80.229168, 46.9206114 ], [ -80.2293599, 46.9202142 ], [ -80.2294431, 46.9201244 ], [ -80.2298257, 46.9199848 ] ], [ [ -80.243595, 46.9279975 ], [ -80.2435072, 46.9278641 ], [ -80.2432614, 46.9277235 ], [ -80.2420739, 46.9277146 ], [ -80.2413239, 46.9282989 ], [ -80.2412002, 46.9282697 ], [ -80.2408882, 46.9279717 ], [ -80.2401128, 46.9280478 ], [ -80.2397928, 46.928161 ], [ -80.2377345, 46.9302106 ], [ -80.2359887, 46.9305786 ], [ -80.2355862, 46.9320165 ], [ -80.235692, 46.9320978 ], [ -80.2361227, 46.932215 ], [ -80.2361338, 46.9322518 ], [ -80.2362575, 46.9322517 ], [ -80.2365237, 46.9323241 ], [ -80.2367534, 46.9322788 ], [ -80.2370632, 46.9317411 ], [ -80.2375033, 46.9313463 ], [ -80.2379875, 46.9310672 ], [ -80.2384915, 46.930658 ], [ -80.2388254, 46.9306163 ], [ -80.2389528, 46.9301696 ], [ -80.2392898, 46.9301233 ], [ -80.2395098, 46.9295632 ], [ -80.2396247, 46.9294627 ], [ -80.2408759, 46.9293261 ], [ -80.2411885, 46.9291568 ], [ -80.2433077, 46.9288307 ], [ -80.243595, 46.9279975 ] ], [ [ -80.2329299, 46.9338593 ], [ -80.2348971, 46.9331605 ], [ -80.2350031, 46.933086 ], [ -80.234501, 46.9327573 ], [ -80.234355, 46.9327153 ], [ -80.2329293, 46.9333184 ], [ -80.2329299, 46.9338593 ] ], [ [ -80.2273654, 46.9366058 ], [ -80.2297432, 46.9357261 ], [ -80.231108, 46.9350673 ], [ -80.2329185, 46.9349389 ], [ -80.2329179, 46.9343981 ], [ -80.2316887, 46.934199 ], [ -80.2307666, 46.9345446 ], [ -80.2301528, 46.934656 ], [ -80.2293662, 46.9346477 ], [ -80.2291862, 46.9348202 ], [ -80.228309, 46.9350355 ], [ -80.2280118, 46.935354 ], [ -80.2272686, 46.935646 ], [ -80.226978, 46.9359839 ], [ -80.2272507, 46.9365505 ], [ -80.2273654, 46.9366058 ] ], [ [ -80.2257594, 46.8849235 ], [ -80.2255528, 46.88467 ], [ -80.2252193, 46.8845518 ], [ -80.2246608, 46.8845437 ], [ -80.223779, 46.8849688 ], [ -80.2233058, 46.8851395 ], [ -80.2218905, 46.8857163 ], [ -80.2215821, 46.8857579 ], [ -80.221171, 46.8857095 ], [ -80.2210211, 46.885731 ], [ -80.2210168, 46.8857303 ], [ -80.2210123, 46.8857323 ], [ -80.2207211, 46.885774 ], [ -80.2202182, 46.8858757 ], [ -80.2198156, 46.8861128 ], [ -80.2200251, 46.8863575 ], [ -80.2200115, 46.8864744 ], [ -80.2192382, 46.8869721 ], [ -80.2192034, 46.8873055 ], [ -80.2195078, 46.8873916 ], [ -80.2199915, 46.8876167 ], [ -80.2201891, 46.8878962 ], [ -80.2205539, 46.8880011 ], [ -80.2209199, 46.8878314 ], [ -80.2211243, 46.8876409 ], [ -80.2209808, 46.8878871 ], [ -80.222482, 46.8876816 ], [ -80.223952, 46.8861331 ], [ -80.2257371, 46.8857629 ], [ -80.2257383, 46.8854882 ], [ -80.2250265, 46.8853056 ], [ -80.2255237, 46.8851418 ], [ -80.2257361, 46.8850296 ], [ -80.2257594, 46.8849235 ] ], [ [ -80.2293331, 46.9086234 ], [ -80.229349, 46.908461 ], [ -80.2292936, 46.9076914 ], [ -80.2281753, 46.9076385 ], [ -80.22817, 46.9085449 ], [ -80.2282294, 46.9086828 ], [ -80.228429, 46.9087243 ], [ -80.2291958, 46.9087112 ], [ -80.2293331, 46.9086234 ] ], [ [ -80.2119675, 46.9118194 ], [ -80.2119448, 46.9116141 ], [ -80.2116545, 46.9114479 ], [ -80.2112216, 46.9114234 ], [ -80.2109312, 46.9115852 ], [ -80.210918, 46.9115666 ], [ -80.2085092, 46.9117256 ], [ -80.2083345, 46.9118439 ], [ -80.2086628, 46.9137578 ], [ -80.2088028, 46.9138171 ], [ -80.209224, 46.9138578 ], [ -80.2092624, 46.9139192 ], [ -80.2097143, 46.9141209 ], [ -80.2102456, 46.9141704 ], [ -80.2106059, 46.9140181 ], [ -80.2109212, 46.9139959 ], [ -80.2114128, 46.9141215 ], [ -80.2116491, 46.9140957 ], [ -80.211894, 46.9138513 ], [ -80.2116933, 46.9135805 ], [ -80.2112207, 46.9132838 ], [ -80.2111914, 46.9130591 ], [ -80.2113886, 46.9124495 ], [ -80.2117299, 46.91212 ], [ -80.2119675, 46.9118194 ] ], [ [ -80.2006788, 46.9151472 ], [ -80.2007539, 46.9149302 ], [ -80.200818, 46.9139324 ], [ -80.2007758, 46.9135131 ], [ -80.2009165, 46.9129127 ], [ -80.2005739, 46.9128204 ], [ -80.2005373, 46.9128053 ], [ -80.2007188, 46.9122123 ], [ -80.2009723, 46.9119777 ], [ -80.201166, 46.9116884 ], [ -80.2012347, 46.9112963 ], [ -80.2006728, 46.9112967 ], [ -80.2004149, 46.9113465 ], [ -80.2002457, 46.911529 ], [ -80.199825, 46.911544 ], [ -80.1997028, 46.9123925 ], [ -80.1996672, 46.9124257 ], [ -80.1989366, 46.912527 ], [ -80.1988935, 46.912584 ], [ -80.1986256, 46.912614 ], [ -80.1985603, 46.9128417 ], [ -80.1988802, 46.9128848 ], [ -80.1988964, 46.9129028 ], [ -80.1989471, 46.9131153 ], [ -80.1997963, 46.9132899 ], [ -80.1998659, 46.9134754 ], [ -80.199473, 46.915153 ], [ -80.1994507, 46.9151802 ], [ -80.1993767, 46.9152382 ], [ -80.199205, 46.915397 ], [ -80.1986996, 46.9156873 ], [ -80.1984985, 46.9166171 ], [ -80.1985204, 46.9167856 ], [ -80.1986514, 46.916871 ], [ -80.1988773, 46.9168772 ], [ -80.1987906, 46.917242 ], [ -80.1987959, 46.9175361 ], [ -80.1985742, 46.9180225 ], [ -80.1985537, 46.9184684 ], [ -80.1984786, 46.9190336 ], [ -80.1986739, 46.9193586 ], [ -80.1988828, 46.9195667 ], [ -80.1991641, 46.919759 ], [ -80.1994211, 46.9198282 ], [ -80.1998061, 46.9196433 ], [ -80.1999872, 46.9193519 ], [ -80.2000432, 46.9189577 ], [ -80.1996241, 46.9181197 ], [ -80.1996018, 46.9177586 ], [ -80.1997152, 46.9173921 ], [ -80.1999869, 46.9168771 ], [ -80.2000533, 46.9165304 ], [ -80.2001101, 46.9158247 ], [ -80.2002912, 46.9155333 ], [ -80.2006788, 46.9151472 ] ], [ [ -80.2156301, 46.9183826 ], [ -80.2157416, 46.9184715 ], [ -80.2160342, 46.9185923 ], [ -80.2167809, 46.9186767 ], [ -80.2176283, 46.9186437 ], [ -80.2180776, 46.9187024 ], [ -80.2180822, 46.9187044 ], [ -80.2184101, 46.918999 ], [ -80.218557, 46.9194596 ], [ -80.2204987, 46.919808 ], [ -80.2205947, 46.9198725 ], [ -80.2208733, 46.9199247 ], [ -80.2216949, 46.9202892 ], [ -80.2228177, 46.9204665 ], [ -80.2231203, 46.9205386 ], [ -80.2236716, 46.9206463 ], [ -80.2238757, 46.9207527 ], [ -80.2243684, 46.9207592 ], [ -80.2246363, 46.9205644 ], [ -80.2247052, 46.9203647 ], [ -80.2244717, 46.9200336 ], [ -80.2241724, 46.9198934 ], [ -80.2238152, 46.9198495 ], [ -80.223671, 46.9197572 ], [ -80.2232827, 46.9197584 ], [ -80.2230588, 46.9197281 ], [ -80.222858, 46.9196712 ], [ -80.2224631, 46.919149 ], [ -80.2223224, 46.9190528 ], [ -80.2222665, 46.9190988 ], [ -80.2215135, 46.9191875 ], [ -80.2211282, 46.91918 ], [ -80.2198061, 46.918709 ], [ -80.2188297, 46.9183216 ], [ -80.2182934, 46.9181704 ], [ -80.2172663, 46.9177748 ], [ -80.2162257, 46.917496 ], [ -80.2158207, 46.9172745 ], [ -80.2154558, 46.9171371 ], [ -80.2154337, 46.9170009 ], [ -80.2151647, 46.9170106 ], [ -80.2144544, 46.9166221 ], [ -80.2138614, 46.9164801 ], [ -80.2136021, 46.9164564 ], [ -80.2133581, 46.9165818 ], [ -80.2134641, 46.9168556 ], [ -80.2142535, 46.9171687 ], [ -80.2142498, 46.9171755 ], [ -80.2142443, 46.918082 ], [ -80.2142566, 46.9182398 ], [ -80.2143846, 46.9183339 ], [ -80.2154206, 46.9183552 ], [ -80.2156301, 46.9183826 ] ], [ [ -80.2110847, 46.9221154 ], [ -80.21115, 46.9218877 ], [ -80.211061, 46.9216808 ], [ -80.2108643, 46.9216306 ], [ -80.2104453, 46.9216817 ], [ -80.2102317, 46.9215646 ], [ -80.209964, 46.9212553 ], [ -80.2097163, 46.9213526 ], [ -80.209818, 46.9215616 ], [ -80.210257, 46.921917 ], [ -80.2109341, 46.9221643 ], [ -80.2110847, 46.9221154 ] ], [ [ -80.2158599, 46.9246006 ], [ -80.2157994, 46.9247316 ], [ -80.2158186, 46.9247916 ], [ -80.2157961, 46.924896 ], [ -80.2155011, 46.925169 ], [ -80.2155134, 46.9253268 ], [ -80.2157915, 46.9253352 ], [ -80.2159752, 46.9252803 ], [ -80.2162113, 46.9260174 ], [ -80.2168732, 46.9264638 ], [ -80.2188737, 46.9262108 ], [ -80.2192599, 46.9254027 ], [ -80.2186488, 46.9253128 ], [ -80.2180737, 46.9251187 ], [ -80.2174636, 46.9249934 ], [ -80.2174232, 46.9249594 ], [ -80.2171047, 46.9242833 ], [ -80.2165223, 46.9240331 ], [ -80.2162626, 46.9241651 ], [ -80.2159057, 46.9245013 ], [ -80.2158699, 46.9245788 ], [ -80.215863, 46.9245861 ], [ -80.2158599, 46.9246006 ] ], [ [ -80.2072208, 46.9293068 ], [ -80.2074188, 46.9290823 ], [ -80.2074368, 46.9286819 ], [ -80.207362, 46.9284304 ], [ -80.2075294, 46.927539 ], [ -80.2078753, 46.927259 ], [ -80.2083327, 46.9270583 ], [ -80.2089141, 46.926731 ], [ -80.2093873, 46.9265581 ], [ -80.2105726, 46.9264226 ], [ -80.2106117, 46.9262865 ], [ -80.210775, 46.926263 ], [ -80.2110239, 46.9261578 ], [ -80.2112054, 46.9261403 ], [ -80.2113427, 46.9260526 ], [ -80.2113466, 46.9259224 ], [ -80.2117954, 46.9255944 ], [ -80.211747, 46.9251925 ], [ -80.2111202, 46.9247608 ], [ -80.2105359, 46.9247485 ], [ -80.2102776, 46.9249072 ], [ -80.2101278, 46.924884 ], [ -80.2094111, 46.925061 ], [ -80.2091958, 46.9257504 ], [ -80.2090421, 46.9258874 ], [ -80.2078233, 46.9261324 ], [ -80.2068568, 46.9259481 ], [ -80.205459, 46.9253088 ], [ -80.2040648, 46.9253941 ], [ -80.2036368, 46.9259066 ], [ -80.2033247, 46.9260256 ], [ -80.202905, 46.92604 ], [ -80.2027526, 46.9261711 ], [ -80.2027576, 46.9263493 ], [ -80.2026866, 46.926362 ], [ -80.2018971, 46.9263622 ], [ -80.2018811, 46.9265246 ], [ -80.2017437, 46.9266123 ], [ -80.2005883, 46.9266263 ], [ -80.2003869, 46.926667 ], [ -80.2003405, 46.9267236 ], [ -80.2003791, 46.9271149 ], [ -80.2011144, 46.9271645 ], [ -80.2011742, 46.9272531 ], [ -80.2014887, 46.9273646 ], [ -80.2014996, 46.9274342 ], [ -80.2018123, 46.9276133 ], [ -80.2035689, 46.9278343 ], [ -80.2037222, 46.9279325 ], [ -80.2041732, 46.9286015 ], [ -80.2057989, 46.9290853 ], [ -80.2064178, 46.9292373 ], [ -80.2065267, 46.9293408 ], [ -80.2069074, 46.9294393 ], [ -80.2070297, 46.9293876 ], [ -80.2071184, 46.9294094 ], [ -80.2071739, 46.9293266 ], [ -80.2072208, 46.9293068 ] ], [ [ -80.2085857, 46.9286484 ], [ -80.2083727, 46.9289163 ], [ -80.2079733, 46.9291814 ], [ -80.2077729, 46.9294514 ], [ -80.2078172, 46.9296327 ], [ -80.208114, 46.9299742 ], [ -80.2083404, 46.9300934 ], [ -80.2085484, 46.9300722 ], [ -80.2087605, 46.9299233 ], [ -80.2093989, 46.9290828 ], [ -80.2100917, 46.9282786 ], [ -80.2102703, 46.9280326 ], [ -80.2102567, 46.9278012 ], [ -80.2098703, 46.9275644 ], [ -80.208522, 46.9274006 ], [ -80.208456, 46.9275916 ], [ -80.2085807, 46.9278501 ], [ -80.2086821, 46.9282149 ], [ -80.2085857, 46.9286484 ] ], [ [ -80.2274805, 46.9298787 ], [ -80.2270876, 46.9289627 ], [ -80.2264221, 46.9288366 ], [ -80.2257973, 46.9280113 ], [ -80.2251378, 46.9278677 ], [ -80.2251136, 46.9289453 ], [ -80.2251124, 46.92922 ], [ -80.2259046, 46.9293668 ], [ -80.2260513, 46.9294455 ], [ -80.2264708, 46.9304392 ], [ -80.2268113, 46.9305126 ], [ -80.2268423, 46.9307194 ], [ -80.2268734, 46.9308619 ], [ -80.2269582, 46.9310039 ], [ -80.2277193, 46.9310081 ], [ -80.2280025, 46.9311181 ], [ -80.2282402, 46.9311658 ], [ -80.2286071, 46.931051 ], [ -80.2290261, 46.9311373 ], [ -80.2292957, 46.9307738 ], [ -80.229556, 46.9307649 ], [ -80.2297039, 46.9305689 ], [ -80.2295588, 46.9304079 ], [ -80.2293494, 46.9303943 ], [ -80.2293004, 46.9302652 ], [ -80.229188, 46.9301645 ], [ -80.2274805, 46.9298787 ] ], [ [ -80.2025749, 46.93419 ], [ -80.2029728, 46.9336588 ], [ -80.2029165, 46.9331638 ], [ -80.2027198, 46.9331136 ], [ -80.2014121, 46.933103 ], [ -80.2013969, 46.9341913 ], [ -80.2025749, 46.93419 ] ] ] } },
{ "type": "Feature", "properties": { "element": "relation", "id": 3412822, "natural": "wood", "source": "NRCan-CanVec-10.0", "type": "multipolygon" }, "geometry": { "type": "Polygon", "coordinates": [ [ [ -80.1250498, 46.999498 ], [ -80.125, 46.9992689 ], [ -80.1249297, 46.9989455 ], [ -80.1249518, 46.9989099 ], [ -80.125, 46.9988846 ], [ -80.12512, 46.9987574 ], [ -80.125, 46.998466 ], [ -80.125, 46.9980294 ], [ -80.1252247, 46.9978023 ], [ -80.1253245, 46.9974213 ], [ -80.1254796, 46.9973394 ], [ -80.1255778, 46.9973264 ], [ -80.1259726, 46.9973097 ], [ -80.1260678, 46.9972613 ], [ -80.1266884, 46.9971788 ], [ -80.1269578, 46.9970209 ], [ -80.1275656, 46.9962762 ], [ -80.1274249, 46.9961799 ], [ -80.1262736, 46.9957905 ], [ -80.1262344, 46.9957107 ], [ -80.1270108, 46.9953693 ], [ -80.1272462, 46.995307 ], [ -80.1273412, 46.9952241 ], [ -80.127817, 46.9950149 ], [ -80.1282948, 46.9946758 ], [ -80.1288077, 46.9946719 ], [ -80.1289509, 46.9945301 ], [ -80.1290052, 46.9943739 ], [ -80.1288162, 46.9942239 ], [ -80.1283112, 46.9940957 ], [ -80.1282858, 46.9940582 ], [ -80.1284281, 46.99376 ], [ -80.1284447, 46.9937507 ], [ -80.1287975, 46.9936614 ], [ -80.1289149, 46.9934078 ], [ -80.1294909, 46.993325 ], [ -80.1298419, 46.9929328 ], [ -80.1306809, 46.9927944 ], [ -80.1307063, 46.9927089 ], [ -80.1308735, 46.9927799 ], [ -80.1311611, 46.99257 ], [ -80.1312341, 46.9923985 ], [ -80.130884, 46.9921103 ], [ -80.1309926, 46.9917447 ], [ -80.1321045, 46.9910913 ], [ -80.1321691, 46.9908089 ], [ -80.132848, 46.9907264 ], [ -80.1332134, 46.9906392 ], [ -80.1333125, 46.9905086 ], [ -80.1332285, 46.9904032 ], [ -80.1327393, 46.9904611 ], [ -80.1326632, 46.9904487 ], [ -80.1326554, 46.9901631 ], [ -80.1323781, 46.9900354 ], [ -80.132352, 46.9900094 ], [ -80.1324645, 46.9895176 ], [ -80.1326221, 46.9892956 ], [ -80.1333209, 46.9889051 ], [ -80.1336999, 46.9886121 ], [ -80.1337431, 46.9886162 ], [ -80.1339889, 46.9885645 ], [ -80.1346182, 46.9881307 ], [ -80.1348797, 46.9881227 ], [ -80.13541, 46.9888327 ], [ -80.1356854, 46.9886575 ], [ -80.1360875, 46.9881177 ], [ -80.136686, 46.9879768 ], [ -80.1367488, 46.9877578 ], [ -80.1370737, 46.9877098 ], [ -80.137069, 46.9876982 ], [ -80.1373745, 46.9877313 ], [ -80.137453, 46.9876982 ], [ -80.1373841, 46.9875494 ], [ -80.1369795, 46.9871717 ], [ -80.1368409, 46.9871295 ], [ -80.1368297, 46.9871015 ], [ -80.1359093, 46.9868965 ], [ -80.1348736, 46.9869846 ], [ -80.1343198, 46.9871512 ], [ -80.1329036, 46.9875624 ], [ -80.1313636, 46.9877842 ], [ -80.13125, 46.9877698 ], [ -80.1309595, 46.9876033 ], [ -80.130722, 46.9878766 ], [ -80.130364, 46.9879281 ], [ -80.129952, 46.9877779 ], [ -80.129838, 46.9876681 ], [ -80.1297172, 46.9872449 ], [ -80.1295578, 46.987167 ], [ -80.1297541, 46.9864073 ], [ -80.1300048, 46.9860532 ], [ -80.1302234, 46.9860986 ], [ -80.1304408, 46.9860515 ], [ -80.1303228, 46.9855049 ], [ -80.1304179, 46.9852315 ], [ -80.1302591, 46.98521 ], [ -80.1302458, 46.9851485 ], [ -80.1300655, 46.9851191 ], [ -80.1300181, 46.9849555 ], [ -80.1294749, 46.9848001 ], [ -80.1294583, 46.9847542 ], [ -80.129099, 46.9846314 ], [ -80.1287302, 46.984577 ], [ -80.1286032, 46.9844773 ], [ -80.1284523, 46.9841409 ], [ -80.1284668, 46.9838681 ], [ -80.1275979, 46.9837688 ], [ -80.1274318, 46.9836077 ], [ -80.1268146, 46.9833787 ], [ -80.1263558, 46.9829646 ], [ -80.1261511, 46.9828212 ], [ -80.126138, 46.9828188 ], [ -80.1261155, 46.9827695 ], [ -80.125537, 46.9825835 ], [ -80.125, 46.9825042 ], [ -80.125, 46.9683458 ], [ -80.1254064, 46.9685223 ], [ -80.1273279, 46.9683129 ], [ -80.1274722, 46.9682447 ], [ -80.127284, 46.9673612 ], [ -80.1275213, 46.9666021 ], [ -80.1274845, 46.9664769 ], [ -80.1260712, 46.9661953 ], [ -80.1259066, 46.9660454 ], [ -80.1258529, 46.9660458 ], [ -80.1257015, 46.9661216 ], [ -80.1252046, 46.9660226 ], [ -80.1251743, 46.9661827 ], [ -80.1251503, 46.9661788 ], [ -80.125, 46.9661126 ], [ -80.125, 46.9375 ], [ -80.165426, 46.9375 ], [ -80.1652597, 46.9375223 ], [ -80.1646879, 46.9377043 ], [ -80.1643781, 46.9380573 ], [ -80.1638884, 46.9382343 ], [ -80.1638739, 46.9390479 ], [ -80.1655618, 46.9381949 ], [ -80.1658645, 46.9379783 ], [ -80.1658759, 46.9375 ], [ -80.1677334, 46.9375 ], [ -80.1679743, 46.938403 ], [ -80.1679364, 46.9385262 ], [ -80.1680174, 46.9385646 ], [ -80.168151, 46.9390653 ], [ -80.1680932, 46.9391934 ], [ -80.1678116, 46.9393493 ], [ -80.167603, 46.9395262 ], [ -80.16639, 46.9397048 ], [ -80.1658369, 46.9398715 ], [ -80.1657708, 46.9400264 ], [ -80.1653763, 46.9402733 ], [ -80.1651128, 46.9403771 ], [ -80.16481, 46.9404012 ], [ -80.1646036, 46.9405572 ], [ -80.1630596, 46.9409323 ], [ -80.1626584, 46.9409312 ], [ -80.1622789, 46.9418371 ], [ -80.1621722, 46.9418697 ], [ -80.1615128, 46.9419182 ], [ -80.1612463, 46.9420307 ], [ -80.1609075, 46.9422831 ], [ -80.1602607, 46.9424021 ], [ -80.1598807, 46.9425327 ], [ -80.1586214, 46.9431529 ], [ -80.1580878, 46.9432747 ], [ -80.1579046, 46.9431737 ], [ -80.1573622, 46.9430396 ], [ -80.1570684, 46.9430376 ], [ -80.1569212, 46.9431145 ], [ -80.1566256, 46.9434184 ], [ -80.1561467, 46.943456 ], [ -80.1556772, 46.9442689 ], [ -80.154251, 46.9445593 ], [ -80.1541739, 46.9446659 ], [ -80.1539151, 46.9459899 ], [ -80.1547005, 46.9457327 ], [ -80.1547792, 46.9449662 ], [ -80.1559032, 46.9449291 ], [ -80.1561403, 46.9449402 ], [ -80.1562682, 46.9450344 ], [ -80.1562771, 46.9457418 ], [ -80.1566681, 46.9458879 ], [ -80.1567239, 46.9459571 ], [ -80.1567235, 46.9462107 ], [ -80.1566844, 46.9464221 ], [ -80.1565154, 46.9467524 ], [ -80.1563159, 46.947467 ], [ -80.1558636, 46.9476273 ], [ -80.1557622, 46.948359 ], [ -80.1555431, 46.9486662 ], [ -80.1553043, 46.94894 ], [ -80.1545997, 46.9491085 ], [ -80.154116, 46.9496532 ], [ -80.1538463, 46.9497744 ], [ -80.1536263, 46.9502153 ], [ -80.1529373, 46.9503874 ], [ -80.152781, 46.9504903 ], [ -80.1524722, 46.9509926 ], [ -80.1521297, 46.9512094 ], [ -80.151767, 46.9513084 ], [ -80.1504595, 46.9514692 ], [ -80.1494429, 46.9518905 ], [ -80.1491954, 46.9518005 ], [ -80.1489413, 46.9515613 ], [ -80.1486052, 46.9514882 ], [ -80.1484953, 46.9515077 ], [ -80.1483058, 46.9513477 ], [ -80.1479172, 46.9513486 ], [ -80.1478547, 46.9514311 ], [ -80.1473626, 46.9512491 ], [ -80.147, 46.9512909 ], [ -80.1467906, 46.951431 ], [ -80.1467728, 46.9514374 ], [ -80.1467109, 46.9513906 ], [ -80.1474064, 46.9504678 ], [ -80.1479307, 46.9502689 ], [ -80.1479586, 46.9489165 ], [ -80.1471687, 46.9489162 ], [ -80.1467786, 46.9497695 ], [ -80.1453765, 46.9503755 ], [ -80.1451523, 46.9513292 ], [ -80.1454872, 46.9515213 ], [ -80.1462969, 46.9517913 ], [ -80.1463177, 46.9518675 ], [ -80.1467468, 46.9522045 ], [ -80.1463487, 46.9527802 ], [ -80.1430508, 46.9530001 ], [ -80.1425542, 46.9526022 ], [ -80.1422832, 46.9526498 ], [ -80.141908, 46.9530763 ], [ -80.1417155, 46.9530891 ], [ -80.1414397, 46.9532275 ], [ -80.1405697, 46.9541127 ], [ -80.1399844, 46.9542557 ], [ -80.139647, 46.9543016 ], [ -80.1395813, 46.9545293 ], [ -80.1383793, 46.9555988 ], [ -80.1381797, 46.9577642 ], [ -80.1374937, 46.9582236 ], [ -80.1374741, 46.958234 ], [ -80.137163, 46.9582889 ], [ -80.1359746, 46.9582786 ], [ -80.1347707, 46.9596228 ], [ -80.1352205, 46.9597025 ], [ -80.1353175, 46.9600146 ], [ -80.1355221, 46.9601579 ], [ -80.1360309, 46.9601583 ], [ -80.1363108, 46.9598956 ], [ -80.1367135, 46.959967 ], [ -80.1370123, 46.9600707 ], [ -80.137736, 46.9608397 ], [ -80.1379381, 46.961655 ], [ -80.1378165, 46.9620723 ], [ -80.1380139, 46.962352 ], [ -80.1382036, 46.96236 ], [ -80.1386597, 46.9626132 ], [ -80.1392416, 46.962442 ], [ -80.139847, 46.9623573 ], [ -80.1404318, 46.9621775 ], [ -80.1410372, 46.9620927 ], [ -80.1431833, 46.9611586 ], [ -80.1446034, 46.9610415 ], [ -80.1452131, 46.9611783 ], [ -80.1458058, 46.9614388 ], [ -80.1463012, 46.9624151 ], [ -80.1463386, 46.9625619 ], [ -80.1465277, 46.963097 ], [ -80.1465719, 46.9631461 ], [ -80.1467288, 46.9635974 ], [ -80.1474481, 46.9638623 ], [ -80.1476168, 46.9639712 ], [ -80.1477527, 46.9641584 ], [ -80.147786, 46.9644481 ], [ -80.1475923, 46.9645816 ], [ -80.1474311, 46.9645829 ], [ -80.1465479, 46.9641181 ], [ -80.1464163, 46.9641884 ], [ -80.1464139, 46.9642338 ], [ -80.1475274, 46.9654238 ], [ -80.1477345, 46.9657142 ], [ -80.1478524, 46.966146 ], [ -80.1474975, 46.9662808 ], [ -80.14747, 46.9663016 ], [ -80.1474058, 46.966275 ], [ -80.1465476, 46.9650442 ], [ -80.1464021, 46.965179 ], [ -80.146369, 46.9651343 ], [ -80.1460599, 46.9651756 ], [ -80.1458915, 46.9653133 ], [ -80.1458198, 46.9657509 ], [ -80.14582, 46.9663286 ], [ -80.1457472, 46.9670778 ], [ -80.1452809, 46.9683039 ], [ -80.145336, 46.9685696 ], [ -80.1455454, 46.9686221 ], [ -80.1456735, 46.9685173 ], [ -80.145602, 46.9690373 ], [ -80.1453827, 46.9692833 ], [ -80.1454081, 46.9696725 ], [ -80.1453223, 46.9701439 ], [ -80.1452435, 46.9702234 ], [ -80.1452417, 46.9704982 ], [ -80.1447132, 46.971595 ], [ -80.1456152, 46.9718519 ], [ -80.1475942, 46.9718624 ], [ -80.1481645, 46.971185 ], [ -80.148933, 46.970482 ], [ -80.1490408, 46.9704749 ], [ -80.1492068, 46.9703827 ], [ -80.1492767, 46.9702199 ], [ -80.1487586, 46.9698605 ], [ -80.1486855, 46.9696468 ], [ -80.148692, 46.9692811 ], [ -80.1485482, 46.969001 ], [ -80.1485222, 46.9687675 ], [ -80.1486248, 46.9686553 ], [ -80.1488234, 46.9686331 ], [ -80.1494222, 46.9685289 ], [ -80.1495851, 46.9684454 ], [ -80.1505835, 46.9667282 ], [ -80.1516149, 46.9662267 ], [ -80.1516806, 46.965999 ], [ -80.152018, 46.9659531 ], [ -80.1522665, 46.9652006 ], [ -80.1525555, 46.9652154 ], [ -80.1528731, 46.9653037 ], [ -80.1531884, 46.9652903 ], [ -80.1537785, 46.9653935 ], [ -80.1538613, 46.9654279 ], [ -80.1540327, 46.9654741 ], [ -80.1541473, 46.9653369 ], [ -80.1541551, 46.9652373 ], [ -80.1541276, 46.9651984 ], [ -80.1547315, 46.9651202 ], [ -80.1547942, 46.9649012 ], [ -80.1550619, 46.9640571 ], [ -80.1550738, 46.9640573 ], [ -80.1553812, 46.9642907 ], [ -80.1555967, 46.9643258 ], [ -80.1556969, 46.9642688 ], [ -80.1557516, 46.9639568 ], [ -80.1556742, 46.963686 ], [ -80.1563977, 46.9632917 ], [ -80.1565399, 46.962728 ], [ -80.1565396, 46.9627238 ], [ -80.1565694, 46.9626045 ], [ -80.1574064, 46.9623923 ], [ -80.157811, 46.9616512 ], [ -80.1584012, 46.9614172 ], [ -80.1587485, 46.9614704 ], [ -80.1587133, 46.9615597 ], [ -80.1587423, 46.9615919 ], [ -80.1590205, 46.9616005 ], [ -80.1591627, 46.961534 ], [ -80.1593802, 46.9615673 ], [ -80.1597536, 46.9621507 ], [ -80.1607412, 46.9631835 ], [ -80.1607418, 46.9632008 ], [ -80.1607574, 46.9632005 ], [ -80.1608541, 46.9633016 ], [ -80.1610249, 46.9633111 ], [ -80.1619277, 46.9630637 ], [ -80.1626214, 46.9614895 ], [ -80.1633188, 46.961062 ], [ -80.1637745, 46.9601734 ], [ -80.164347, 46.9598356 ], [ -80.1650404, 46.9589949 ], [ -80.1662791, 46.9584353 ], [ -80.1668853, 46.9573054 ], [ -80.1675465, 46.956982 ], [ -80.1676387, 46.956832 ], [ -80.1673128, 46.956073 ], [ -80.1664547, 46.9568869 ], [ -80.1651169, 46.957192 ], [ -80.1649178, 46.9571871 ], [ -80.1638054, 46.9562635 ], [ -80.1636108, 46.9557826 ], [ -80.1632323, 46.9556385 ], [ -80.163126, 46.9555203 ], [ -80.1633671, 46.9542852 ], [ -80.1634871, 46.9540938 ], [ -80.1640367, 46.953899 ], [ -80.1642365, 46.9532072 ], [ -80.1646716, 46.9524162 ], [ -80.1651313, 46.9497405 ], [ -80.1667731, 46.9489441 ], [ -80.1684577, 46.9487964 ], [ -80.1684738, 46.948634 ], [ -80.1686113, 46.9485463 ], [ -80.1694929, 46.9485522 ], [ -80.1696209, 46.9486463 ], [ -80.1697003, 46.9490351 ], [ -80.1706682, 46.9491008 ], [ -80.1707962, 46.949195 ], [ -80.1708084, 46.9493528 ], [ -80.1710163, 46.9492377 ], [ -80.1711667, 46.9492461 ], [ -80.1712879, 46.9491283 ], [ -80.1713633, 46.9491039 ], [ -80.1713628, 46.9490459 ], [ -80.1713717, 46.949041 ], [ -80.1718761, 46.9482292 ], [ -80.1718947, 46.9482276 ], [ -80.1722516, 46.9478548 ], [ -80.1724413, 46.9475006 ], [ -80.172428, 46.9474568 ], [ -80.172707, 46.9464253 ], [ -80.1727968, 46.9463207 ], [ -80.1737433, 46.9465796 ], [ -80.1737335, 46.9465922 ], [ -80.1736854, 46.9467311 ], [ -80.173724, 46.946774 ], [ -80.1739395, 46.9468091 ], [ -80.1741048, 46.9466784 ], [ -80.1745332, 46.9467956 ], [ -80.1752366, 46.9472766 ], [ -80.1758222, 46.9464367 ], [ -80.175941, 46.9463644 ], [ -80.1759983, 46.946392 ], [ -80.1764476, 46.9467951 ], [ -80.1764328, 46.947031 ], [ -80.1760929, 46.9474708 ], [ -80.1750365, 46.9481242 ], [ -80.1755467, 46.9491239 ], [ -80.1755294, 46.9500934 ], [ -80.1752565, 46.9504244 ], [ -80.1752211, 46.9505653 ], [ -80.1755091, 46.9507772 ], [ -80.1755191, 46.9508064 ], [ -80.1755083, 46.9518222 ], [ -80.1757997, 46.951677 ], [ -80.1760444, 46.9513959 ], [ -80.1765335, 46.951182 ], [ -80.1768627, 46.9508505 ], [ -80.177485, 46.951025 ], [ -80.1791669, 46.9494556 ], [ -80.1793049, 46.9490295 ], [ -80.1794294, 46.9489299 ], [ -80.1795106, 46.9486956 ], [ -80.1794723, 46.9485127 ], [ -80.1795426, 46.9482957 ], [ -80.1798899, 46.9479871 ], [ -80.1798186, 46.9478839 ], [ -80.1796652, 46.9479172 ], [ -80.1797424, 46.947679 ], [ -80.1810007, 46.9473701 ], [ -80.1812443, 46.9471906 ], [ -80.1815676, 46.9470863 ], [ -80.1816686, 46.9468779 ], [ -80.1819894, 46.9466415 ], [ -80.1837202, 46.945896 ], [ -80.1849122, 46.9446962 ], [ -80.1851933, 46.944696 ], [ -80.186774, 46.9451178 ], [ -80.1871349, 46.9451581 ], [ -80.1876686, 46.9451283 ], [ -80.1877522, 46.9452309 ], [ -80.188028, 46.9452849 ], [ -80.1883832, 46.9451867 ], [ -80.1884891, 46.9450825 ], [ -80.1893065, 46.9450369 ], [ -80.1893412, 46.945049 ], [ -80.1893596, 46.9450339 ], [ -80.1917425, 46.9449009 ], [ -80.1917936, 46.9449247 ], [ -80.1921388, 46.9449716 ], [ -80.192326, 46.9448683 ], [ -80.1936457, 46.9447946 ], [ -80.1954304, 46.9437967 ], [ -80.1956611, 46.9437284 ], [ -80.1958009, 46.9435953 ], [ -80.1957529, 46.9432693 ], [ -80.195867, 46.943056 ], [ -80.1960785, 46.9428704 ], [ -80.1965056, 46.9427936 ], [ -80.1965291, 46.942806 ], [ -80.1970607, 46.9428556 ], [ -80.1973019, 46.9427389 ], [ -80.1973692, 46.9426384 ], [ -80.1987046, 46.9423983 ], [ -80.2004872, 46.9422751 ], [ -80.2007324, 46.9420307 ], [ -80.2009018, 46.9419666 ], [ -80.2049539, 46.9410475 ], [ -80.2054028, 46.9400203 ], [ -80.2060384, 46.9398851 ], [ -80.2061038, 46.9396574 ], [ -80.2064379, 46.93962 ], [ -80.2064283, 46.9389126 ], [ -80.2062972, 46.9388272 ], [ -80.2060505, 46.9388055 ], [ -80.2054059, 46.9389667 ], [ -80.2046068, 46.939497 ], [ -80.203642, 46.9404203 ], [ -80.2034486, 46.9405491 ], [ -80.2033098, 46.9406157 ], [ -80.2028543, 46.9407315 ], [ -80.2022773, 46.9408148 ], [ -80.2020332, 46.9409402 ], [ -80.2010189, 46.941198 ], [ -80.2006731, 46.9410832 ], [ -80.2005118, 46.9406566 ], [ -80.2001121, 46.9400326 ], [ -80.2002525, 46.9399362 ], [ -80.2013107, 46.9395855 ], [ -80.2012558, 46.9388158 ], [ -80.2010561, 46.9387742 ], [ -80.1997482, 46.9387636 ], [ -80.199414, 46.938801 ], [ -80.1993486, 46.9390287 ], [ -80.1991068, 46.9394569 ], [ -80.1976751, 46.9397654 ], [ -80.1971476, 46.94088 ], [ -80.1971019, 46.940919 ], [ -80.1969726, 46.9409736 ], [ -80.1966241, 46.9408555 ], [ -80.1964241, 46.9402864 ], [ -80.1960252, 46.9400113 ], [ -80.1960013, 46.9399611 ], [ -80.1957369, 46.9398357 ], [ -80.1934109, 46.9395955 ], [ -80.1895794, 46.9399541 ], [ -80.1887074, 46.9392258 ], [ -80.1886401, 46.9389949 ], [ -80.1883203, 46.9389521 ], [ -80.1878936, 46.9387544 ], [ -80.187824, 46.938569 ], [ -80.1883065, 46.9375 ], [ -80.2033986, 46.9375 ], [ -80.203132, 46.9381119 ], [ -80.2020578, 46.9386251 ], [ -80.203299, 46.9387898 ], [ -80.2040981, 46.9379112 ], [ -80.2038838, 46.9375 ], [ -80.2216306, 46.9375 ], [ -80.2218788, 46.9379623 ], [ -80.2230157, 46.9381191 ], [ -80.2234017, 46.937815 ], [ -80.2258868, 46.9375034 ], [ -80.25, 46.9375 ], [ -80.25, 46.9449189 ], [ -80.2498149, 46.9448038 ], [ -80.2490961, 46.9447151 ], [ -80.2481213, 46.9447865 ], [ -80.2476216, 46.9447607 ], [ -80.2469206, 46.9447756 ], [ -80.2466602, 46.944871 ], [ -80.2466519, 46.9449338 ], [ -80.2471931, 46.9451496 ], [ -80.2477195, 46.9452531 ], [ -80.2479804, 46.9453503 ], [ -80.2493489, 46.9454781 ], [ -80.249321, 46.9455763 ], [ -80.2499913, 46.9457672 ], [ -80.25, 46.9457676 ], [ -80.250486, 46.9571185 ], [ -80.2497201, 46.9568774 ], [ -80.2494894, 46.9563819 ], [ -80.2494715, 46.9557741 ], [ -80.2491595, 46.9553203 ], [ -80.2486629, 46.95513 ], [ -80.2481579, 46.9551584 ], [ -80.2479357, 46.9554044 ], [ -80.2478111, 46.9553612 ], [ -80.2477796, 46.9552072 ], [ -80.2477058, 46.9551494 ], [ -80.2475014, 46.9551988 ], [ -80.2472117, 46.9554178 ], [ -80.2472048, 46.9554533 ], [ -80.2466399, 46.9557561 ], [ -80.2464049, 46.9563597 ], [ -80.2463553, 46.9568533 ], [ -80.2461325, 46.9569939 ], [ -80.2459899, 46.9571358 ], [ -80.2459934, 46.9571443 ], [ -80.2456049, 46.9571652 ], [ -80.2450359, 46.9581547 ], [ -80.2447938, 46.9590505 ], [ -80.2482621, 46.9589698 ], [ -80.2484316, 46.9589055 ], [ -80.2486108, 46.9586847 ], [ -80.2489101, 46.9586437 ], [ -80.2498123, 46.9583955 ], [ -80.25, 46.9583125 ], [ -80.25, 46.9898351 ], [ -80.2491171, 46.9895213 ], [ -80.2467166, 46.9898392 ], [ -80.2466532, 46.9903331 ], [ -80.2459298, 46.990372 ], [ -80.2459222, 46.9908357 ], [ -80.2458308, 46.9913185 ], [ -80.2457199, 46.9914095 ], [ -80.2447294, 46.991443 ], [ -80.2426293, 46.9914336 ], [ -80.2424277, 46.9914743 ], [ -80.2423624, 46.9917021 ], [ -80.2416349, 46.9925287 ], [ -80.2403743, 46.9927649 ], [ -80.2391664, 46.9932755 ], [ -80.2400465, 46.993892 ], [ -80.2400453, 46.9938966 ], [ -80.2391599, 46.9941086 ], [ -80.2390198, 46.9960661 ], [ -80.2387376, 46.9965338 ], [ -80.2387598, 46.9967024 ], [ -80.2388911, 46.9967878 ], [ -80.239138, 46.9968044 ], [ -80.2391239, 46.9968897 ], [ -80.2392559, 46.9970118 ], [ -80.239494, 46.9970595 ], [ -80.2398624, 46.9968934 ], [ -80.2399031, 46.9976207 ], [ -80.239905, 46.9978868 ], [ -80.2398898, 46.9989449 ], [ -80.239887, 46.9989474 ], [ -80.2398545, 46.9992355 ], [ -80.2398232, 46.9992487 ], [ -80.2396526, 46.999432 ], [ -80.2397435, 46.9996729 ], [ -80.2398602, 47.0000347 ], [ -80.233334, 47.0 ], [ -80.2166667, 47.0 ], [ -80.2162677, 47.0000301 ], [ -80.2160775, 46.9987069 ], [ -80.2154576, 46.9980197 ], [ -80.2158395, 46.9974582 ], [ -80.2158132, 46.9974337 ], [ -80.2158762, 46.9973908 ], [ -80.2157033, 46.9972711 ], [ -80.2156183, 46.9972521 ], [ -80.2151606, 46.9968256 ], [ -80.2142746, 46.9966363 ], [ -80.2128951, 46.9965279 ], [ -80.2128214, 46.9963826 ], [ -80.2124383, 46.9962515 ], [ -80.2123068, 46.9960883 ], [ -80.212033, 46.9961709 ], [ -80.211837, 46.9961681 ], [ -80.2116726, 46.9962626 ], [ -80.2107301, 46.9963463 ], [ -80.2107955, 46.9966701 ], [ -80.2107435, 46.9967336 ], [ -80.2107395, 46.9968613 ], [ -80.2108546, 46.9969622 ], [ -80.2110117, 46.9977397 ], [ -80.2121003, 46.9981177 ], [ -80.2128157, 46.9991871 ], [ -80.2137232, 46.9994089 ], [ -80.2137628, 46.9994322 ], [ -80.2140545, 46.9995343 ], [ -80.2145302, 47.0000393 ], [ -80.2, 47.0 ], [ -80.183333, 47.0 ], [ -80.1738644, 47.0 ], [ -80.173873, 46.9999743 ], [ -80.173943, 46.9999788 ], [ -80.1743314, 46.999941 ], [ -80.1745711, 46.9990894 ], [ -80.1747715, 46.9990589 ], [ -80.1749514, 46.9983087 ], [ -80.1755848, 46.9974487 ], [ -80.1753849, 46.9968661 ], [ -80.1748114, 46.9966263 ], [ -80.1744097, 46.9971662 ], [ -80.1733228, 46.9985551 ], [ -80.1731237, 46.9985161 ], [ -80.1724967, 46.9986619 ], [ -80.1719464, 46.9986642 ], [ -80.171738, 46.9986854 ], [ -80.1719365, 46.9988758 ], [ -80.1718113, 46.998899 ], [ -80.171498, 46.9998017 ], [ -80.171715, 46.9999104 ], [ -80.172086, 47.0 ], [ -80.1666667, 47.0 ], [ -80.149999, 47.0 ], [ -80.133333, 47.0 ], [ -80.125, 47.0 ], [ -80.124179, 47.000108 ], [ -80.125, 46.9995512 ], [ -80.1250498, 46.999498 ] ], [ [ -80.2450399, 46.9412269 ], [ -80.245374, 46.9411893 ], [ -80.2454392, 46.9409616 ], [ -80.2455672, 46.9405516 ], [ -80.2458503, 46.9401574 ], [ -80.245624, 46.940127 ], [ -80.2456372, 46.9400771 ], [ -80.2454585, 46.9398191 ], [ -80.2454082, 46.9394994 ], [ -80.2450951, 46.9394762 ], [ -80.2444693, 46.9396224 ], [ -80.2443977, 46.9396644 ], [ -80.2440568, 46.9396931 ], [ -80.2434854, 46.9398756 ], [ -80.2429042, 46.9400474 ], [ -80.240723, 46.9401251 ], [ -80.2405463, 46.9406373 ], [ -80.24045, 46.9407225 ], [ -80.2403583, 46.9407168 ], [ -80.2392944, 46.940435 ], [ -80.2392685, 46.9403847 ], [ -80.2392377, 46.9403756 ], [ -80.2387466, 46.9398419 ], [ -80.2379737, 46.939561 ], [ -80.2378677, 46.9395667 ], [ -80.2377232, 46.9395113 ], [ -80.2373817, 46.9394927 ], [ -80.237325, 46.9395018 ], [ -80.2373443, 46.9395948 ], [ -80.2372511, 46.9395998 ], [ -80.2371748, 46.9397433 ], [ -80.237143, 46.9410763 ], [ -80.2370057, 46.941164 ], [ -80.2367596, 46.9411792 ], [ -80.2364586, 46.9414696 ], [ -80.2362132, 46.9415215 ], [ -80.2349711, 46.9413204 ], [ -80.2340091, 46.9408897 ], [ -80.2329705, 46.9412623 ], [ -80.2328428, 46.9413607 ], [ -80.2329239, 46.9416199 ], [ -80.2328827, 46.941633 ], [ -80.232649, 46.941806 ], [ -80.2326667, 46.9419097 ], [ -80.2329923, 46.9420907 ], [ -80.2330751, 46.9421038 ], [ -80.233199, 46.9424999 ], [ -80.233752, 46.9426811 ], [ -80.2347743, 46.9427825 ], [ -80.2350206, 46.9426116 ], [ -80.2351907, 46.9425841 ], [ -80.2363004, 46.9426628 ], [ -80.2361726, 46.9427248 ], [ -80.2362328, 46.9428995 ], [ -80.2370103, 46.9430895 ], [ -80.2377026, 46.9429449 ], [ -80.238064, 46.9427878 ], [ -80.2383128, 46.9428054 ], [ -80.2425927, 46.9432781 ], [ -80.2426654, 46.9432574 ], [ -80.2428581, 46.9432844 ], [ -80.2430708, 46.9431721 ], [ -80.243113, 46.9428948 ], [ -80.2429873, 46.9425996 ], [ -80.2425855, 46.9423197 ], [ -80.2424429, 46.9415399 ], [ -80.2424885, 46.9414465 ], [ -80.2450399, 46.9412269 ] ], [ [ -80.2454822, 46.9475491 ], [ -80.2455623, 46.947278 ], [ -80.2455136, 46.946876 ], [ -80.2455548, 46.9467177 ], [ -80.2457396, 46.9462985 ], [ -80.2456944, 46.9460804 ], [ -80.2454044, 46.945951 ], [ -80.2452671, 46.9460387 ], [ -80.2447652, 46.9465624 ], [ -80.2441562, 46.9469313 ], [ -80.243628, 46.9470659 ], [ -80.243201, 46.9473725 ], [ -80.2428344, 46.9482023 ], [ -80.2426005, 46.9485311 ], [ -80.2425996, 46.9486501 ], [ -80.242619, 46.9486715 ], [ -80.2429539, 46.9486707 ], [ -80.2437556, 46.9481313 ], [ -80.2444219, 46.9479458 ], [ -80.2451806, 46.9478028 ], [ -80.2454822, 46.9475491 ] ], [ [ -80.2181541, 46.9470379 ], [ -80.2179523, 46.946886 ], [ -80.2177683, 46.9468589 ], [ -80.2177622, 46.9468552 ], [ -80.2177495, 46.9468561 ], [ -80.2160928, 46.9466121 ], [ -80.2159994, 46.9466886 ], [ -80.2157808, 46.9475148 ], [ -80.2161133, 46.9475595 ], [ -80.2161901, 46.947957 ], [ -80.2163212, 46.9480424 ], [ -80.2178074, 46.9480615 ], [ -80.2179583, 46.9480694 ], [ -80.2179779, 46.9480637 ], [ -80.2185333, 46.9480709 ], [ -80.2184778, 46.9479198 ], [ -80.2185082, 46.9479111 ], [ -80.2184587, 46.9472797 ], [ -80.2181807, 46.9471102 ], [ -80.2181541, 46.9470379 ] ], [ [ -80.2406055, 46.9479516 ], [ -80.2404106, 46.9470035 ], [ -80.2389098, 46.9466598 ], [ -80.2385122, 46.9456789 ], [ -80.2383684, 46.9455915 ], [ -80.2378897, 46.9455049 ], [ -80.2372608, 46.9461638 ], [ -80.2370778, 46.9468491 ], [ -80.2374104, 46.9468938 ], [ -80.2374653, 46.9471226 ], [ -80.2376328, 46.9472184 ], [ -80.2378621, 46.9475626 ], [ -80.2380546, 46.9480521 ], [ -80.2380692, 46.9484136 ], [ -80.2375925, 46.948848 ], [ -80.2374427, 46.949282 ], [ -80.2374976, 46.9495109 ], [ -80.2378302, 46.9495555 ], [ -80.2390056, 46.9495625 ], [ -80.2396431, 46.9486849 ], [ -80.2394075, 46.9480877 ], [ -80.2406055, 46.9479516 ] ], [ [ -80.2287396, 46.9513835 ], [ -80.228678, 46.951132 ], [ -80.2287865, 46.9510153 ], [ -80.2288774, 46.9506359 ], [ -80.2288832, 46.9502702 ], [ -80.2287744, 46.9501976 ], [ -80.2286417, 46.9501944 ], [ -80.2282312, 46.9503754 ], [ -80.2280789, 46.9504824 ], [ -80.227563, 46.9502947 ], [ -80.2273602, 46.9502618 ], [ -80.2273413, 46.9502659 ], [ -80.2270016, 46.9501763 ], [ -80.226642, 46.9502097 ], [ -80.2264345, 46.9502677 ], [ -80.2262856, 46.9505828 ], [ -80.2262879, 46.9505866 ], [ -80.2260878, 46.9506515 ], [ -80.2259661, 46.9507327 ], [ -80.2267525, 46.951905 ], [ -80.2272332, 46.9517018 ], [ -80.2272511, 46.9517016 ], [ -80.2272959, 46.9516752 ], [ -80.2277243, 46.9514941 ], [ -80.2287396, 46.9513835 ] ], [ [ -80.2379477, 46.9512702 ], [ -80.2379249, 46.9510649 ], [ -80.2377341, 46.9509973 ], [ -80.2373957, 46.9510344 ], [ -80.2373962, 46.9510068 ], [ -80.237268, 46.9509127 ], [ -80.2370182, 46.9508998 ], [ -80.2366804, 46.9507891 ], [ -80.2364735, 46.9505 ], [ -80.2359801, 46.950301 ], [ -80.2354781, 46.9503205 ], [ -80.2351012, 46.9505358 ], [ -80.2350551, 46.9503437 ], [ -80.2344992, 46.9505196 ], [ -80.2338658, 46.9506095 ], [ -80.2338036, 46.9508286 ], [ -80.2334664, 46.9508748 ], [ -80.2330808, 46.9508674 ], [ -80.2333243, 46.9515576 ], [ -80.2333797, 46.9516014 ], [ -80.2333971, 46.9517343 ], [ -80.2338586, 46.9519099 ], [ -80.2346319, 46.952035 ], [ -80.2347845, 46.9520354 ], [ -80.2350375, 46.9521007 ], [ -80.2366074, 46.9522448 ], [ -80.2366379, 46.9522444 ], [ -80.2367736, 46.9523451 ], [ -80.2371085, 46.9523443 ], [ -80.2373153, 46.9522494 ], [ -80.2373339, 46.9521766 ], [ -80.2373766, 46.9521493 ], [ -80.2373792, 46.9519997 ], [ -80.2374301, 46.9518005 ], [ -80.2379477, 46.9512702 ] ], [ [ -80.2204002, 46.9540566 ], [ -80.2204839, 46.9539693 ], [ -80.2204171, 46.9537752 ], [ -80.2199901, 46.9535776 ], [ -80.219942, 46.9535631 ], [ -80.2201141, 46.9534511 ], [ -80.2185652, 46.9528976 ], [ -80.2183847, 46.9528775 ], [ -80.217934, 46.9535027 ], [ -80.2178007, 46.9535987 ], [ -80.2171627, 46.9545354 ], [ -80.2169193, 46.9546383 ], [ -80.2160723, 46.9548035 ], [ -80.2157754, 46.9548482 ], [ -80.2157507, 46.9548431 ], [ -80.2152069, 46.9544799 ], [ -80.2150204, 46.9544772 ], [ -80.2148073, 46.9547451 ], [ -80.2148374, 46.9550067 ], [ -80.2152094, 46.9554795 ], [ -80.2154183, 46.9558433 ], [ -80.2159221, 46.95609 ], [ -80.2160772, 46.956106 ], [ -80.21614, 46.9560181 ], [ -80.2164479, 46.9561569 ], [ -80.2174031, 46.9557604 ], [ -80.217455, 46.9557609 ], [ -80.2176387, 46.9556165 ], [ -80.2176447, 46.9555366 ], [ -80.218168, 46.9550148 ], [ -80.2186483, 46.954671 ], [ -80.2190432, 46.9541483 ], [ -80.2193903, 46.9539223 ], [ -80.2198377, 46.9540571 ], [ -80.2204002, 46.9540566 ] ], [ [ -80.2223896, 46.9548464 ], [ -80.222726, 46.9552675 ], [ -80.2243317, 46.9554635 ], [ -80.2245169, 46.9553926 ], [ -80.2247396, 46.9551354 ], [ -80.2235635, 46.9545874 ], [ -80.2223526, 46.9547212 ], [ -80.2223896, 46.9548464 ] ], [ [ -80.2350925, 46.9615964 ], [ -80.2356896, 46.961418 ], [ -80.2365578, 46.9605319 ], [ -80.2366111, 46.9603389 ], [ -80.2363882, 46.9598566 ], [ -80.236642, 46.959629 ], [ -80.2366482, 46.9594558 ], [ -80.2365687, 46.9592596 ], [ -80.2360915, 46.9590907 ], [ -80.2360027, 46.9590764 ], [ -80.2352295, 46.9592995 ], [ -80.2352062, 46.9593095 ], [ -80.2349252, 46.9592503 ], [ -80.2348744, 46.9594524 ], [ -80.2342859, 46.9597059 ], [ -80.2335263, 46.9603163 ], [ -80.2330425, 46.9609804 ], [ -80.232661, 46.961311 ], [ -80.2321369, 46.961393 ], [ -80.2319665, 46.9615762 ], [ -80.2311446, 46.9619015 ], [ -80.230937, 46.9624637 ], [ -80.2316681, 46.9625179 ], [ -80.231726, 46.9627381 ], [ -80.2324065, 46.9626282 ], [ -80.2338635, 46.9617824 ], [ -80.2350925, 46.9615964 ] ], [ [ -80.2283265, 46.9624627 ], [ -80.2288904, 46.9625357 ], [ -80.2295198, 46.9627292 ], [ -80.2298414, 46.9626896 ], [ -80.2299201, 46.9625007 ], [ -80.2298339, 46.9622851 ], [ -80.2293117, 46.9622464 ], [ -80.2290247, 46.9621083 ], [ -80.2286086, 46.9619951 ], [ -80.2282639, 46.9619851 ], [ -80.2279707, 46.9620201 ], [ -80.2283265, 46.9624627 ] ], [ [ -80.2246024, 46.9627396 ], [ -80.2241784, 46.9628818 ], [ -80.2240497, 46.9630993 ], [ -80.2242433, 46.9633139 ], [ -80.2247338, 46.9635217 ], [ -80.2246292, 46.9640181 ], [ -80.2251534, 46.9646713 ], [ -80.2251536, 46.965368 ], [ -80.2257128, 46.9660361 ], [ -80.2259171, 46.9661425 ], [ -80.2263264, 46.9658879 ], [ -80.2268177, 46.9654095 ], [ -80.2269592, 46.9654129 ], [ -80.2270104, 46.9652219 ], [ -80.2272502, 46.9646075 ], [ -80.2277591, 46.9640666 ], [ -80.2273849, 46.9629794 ], [ -80.2266635, 46.9629359 ], [ -80.2266036, 46.9627309 ], [ -80.2266774, 46.9626632 ], [ -80.2267053, 46.962466 ], [ -80.2262122, 46.9624595 ], [ -80.2257121, 46.9625893 ], [ -80.2248684, 46.9627036 ], [ -80.2247755, 46.9627035 ], [ -80.2247539, 46.9627191 ], [ -80.2246024, 46.9627396 ] ], [ [ -80.2261078, 46.9667142 ], [ -80.2257889, 46.9669009 ], [ -80.226038, 46.9673812 ], [ -80.2266022, 46.9678026 ], [ -80.2267093, 46.9679574 ], [ -80.2266627, 46.9681699 ], [ -80.2267245, 46.9682624 ], [ -80.2269998, 46.9682795 ], [ -80.2274989, 46.9679203 ], [ -80.2276192, 46.9677656 ], [ -80.2274099, 46.9675575 ], [ -80.2268119, 46.9673507 ], [ -80.2264092, 46.9667722 ], [ -80.2261078, 46.9667142 ] ], [ [ -80.2440556, 46.9696094 ], [ -80.2442938, 46.9695012 ], [ -80.2450554, 46.968497 ], [ -80.2447985, 46.9681163 ], [ -80.2445362, 46.9672856 ], [ -80.2442774, 46.9671429 ], [ -80.2438887, 46.9671442 ], [ -80.243627, 46.9675144 ], [ -80.2433394, 46.9683478 ], [ -80.2430766, 46.9684886 ], [ -80.2432918, 46.9693392 ], [ -80.2440556, 46.9696094 ] ], [ [ -80.2308232, 46.9692284 ], [ -80.2314243, 46.9689224 ], [ -80.2319203, 46.9685719 ], [ -80.231981, 46.968435 ], [ -80.2320419, 46.9681424 ], [ -80.2317952, 46.967965 ], [ -80.2313133, 46.967887 ], [ -80.2305762, 46.9678501 ], [ -80.2300622, 46.9677486 ], [ -80.2299264, 46.9677541 ], [ -80.229483, 46.9678748 ], [ -80.2292635, 46.9679676 ], [ -80.22904, 46.9681881 ], [ -80.229126, 46.96842 ], [ -80.2289433, 46.9684291 ], [ -80.2288786, 46.9691978 ], [ -80.229126, 46.969412 ], [ -80.2300425, 46.9697437 ], [ -80.2301175, 46.9695267 ], [ -80.2304422, 46.9694784 ], [ -80.2304442, 46.9693555 ], [ -80.2308232, 46.9692284 ] ], [ [ -80.2157621, 46.9715011 ], [ -80.2151453, 46.9713095 ], [ -80.2147592, 46.9711094 ], [ -80.214369, 46.9706887 ], [ -80.2143494, 46.9703955 ], [ -80.2144884, 46.9703047 ], [ -80.2148708, 46.9697799 ], [ -80.2159512, 46.969405 ], [ -80.2152199, 46.9683056 ], [ -80.2151081, 46.9682416 ], [ -80.2150424, 46.9682768 ], [ -80.2145183, 46.9686839 ], [ -80.2144895, 46.9686364 ], [ -80.2142512, 46.9683961 ], [ -80.2139789, 46.9683703 ], [ -80.2135431, 46.9683914 ], [ -80.2133292, 46.9686225 ], [ -80.2133275, 46.9687048 ], [ -80.213922, 46.968989 ], [ -80.2131007, 46.9690897 ], [ -80.2130936, 46.9694002 ], [ -80.2124343, 46.9694676 ], [ -80.2124193, 46.969511 ], [ -80.2122595, 46.9695859 ], [ -80.2122778, 46.9697264 ], [ -80.2125632, 46.9699468 ], [ -80.2128518, 46.9700028 ], [ -80.2132043, 46.9702616 ], [ -80.2148006, 46.9716478 ], [ -80.215383, 46.9718614 ], [ -80.2155522, 46.971953 ], [ -80.2158323, 46.9722275 ], [ -80.2163757, 46.9725539 ], [ -80.2165545, 46.9727702 ], [ -80.2165907, 46.9729004 ], [ -80.2166711, 46.9729112 ], [ -80.2167345, 46.9729879 ], [ -80.2169526, 46.9730563 ], [ -80.2169812, 46.9731654 ], [ -80.2177941, 46.9730221 ], [ -80.2173932, 46.9723612 ], [ -80.2170317, 46.9721285 ], [ -80.216616, 46.9710069 ], [ -80.2159509, 46.97111 ], [ -80.2158322, 46.9715185 ], [ -80.2157621, 46.9715011 ] ], [ [ -80.2229118, 46.9726684 ], [ -80.2236991, 46.9726768 ], [ -80.2238535, 46.9714551 ], [ -80.2243547, 46.9712062 ], [ -80.2246041, 46.9706783 ], [ -80.2244923, 46.9706143 ], [ -80.2221719, 46.970431 ], [ -80.2219733, 46.970463 ], [ -80.2218746, 46.9705937 ], [ -80.2216406, 46.9716192 ], [ -80.2223773, 46.9719677 ], [ -80.2229118, 46.9726684 ] ], [ [ -80.2193822, 46.9710242 ], [ -80.2189218, 46.9717747 ], [ -80.2189179, 46.9719024 ], [ -80.22008, 46.9721823 ], [ -80.2203286, 46.9721217 ], [ -80.2207318, 46.9711878 ], [ -80.2193822, 46.9710242 ] ], [ [ -80.2344465, 46.9751773 ], [ -80.2346513, 46.9749721 ], [ -80.2351395, 46.9748769 ], [ -80.2355636, 46.9747347 ], [ -80.2356072, 46.9745309 ], [ -80.23547, 46.9744629 ], [ -80.2354315, 46.9742642 ], [ -80.2357214, 46.9740452 ], [ -80.2362612, 46.9738393 ], [ -80.2367833, 46.9735296 ], [ -80.2367969, 46.9734126 ], [ -80.2365799, 46.9733042 ], [ -80.236053, 46.9733564 ], [ -80.2356289, 46.9734986 ], [ -80.2352652, 46.9736598 ], [ -80.2347659, 46.9741748 ], [ -80.2343603, 46.9744575 ], [ -80.2340434, 46.9747546 ], [ -80.2336822, 46.9752186 ], [ -80.2337881, 46.9752999 ], [ -80.2339977, 46.9753522 ], [ -80.2344465, 46.9751773 ] ], [ [ -80.2387483, 46.9823449 ], [ -80.2392903, 46.9822493 ], [ -80.2392801, 46.9819876 ], [ -80.2393385, 46.9819545 ], [ -80.2393493, 46.9816905 ], [ -80.2387757, 46.981451 ], [ -80.2385593, 46.9808752 ], [ -80.2381854, 46.9803289 ], [ -80.2375735, 46.9802391 ], [ -80.2369946, 46.9800537 ], [ -80.2365031, 46.9800499 ], [ -80.2360259, 46.9799887 ], [ -80.2355025, 46.9800422 ], [ -80.2350309, 46.9800386 ], [ -80.2347214, 46.9803918 ], [ -80.2342285, 46.9805779 ], [ -80.2348133, 46.9812501 ], [ -80.2361839, 46.9816643 ], [ -80.2364798, 46.9819322 ], [ -80.2369305, 46.9830318 ], [ -80.2381371, 46.9833003 ], [ -80.2387139, 46.9823698 ], [ -80.2387483, 46.9823449 ] ], [ [ -80.2192749, 46.9820259 ], [ -80.2191464, 46.9820876 ], [ -80.2196009, 46.9829037 ], [ -80.2203243, 46.982865 ], [ -80.2203977, 46.9827302 ], [ -80.2204001, 46.9818322 ], [ -80.2192749, 46.9820259 ] ], [ [ -80.2154191, 46.993677 ], [ -80.2149537, 46.9934732 ], [ -80.2144125, 46.9931071 ], [ -80.2143225, 46.9928576 ], [ -80.2143365, 46.9925848 ], [ -80.2134288, 46.9925885 ], [ -80.2132721, 46.9924857 ], [ -80.2131525, 46.9925214 ], [ -80.2130836, 46.9925899 ], [ -80.2129008, 46.9925906 ], [ -80.2127759, 46.9926804 ], [ -80.2127442, 46.9928495 ], [ -80.2134382, 46.993787 ], [ -80.2141072, 46.9938665 ], [ -80.2149401, 46.994287 ], [ -80.2154219, 46.9941725 ], [ -80.2158496, 46.9942143 ], [ -80.2164149, 46.9941683 ], [ -80.2163114, 46.9940415 ], [ -80.2158743, 46.9938332 ], [ -80.2154191, 46.993677 ] ], [ [ -80.2264735, 46.9962735 ], [ -80.2268874, 46.9960838 ], [ -80.2271715, 46.9958822 ], [ -80.2277131, 46.9952456 ], [ -80.2277134, 46.9950898 ], [ -80.2275914, 46.9948225 ], [ -80.2272894, 46.994572 ], [ -80.2269752, 46.994512 ], [ -80.226475, 46.994486 ], [ -80.2260634, 46.9946302 ], [ -80.225769, 46.9947843 ], [ -80.2252866, 46.9952104 ], [ -80.2241474, 46.9963737 ], [ -80.223873, 46.996586 ], [ -80.2236785, 46.9968387 ], [ -80.2236021, 46.9969822 ], [ -80.2239377, 46.9971741 ], [ -80.224102, 46.997164 ], [ -80.2246108, 46.9969713 ], [ -80.2250282, 46.9969655 ], [ -80.225452, 46.9971349 ], [ -80.2255632, 46.9971621 ], [ -80.2256978, 46.997083 ], [ -80.2255373, 46.996617 ], [ -80.225643, 46.9963499 ], [ -80.2259128, 46.9962286 ], [ -80.2262464, 46.9963101 ], [ -80.2264735, 46.9962735 ] ], [ [ -80.2345434, 46.9976197 ], [ -80.2344086, 46.9979331 ], [ -80.2340918, 46.9980744 ], [ -80.2340865, 46.9981285 ], [ -80.2346531, 46.9986602 ], [ -80.2347193, 46.9988176 ], [ -80.2346023, 46.9991562 ], [ -80.2346956, 46.9992355 ], [ -80.2350168, 46.9991591 ], [ -80.2351447, 46.9992026 ], [ -80.2351474, 46.9992077 ], [ -80.2351624, 46.9992086 ], [ -80.2353765, 46.9992814 ], [ -80.2354568, 46.9992263 ], [ -80.2358693, 46.9992511 ], [ -80.235937, 46.9994821 ], [ -80.2369864, 46.9992759 ], [ -80.2379266, 46.9981445 ], [ -80.2383246, 46.997613 ], [ -80.238326, 46.9974782 ], [ -80.2385584, 46.9975958 ], [ -80.2386876, 46.9975708 ], [ -80.2387282, 46.9973757 ], [ -80.2385337, 46.9971243 ], [ -80.238331, 46.9970044 ], [ -80.2383359, 46.9965331 ], [ -80.2379195, 46.996644 ], [ -80.2377056, 46.9966512 ], [ -80.2373779, 46.9965523 ], [ -80.2371786, 46.9965476 ], [ -80.2369086, 46.9967252 ], [ -80.2343932, 46.9967755 ], [ -80.2344047, 46.99684 ], [ -80.2341601, 46.9968295 ], [ -80.2344605, 46.9971623 ], [ -80.2344621, 46.9971629 ], [ -80.2345434, 46.9976197 ] ], [ [ -80.223302, 46.9993998 ], [ -80.225511, 46.9992898 ], [ -80.2288709, 46.99899 ], [ -80.229134, 46.9988492 ], [ -80.2300372, 46.9980969 ], [ -80.2292498, 46.9979328 ], [ -80.2260955, 46.9980642 ], [ -80.2258777, 46.9980632 ], [ -80.2256073, 46.9980035 ], [ -80.2243999, 46.9980465 ], [ -80.2240729, 46.9979844 ], [ -80.223916, 46.9980507 ], [ -80.2239126, 46.998054 ], [ -80.2225369, 46.9980475 ], [ -80.2226846, 46.9985114 ], [ -80.223302, 46.9993998 ] ], [ [ -80.2109152, 46.9488892 ], [ -80.2112177, 46.9486724 ], [ -80.2112724, 46.9478563 ], [ -80.2130297, 46.9466838 ], [ -80.2127033, 46.9466116 ], [ -80.2127064, 46.9464572 ], [ -80.2124839, 46.9462103 ], [ -80.2116183, 46.9458158 ], [ -80.2114789, 46.9453232 ], [ -80.2112291, 46.9453102 ], [ -80.2111011, 46.9452161 ], [ -80.2110913, 46.9445087 ], [ -80.2107884, 46.9443453 ], [ -80.2108361, 46.9435049 ], [ -80.2107351, 46.9433327 ], [ -80.2106559, 46.9432495 ], [ -80.210716, 46.9431554 ], [ -80.2106583, 46.9429353 ], [ -80.2100013, 46.9428378 ], [ -80.2099962, 46.9428369 ], [ -80.2099386, 46.9426169 ], [ -80.209378, 46.9425173 ], [ -80.2093867, 46.9423165 ], [ -80.2093586, 46.9421653 ], [ -80.2091052, 46.9421006 ], [ -80.2089841, 46.9418938 ], [ -80.2082263, 46.9416104 ], [ -80.2081467, 46.9415288 ], [ -80.2080616, 46.9415488 ], [ -80.2079886, 46.9415215 ], [ -80.207318, 46.9416418 ], [ -80.2070205, 46.9419602 ], [ -80.2062771, 46.9422521 ], [ -80.2058966, 46.9426945 ], [ -80.2055994, 46.9428571 ], [ -80.2052652, 46.9428946 ], [ -80.2052015, 46.9433884 ], [ -80.205042, 46.9435085 ], [ -80.2048506, 46.9435515 ], [ -80.2045223, 46.9437674 ], [ -80.2032241, 46.9439201 ], [ -80.2017666, 46.9440319 ], [ -80.2011121, 46.944879 ], [ -80.2009717, 46.9449754 ], [ -80.2000476, 46.9447063 ], [ -80.2001533, 46.9450879 ], [ -80.1999534, 46.9450943 ], [ -80.1999488, 46.9451852 ], [ -80.1998921, 46.9451944 ], [ -80.2001404, 46.9458305 ], [ -80.2003975, 46.9459692 ], [ -80.2004225, 46.9460596 ], [ -80.2006021, 46.9460402 ], [ -80.2006277, 46.9460471 ], [ -80.2011103, 46.9460062 ], [ -80.2011868, 46.945977 ], [ -80.201813, 46.9459094 ], [ -80.2024972, 46.9454796 ], [ -80.2029584, 46.9456553 ], [ -80.2029876, 46.9460218 ], [ -80.20188, 46.9466445 ], [ -80.2015874, 46.9474128 ], [ -80.2015874, 46.9475155 ], [ -80.2013645, 46.94767 ], [ -80.2013592, 46.9477241 ], [ -80.2015876, 46.9478411 ], [ -80.2015876, 46.9479537 ], [ -80.201961, 46.9480509 ], [ -80.2019397, 46.9485608 ], [ -80.2022296, 46.9486904 ], [ -80.2024745, 46.9487301 ], [ -80.2027656, 46.949321 ], [ -80.2027602, 46.9495556 ], [ -80.2029387, 46.9497044 ], [ -80.2029569, 46.9499542 ], [ -80.2028171, 46.9504357 ], [ -80.2013974, 46.9509021 ], [ -80.2012651, 46.9511779 ], [ -80.2012132, 46.9512022 ], [ -80.2007333, 46.9519901 ], [ -80.2005196, 46.9521622 ], [ -80.2005754, 46.9531613 ], [ -80.1998731, 46.9539915 ], [ -80.1997636, 46.9542304 ], [ -80.1999226, 46.9553958 ], [ -80.1998464, 46.9554997 ], [ -80.1997293, 46.9558383 ], [ -80.2000195, 46.9561604 ], [ -80.2000311, 46.9561905 ], [ -80.200052, 46.9563442 ], [ -80.199959, 46.9564897 ], [ -80.1998959, 46.956672 ], [ -80.2001064, 46.9567428 ], [ -80.2001384, 46.9569772 ], [ -80.2003986, 46.9570377 ], [ -80.2014649, 46.9569357 ], [ -80.2027397, 46.95596 ], [ -80.2026373, 46.9560625 ], [ -80.202667, 46.9561315 ], [ -80.2028384, 46.9561777 ], [ -80.2031981, 46.9561443 ], [ -80.2032835, 46.9559749 ], [ -80.2032897, 46.9557604 ], [ -80.2046076, 46.9552821 ], [ -80.2051755, 46.9541825 ], [ -80.2044376, 46.9532195 ], [ -80.2041295, 46.9526012 ], [ -80.2042035, 46.9525032 ], [ -80.2050639, 46.9520286 ], [ -80.2052684, 46.9509342 ], [ -80.2058768, 46.9506846 ], [ -80.2069653, 46.9505953 ], [ -80.2083806, 46.9497157 ], [ -80.2086308, 46.9497013 ], [ -80.2093849, 46.9498694 ], [ -80.210473, 46.9499358 ], [ -80.2106738, 46.9498584 ], [ -80.2106934, 46.9497241 ], [ -80.2098412, 46.9495262 ], [ -80.2098402, 46.9493657 ], [ -80.2089479, 46.9491202 ], [ -80.2095963, 46.9482904 ], [ -80.2097121, 46.9482266 ], [ -80.2097978, 46.9482497 ], [ -80.210678, 46.9488783 ], [ -80.2109152, 46.9488892 ] ], [ [ -80.1688138, 46.9533283 ], [ -80.1688256, 46.9536419 ], [ -80.1690852, 46.9538583 ], [ -80.1694105, 46.953847 ], [ -80.169525, 46.9537098 ], [ -80.1695608, 46.9532205 ], [ -80.1692814, 46.9531384 ], [ -80.1688138, 46.9533283 ] ], [ [ -80.200587, 46.9617161 ], [ -80.2011402, 46.9615492 ], [ -80.2017738, 46.9614594 ], [ -80.2020261, 46.9607303 ], [ -80.2022009, 46.9590261 ], [ -80.2007901, 46.9584213 ], [ -80.2006169, 46.9584574 ], [ -80.2002365, 46.958744 ], [ -80.1999699, 46.959205 ], [ -80.1999594, 46.9593364 ], [ -80.1998387, 46.9594679 ], [ -80.199861, 46.959829 ], [ -80.1998993, 46.9600852 ], [ -80.1998791, 46.9603369 ], [ -80.1997721, 46.9605113 ], [ -80.1998238, 46.9607489 ], [ -80.1998442, 46.9607725 ], [ -80.1998124, 46.9611687 ], [ -80.1997983, 46.9614415 ], [ -80.200587, 46.9617161 ] ], [ [ -80.1934449, 46.9617306 ], [ -80.1950963, 46.9600551 ], [ -80.1956796, 46.9585638 ], [ -80.1963093, 46.9579051 ], [ -80.1962714, 46.9577605 ], [ -80.1962957, 46.9576737 ], [ -80.1961296, 46.9575734 ], [ -80.1956939, 46.9575944 ], [ -80.1954813, 46.957899 ], [ -80.1952026, 46.9580463 ], [ -80.1943882, 46.9582717 ], [ -80.1942092, 46.9583991 ], [ -80.1939328, 46.9584269 ], [ -80.1929574, 46.9588462 ], [ -80.1917259, 46.9590771 ], [ -80.1909545, 46.959488 ], [ -80.1906311, 46.959532 ], [ -80.1900949, 46.9597658 ], [ -80.1896869, 46.9597453 ], [ -80.1893663, 46.9596658 ], [ -80.1893005, 46.959701 ], [ -80.1892522, 46.9600109 ], [ -80.1891766, 46.96002 ], [ -80.1891211, 46.9603039 ], [ -80.18901, 46.9604239 ], [ -80.1889838, 46.9607313 ], [ -80.1883945, 46.9610023 ], [ -80.1882793, 46.9611028 ], [ -80.1881534, 46.9613116 ], [ -80.1882457, 46.9617024 ], [ -80.1882272, 46.9619103 ], [ -80.1877491, 46.9618602 ], [ -80.1875936, 46.9619999 ], [ -80.1875734, 46.96229 ], [ -80.1874886, 46.9624963 ], [ -80.1871474, 46.9628626 ], [ -80.1870787, 46.9634473 ], [ -80.187193, 46.9636508 ], [ -80.1871495, 46.9640547 ], [ -80.1877938, 46.9642321 ], [ -80.1877717, 46.964385 ], [ -80.1878249, 46.964765 ], [ -80.1875243, 46.9654083 ], [ -80.1875429, 46.9655025 ], [ -80.1874985, 46.9655599 ], [ -80.1870361, 46.9660441 ], [ -80.1871232, 46.9661408 ], [ -80.1877348, 46.9662309 ], [ -80.1882935, 46.9665508 ], [ -80.1886986, 46.9665799 ], [ -80.1889731, 46.9663685 ], [ -80.1894763, 46.9662294 ], [ -80.1899867, 46.9656064 ], [ -80.1904994, 46.9652862 ], [ -80.1906994, 46.9646128 ], [ -80.1909945, 46.964514 ], [ -80.1909895, 46.9644123 ], [ -80.1908127, 46.9642313 ], [ -80.190902, 46.9639306 ], [ -80.191788, 46.9634602 ], [ -80.1923945, 46.9629077 ], [ -80.1929138, 46.9626069 ], [ -80.1934449, 46.9617306 ] ], [ [ -80.2147446, 46.9630584 ], [ -80.214893, 46.9627066 ], [ -80.2150941, 46.9624733 ], [ -80.2151058, 46.9623143 ], [ -80.2155734, 46.9615518 ], [ -80.2139963, 46.9615437 ], [ -80.2137715, 46.9623873 ], [ -80.2130278, 46.9626793 ], [ -80.2127976, 46.9628803 ], [ -80.2130493, 46.9635078 ], [ -80.2139672, 46.9637574 ], [ -80.2141314, 46.9637474 ], [ -80.2141748, 46.9636994 ], [ -80.21435, 46.9632268 ], [ -80.2146295, 46.9631589 ], [ -80.2147446, 46.9630584 ] ], [ [ -80.1670505, 46.9654371 ], [ -80.1668194, 46.9656013 ], [ -80.1662334, 46.9664412 ], [ -80.1646254, 46.9666748 ], [ -80.1643207, 46.9667811 ], [ -80.163963, 46.9671172 ], [ -80.1640451, 46.9680383 ], [ -80.1638862, 46.9687276 ], [ -80.1636425, 46.9688897 ], [ -80.1627226, 46.9690702 ], [ -80.1620289, 46.9680588 ], [ -80.1612403, 46.9677838 ], [ -80.1605822, 46.9674625 ], [ -80.1605773, 46.9674559 ], [ -80.160572, 46.9674575 ], [ -80.1598889, 46.9671239 ], [ -80.1597441, 46.9671553 ], [ -80.1596033, 46.9672762 ], [ -80.1595154, 46.967274 ], [ -80.1594876, 46.9673153 ], [ -80.1591968, 46.9674972 ], [ -80.1591455, 46.9676692 ], [ -80.1591335, 46.9676795 ], [ -80.1586832, 46.9687065 ], [ -80.1586702, 46.9692454 ], [ -80.1586647, 46.9692816 ], [ -80.1586257, 46.9694123 ], [ -80.1586361, 46.9694689 ], [ -80.1585599, 46.9699685 ], [ -80.1580376, 46.9703344 ], [ -80.1581261, 46.9707625 ], [ -80.157784, 46.9712192 ], [ -80.1572353, 46.9714876 ], [ -80.1570549, 46.97166 ], [ -80.1570357, 46.971831 ], [ -80.1568981, 46.9719187 ], [ -80.1559286, 46.9719718 ], [ -80.1558677, 46.9721086 ], [ -80.155835, 46.973167 ], [ -80.1556944, 46.9732633 ], [ -80.1554511, 46.9732695 ], [ -80.1551796, 46.9736655 ], [ -80.1551355, 46.9738757 ], [ -80.1549673, 46.9740069 ], [ -80.1550247, 46.9740346 ], [ -80.1551003, 46.9740435 ], [ -80.1550363, 46.9743482 ], [ -80.1552954, 46.9745279 ], [ -80.1555941, 46.9753651 ], [ -80.1569413, 46.9757676 ], [ -80.1571774, 46.9757052 ], [ -80.1578381, 46.9749599 ], [ -80.1585914, 46.9746423 ], [ -80.1585985, 46.9743422 ], [ -80.1586364, 46.9743196 ], [ -80.1588381, 46.974279 ], [ -80.1589938, 46.9741393 ], [ -80.1590195, 46.9737951 ], [ -80.1587476, 46.9734207 ], [ -80.1587174, 46.9733386 ], [ -80.1587584, 46.9733125 ], [ -80.1593935, 46.9732966 ], [ -80.159615, 46.9721956 ], [ -80.1607944, 46.9718465 ], [ -80.1612731, 46.9708149 ], [ -80.1628135, 46.9705061 ], [ -80.1637864, 46.9700959 ], [ -80.1639527, 46.9696553 ], [ -80.1652161, 46.968678 ], [ -80.1655658, 46.9680563 ], [ -80.1665802, 46.9676804 ], [ -80.167465, 46.967485 ], [ -80.1677837, 46.967366 ], [ -80.1680722, 46.9673178 ], [ -80.1686967, 46.9670618 ], [ -80.1688001, 46.9669866 ], [ -80.1695166, 46.9667191 ], [ -80.1701248, 46.9668447 ], [ -80.1705008, 46.9668416 ], [ -80.1710168, 46.9667055 ], [ -80.1711181, 46.9666392 ], [ -80.1721221, 46.9666467 ], [ -80.1737239, 46.9664303 ], [ -80.1744562, 46.965825 ], [ -80.1754299, 46.9652956 ], [ -80.1761351, 46.9642275 ], [ -80.1772907, 46.9639844 ], [ -80.1775285, 46.9627578 ], [ -80.1781691, 46.9623393 ], [ -80.1794573, 46.960825 ], [ -80.1791927, 46.9588843 ], [ -80.1790403, 46.958667 ], [ -80.1790224, 46.9586589 ], [ -80.1790487, 46.9586042 ], [ -80.1786876, 46.9583713 ], [ -80.1783058, 46.9583334 ], [ -80.1775942, 46.9580103 ], [ -80.1771601, 46.9566746 ], [ -80.1761328, 46.9553891 ], [ -80.1756774, 46.9531882 ], [ -80.1756031, 46.9530936 ], [ -80.1750197, 46.9532737 ], [ -80.1748791, 46.9532509 ], [ -80.1746692, 46.9533543 ], [ -80.1746555, 46.9537578 ], [ -80.1745987, 46.9538678 ], [ -80.174513, 46.9539982 ], [ -80.174247, 46.9541475 ], [ -80.1741825, 46.9542562 ], [ -80.1739697, 46.9544715 ], [ -80.1738703, 46.9545324 ], [ -80.173753, 46.9544522 ], [ -80.1736843, 46.954496 ], [ -80.1734576, 46.9547251 ], [ -80.1734525, 46.9547883 ], [ -80.173346, 46.9548536 ], [ -80.173387, 46.955285 ], [ -80.1730551, 46.9553839 ], [ -80.1730269, 46.955581 ], [ -80.1731684, 46.9559066 ], [ -80.173196, 46.9564061 ], [ -80.1734136, 46.9567441 ], [ -80.1734089, 46.9575684 ], [ -80.1735466, 46.9576733 ], [ -80.1736224, 46.9576727 ], [ -80.1737314, 46.9582446 ], [ -80.1736903, 46.9583018 ], [ -80.1737392, 46.9589331 ], [ -80.1738964, 46.9592521 ], [ -80.1739281, 46.9592764 ], [ -80.1740849, 46.9600987 ], [ -80.173648, 46.9611679 ], [ -80.1734444, 46.9612506 ], [ -80.1733969, 46.9614263 ], [ -80.1735035, 46.9615794 ], [ -80.1732717, 46.9624113 ], [ -80.1731691, 46.9625078 ], [ -80.1732009, 46.962665 ], [ -80.1731706, 46.9627739 ], [ -80.1725648, 46.9633054 ], [ -80.1724698, 46.9633659 ], [ -80.1724319, 46.963422 ], [ -80.1720156, 46.9637872 ], [ -80.1709848, 46.9639405 ], [ -80.1700436, 46.9650711 ], [ -80.168982, 46.9652744 ], [ -80.1670505, 46.9654371 ] ], [ [ -80.1997492, 46.9652196 ], [ -80.1997354, 46.9660333 ], [ -80.2008599, 46.9659957 ], [ -80.2009237, 46.9655018 ], [ -80.2009251, 46.965227 ], [ -80.2000349, 46.964936 ], [ -80.1997492, 46.9652196 ] ], [ [ -80.1865007, 46.9699086 ], [ -80.1866719, 46.9697622 ], [ -80.1866693, 46.9696151 ], [ -80.1859446, 46.9688465 ], [ -80.1858319, 46.9685531 ], [ -80.1863682, 46.9677784 ], [ -80.1864041, 46.9674817 ], [ -80.1862775, 46.9671128 ], [ -80.1857604, 46.9668271 ], [ -80.1854258, 46.9666719 ], [ -80.1850274, 46.9666622 ], [ -80.1849528, 46.966916 ], [ -80.1852292, 46.9673551 ], [ -80.1852342, 46.9674568 ], [ -80.184808, 46.9674884 ], [ -80.1846705, 46.9675761 ], [ -80.1846725, 46.9682273 ], [ -80.1849035, 46.9686041 ], [ -80.1849568, 46.9687594 ], [ -80.1847067, 46.9690947 ], [ -80.1850426, 46.9693235 ], [ -80.1854877, 46.9694691 ], [ -80.1859991, 46.9699647 ], [ -80.1861289, 46.9699766 ], [ -80.1865007, 46.9699086 ] ], [ [ -80.200909, 46.9677358 ], [ -80.2010699, 46.9674782 ], [ -80.2010145, 46.9672126 ], [ -80.2009121, 46.9670631 ], [ -80.2009131, 46.9668478 ], [ -80.2007772, 46.9668661 ], [ -80.2007743, 46.9668619 ], [ -80.2006976, 46.9668128 ], [ -80.2002004, 46.9669338 ], [ -80.200211, 46.9669577 ], [ -80.1997232, 46.9671131 ], [ -80.1997123, 46.9679181 ], [ -80.1999916, 46.9681559 ], [ -80.2004749, 46.9695453 ], [ -80.2005338, 46.9695727 ], [ -80.2005753, 46.9696807 ], [ -80.2007845, 46.9698889 ], [ -80.2013167, 46.970131 ], [ -80.2015606, 46.9700514 ], [ -80.2016511, 46.9700936 ], [ -80.2016791, 46.9700127 ], [ -80.2019358, 46.9699289 ], [ -80.2022575, 46.9698894 ], [ -80.2023466, 46.969748 ], [ -80.2023407, 46.9690687 ], [ -80.2022089, 46.9689464 ], [ -80.2017811, 46.9688259 ], [ -80.2016757, 46.9684749 ], [ -80.2012867, 46.9679351 ], [ -80.2010398, 46.9679134 ], [ -80.2009086, 46.967828 ], [ -80.200909, 46.9677358 ] ], [ [ -80.2091259, 46.969353 ], [ -80.2094129, 46.9694912 ], [ -80.2098114, 46.9695008 ], [ -80.2101257, 46.9694051 ], [ -80.2101597, 46.9691906 ], [ -80.2098707, 46.968942 ], [ -80.2096582, 46.9688984 ], [ -80.2093378, 46.9690115 ], [ -80.2091233, 46.9692059 ], [ -80.2091259, 46.969353 ] ], [ [ -80.1839893, 46.9750293 ], [ -80.184215, 46.9754602 ], [ -80.1844889, 46.9757522 ], [ -80.1848019, 46.9759314 ], [ -80.1850452, 46.975925 ], [ -80.1850679, 46.975782 ], [ -80.1849117, 46.9753441 ], [ -80.1847029, 46.9749801 ], [ -80.1844927, 46.97435 ], [ -80.1843153, 46.9739728 ], [ -80.1840722, 46.9736308 ], [ -80.1838493, 46.9735396 ], [ -80.1836924, 46.9736058 ], [ -80.1837092, 46.9740211 ], [ -80.1839792, 46.9746334 ], [ -80.1839893, 46.9750293 ] ], [ [ -80.1796242, 46.9770512 ], [ -80.1797036, 46.9770747 ], [ -80.1798677, 46.9768721 ], [ -80.179847, 46.9768275 ], [ -80.1802518, 46.976421 ], [ -80.1802503, 46.9761549 ], [ -80.1792476, 46.9757628 ], [ -80.1790877, 46.9754319 ], [ -80.1790694, 46.9751563 ], [ -80.1789304, 46.9749778 ], [ -80.1786281, 46.9749226 ], [ -80.1783011, 46.9747839 ], [ -80.1782067, 46.974955 ], [ -80.1781431, 46.9749691 ], [ -80.1781589, 46.9750417 ], [ -80.1779762, 46.9753729 ], [ -80.1779644, 46.9756002 ], [ -80.1790592, 46.9769241 ], [ -80.1794502, 46.977226 ], [ -80.1796242, 46.9770512 ] ], [ [ -80.1796692, 46.9803423 ], [ -80.1797874, 46.9804012 ], [ -80.179854, 46.9809683 ], [ -80.1804512, 46.9809921 ], [ -80.1804585, 46.9810023 ], [ -80.1804851, 46.9809935 ], [ -80.1809772, 46.9810131 ], [ -80.1812268, 46.9804392 ], [ -80.1813291, 46.9803872 ], [ -80.1821646, 46.9802158 ], [ -80.1822793, 46.9800615 ], [ -80.1826135, 46.9798485 ], [ -80.1828557, 46.9794203 ], [ -80.1828574, 46.979338 ], [ -80.1827714, 46.9791224 ], [ -80.182282, 46.9787953 ], [ -80.1817828, 46.9785095 ], [ -80.1814153, 46.9780495 ], [ -80.181079, 46.9780486 ], [ -80.1810198, 46.9780311 ], [ -80.181011, 46.9780509 ], [ -80.1807773, 46.9782668 ], [ -80.180851, 46.9788655 ], [ -80.1807999, 46.9790131 ], [ -80.1796765, 46.9799724 ], [ -80.1796657, 46.9799658 ], [ -80.1796277, 46.9799596 ], [ -80.1794781, 46.980082 ], [ -80.1794671, 46.9801512 ], [ -80.1794106, 46.9801994 ], [ -80.1795215, 46.9802046 ], [ -80.1796692, 46.9803423 ] ], [ [ -80.1647724, 46.9809565 ], [ -80.1649295, 46.9810829 ], [ -80.1652109, 46.9810828 ], [ -80.1654752, 46.9808232 ], [ -80.1653966, 46.9806637 ], [ -80.1646488, 46.9803863 ], [ -80.1645553, 46.9804628 ], [ -80.1647724, 46.9809565 ] ], [ [ -80.1850194, 46.9836133 ], [ -80.1857502, 46.983631 ], [ -80.1860066, 46.9834709 ], [ -80.1860461, 46.9832023 ], [ -80.1860633, 46.9829209 ], [ -80.1859719, 46.9827593 ], [ -80.1855918, 46.9825418 ], [ -80.1850497, 46.9826371 ], [ -80.184104, 46.9824368 ], [ -80.1836623, 46.9823262 ], [ -80.1833013, 46.9821805 ], [ -80.1829268, 46.9818432 ], [ -80.1817504, 46.9818355 ], [ -80.1810144, 46.9818719 ], [ -80.1808863, 46.9823187 ], [ -80.1802269, 46.9824042 ], [ -80.1801614, 46.9826319 ], [ -80.180216, 46.9828608 ], [ -80.1809376, 46.9829047 ], [ -80.1813228, 46.9829353 ], [ -80.1813218, 46.9829945 ], [ -80.1816769, 46.9830522 ], [ -80.1825887, 46.9830359 ], [ -80.1835306, 46.9831108 ], [ -80.1832901, 46.9832683 ], [ -80.1833224, 46.9834844 ], [ -80.1834077, 46.9836633 ], [ -80.1838143, 46.983766 ], [ -80.1846763, 46.9835209 ], [ -80.1850194, 46.9836133 ] ], [ [ -80.1901594, 46.9856761 ], [ -80.1903026, 46.9857269 ], [ -80.1904655, 46.9856433 ], [ -80.1908896, 46.9853087 ], [ -80.1910185, 46.9850912 ], [ -80.1908446, 46.9833118 ], [ -80.1907666, 46.9831891 ], [ -80.1881186, 46.9828155 ], [ -80.1880135, 46.9827056 ], [ -80.1872592, 46.9826015 ], [ -80.1870805, 46.9826917 ], [ -80.1870554, 46.9828802 ], [ -80.1876047, 46.9830804 ], [ -80.1876464, 46.9832237 ], [ -80.1879125, 46.9832364 ], [ -80.1883636, 46.983551 ], [ -80.188818, 46.9839616 ], [ -80.1888088, 46.9845859 ], [ -80.1894697, 46.9851194 ], [ -80.1894732, 46.985143 ], [ -80.1896049, 46.9852285 ], [ -80.1901594, 46.9856761 ] ], [ [ -80.2024234, 46.982953 ], [ -80.2010139, 46.9836962 ], [ -80.2008439, 46.9839162 ], [ -80.2007821, 46.98406 ], [ -80.200683, 46.9841102 ], [ -80.2006927, 46.9842679 ], [ -80.2006376, 46.9843962 ], [ -80.2014473, 46.9854626 ], [ -80.2024347, 46.9858611 ], [ -80.2028643, 46.9863617 ], [ -80.2033804, 46.9865737 ], [ -80.2041922, 46.9867053 ], [ -80.2045444, 46.98712 ], [ -80.205819, 46.9873082 ], [ -80.2060717, 46.987261 ], [ -80.2061125, 46.9872733 ], [ -80.2061588, 46.9872447 ], [ -80.2085262, 46.9868027 ], [ -80.2086163, 46.9868906 ], [ -80.2090416, 46.9883715 ], [ -80.209264, 46.9887742 ], [ -80.2101419, 46.9887796 ], [ -80.2103978, 46.9888663 ], [ -80.2106068, 46.9888818 ], [ -80.2106568, 46.9888532 ], [ -80.2106844, 46.988574 ], [ -80.211409, 46.9879574 ], [ -80.2116867, 46.9879291 ], [ -80.2141606, 46.9886783 ], [ -80.2143708, 46.98962 ], [ -80.2157089, 46.9898184 ], [ -80.2163235, 46.9912564 ], [ -80.216657, 46.9911963 ], [ -80.2166962, 46.9915735 ], [ -80.2167522, 46.9916465 ], [ -80.2166228, 46.9917083 ], [ -80.216897, 46.9923486 ], [ -80.2171147, 46.9924939 ], [ -80.2182777, 46.9926181 ], [ -80.2203147, 46.992462 ], [ -80.2203103, 46.9923971 ], [ -80.2198682, 46.9920872 ], [ -80.2188065, 46.9920735 ], [ -80.2188261, 46.9920009 ], [ -80.2184087, 46.9916583 ], [ -80.2179476, 46.9915195 ], [ -80.2176791, 46.991366 ], [ -80.2174296, 46.9910414 ], [ -80.2170228, 46.990242 ], [ -80.216986, 46.9899796 ], [ -80.2171369, 46.9899121 ], [ -80.2172596, 46.9892205 ], [ -80.2173701, 46.9890056 ], [ -80.2176445, 46.9887934 ], [ -80.2179172, 46.9886633 ], [ -80.2179519, 46.9884856 ], [ -80.2176563, 46.9880619 ], [ -80.2172927, 46.9878474 ], [ -80.2170469, 46.9874223 ], [ -80.2165915, 46.9870735 ], [ -80.2163847, 46.9866641 ], [ -80.2158592, 46.9862856 ], [ -80.2154241, 46.9851946 ], [ -80.2155906, 46.985087 ], [ -80.2155986, 46.9848316 ], [ -80.2156834, 46.9846322 ], [ -80.2183255, 46.984384 ], [ -80.218492, 46.9843285 ], [ -80.2183627, 46.9838062 ], [ -80.2184051, 46.9837277 ], [ -80.2184311, 46.9834202 ], [ -80.2182865, 46.9832959 ], [ -80.2182037, 46.9833049 ], [ -80.2176341, 46.9828969 ], [ -80.2168467, 46.9828885 ], [ -80.216184, 46.9827903 ], [ -80.21597, 46.9826732 ], [ -80.2161802, 46.9817171 ], [ -80.2164721, 46.9812602 ], [ -80.2167123, 46.97987 ], [ -80.216799, 46.979773 ], [ -80.2169869, 46.9792808 ], [ -80.2176847, 46.9791097 ], [ -80.217761, 46.9786179 ], [ -80.2180828, 46.9785783 ], [ -80.2182269, 46.9781616 ], [ -80.2184978, 46.9777655 ], [ -80.2182475, 46.9767074 ], [ -80.2181567, 46.9765827 ], [ -80.2165443, 46.976404 ], [ -80.2159209, 46.9768897 ], [ -80.2127698, 46.97659 ], [ -80.212412, 46.9767636 ], [ -80.2122238, 46.9768132 ], [ -80.2121159, 46.9769073 ], [ -80.2109993, 46.977449 ], [ -80.2104832, 46.977237 ], [ -80.2102366, 46.9769308 ], [ -80.2102456, 46.9766851 ], [ -80.2101017, 46.9765976 ], [ -80.2099673, 46.9765963 ], [ -80.2099398, 46.9765622 ], [ -80.2094492, 46.9763543 ], [ -80.2088946, 46.9769213 ], [ -80.2088902, 46.9769257 ], [ -80.2088067, 46.9770111 ], [ -80.2084816, 46.9775635 ], [ -80.2080043, 46.9780912 ], [ -80.2076515, 46.9786849 ], [ -80.2068915, 46.9794876 ], [ -80.2066215, 46.9801131 ], [ -80.2066024, 46.9802842 ], [ -80.2064649, 46.9803719 ], [ -80.2054612, 46.9803709 ], [ -80.2055901, 46.9800742 ], [ -80.2056942, 46.9798894 ], [ -80.2056271, 46.9798511 ], [ -80.205076, 46.9799726 ], [ -80.2049288, 46.9800496 ], [ -80.2047673, 46.9802067 ], [ -80.2047107, 46.9803701 ], [ -80.2046437, 46.98037 ], [ -80.2043219, 46.9814547 ], [ -80.2030391, 46.9821558 ], [ -80.2029402, 46.9821566 ], [ -80.2025837, 46.9823739 ], [ -80.2025109, 46.9825454 ], [ -80.2026187, 46.9826756 ], [ -80.2024234, 46.982953 ] ], [ [ -80.1976044, 46.9873515 ], [ -80.1978368, 46.9872609 ], [ -80.1978372, 46.9871051 ], [ -80.1974417, 46.9867384 ], [ -80.1972384, 46.9865129 ], [ -80.1968122, 46.9861962 ], [ -80.1964786, 46.986463 ], [ -80.1961804, 46.9869372 ], [ -80.1961095, 46.9872191 ], [ -80.1967818, 46.9873281 ], [ -80.1976044, 46.9873515 ] ], [ [ -80.1635115, 46.9876378 ], [ -80.1638461, 46.9876005 ], [ -80.1639134, 46.9870979 ], [ -80.1639012, 46.9869401 ], [ -80.1637604, 46.9868438 ], [ -80.1623339, 46.9868228 ], [ -80.1623353, 46.9870889 ], [ -80.1626681, 46.9871339 ], [ -80.1627226, 46.9873628 ], [ -80.1635115, 46.9876378 ] ], [ [ -80.1911259, 46.9881068 ], [ -80.1907939, 46.9882913 ], [ -80.1904755, 46.9887662 ], [ -80.1904142, 46.9888073 ], [ -80.1904203, 46.9888485 ], [ -80.1903781, 46.9889115 ], [ -80.1904437, 46.9890056 ], [ -80.1904464, 46.9890234 ], [ -80.190709, 46.9893869 ], [ -80.1907109, 46.9893884 ], [ -80.1908615, 46.9896042 ], [ -80.1914868, 46.9897332 ], [ -80.1923071, 46.9889127 ], [ -80.1926914, 46.9886542 ], [ -80.1925671, 46.9882397 ], [ -80.1924209, 46.9880151 ], [ -80.1923932, 46.9878906 ], [ -80.1923146, 46.9878519 ], [ -80.1923116, 46.9878504 ], [ -80.192004, 46.9876991 ], [ -80.1916762, 46.987756 ], [ -80.1914935, 46.9879898 ], [ -80.1911259, 46.9881068 ] ], [ [ -80.1711015, 46.9920623 ], [ -80.1715047, 46.991055 ], [ -80.1717477, 46.9906636 ], [ -80.1713717, 46.9895847 ], [ -80.1713754, 46.9883382 ], [ -80.1712443, 46.9882527 ], [ -80.1709972, 46.9882309 ], [ -80.1707847, 46.9896543 ], [ -80.1707866, 46.9904982 ], [ -80.1693788, 46.9911956 ], [ -80.1692356, 46.9918784 ], [ -80.1689671, 46.9922657 ], [ -80.1689529, 46.9925385 ], [ -80.169538, 46.9923585 ], [ -80.1701437, 46.9922735 ], [ -80.1709542, 46.9921393 ], [ -80.1711015, 46.9920623 ] ], [ [ -80.2053078, 46.9892882 ], [ -80.2052918, 46.9892655 ], [ -80.2055004, 46.9892736 ], [ -80.2058029, 46.9892126 ], [ -80.2058009, 46.9891023 ], [ -80.2054998, 46.9888884 ], [ -80.2051953, 46.9888391 ], [ -80.2049999, 46.988851 ], [ -80.2049215, 46.9887397 ], [ -80.2044132, 46.9885819 ], [ -80.204378, 46.9884132 ], [ -80.2042692, 46.9883406 ], [ -80.2040035, 46.9883341 ], [ -80.2038599, 46.9884392 ], [ -80.2038559, 46.9885163 ], [ -80.2033418, 46.9884652 ], [ -80.20312, 46.9891444 ], [ -80.2024569, 46.9895503 ], [ -80.2033172, 46.990084 ], [ -80.2046046, 46.9906228 ], [ -80.2046169, 46.9907807 ], [ -80.2043495, 46.9916978 ], [ -80.2038299, 46.9918541 ], [ -80.2036339, 46.9920332 ], [ -80.2032025, 46.9921838 ], [ -80.2025053, 46.9922354 ], [ -80.2024913, 46.9925081 ], [ -80.2028841, 46.9934245 ], [ -80.2044591, 46.9935973 ], [ -80.2045215, 46.9933782 ], [ -80.2052451, 46.9933396 ], [ -80.2052673, 46.993255 ], [ -80.2054491, 46.9932535 ], [ -80.2055486, 46.9931596 ], [ -80.2056511, 46.9927086 ], [ -80.2057914, 46.9924196 ], [ -80.2059186, 46.991936 ], [ -80.2059504, 46.9914185 ], [ -80.2059916, 46.9912789 ], [ -80.2064615, 46.9911805 ], [ -80.2063568, 46.9907073 ], [ -80.2069076, 46.990666 ], [ -80.2069103, 46.9904648 ], [ -80.2068612, 46.9903743 ], [ -80.2060285, 46.9901477 ], [ -80.2054153, 46.9898747 ], [ -80.2053078, 46.9892882 ] ], [ [ -80.1689285, 46.9944235 ], [ -80.1680078, 46.9942188 ], [ -80.1679109, 46.9939777 ], [ -80.168095, 46.9937745 ], [ -80.1683176, 46.9934806 ], [ -80.1677986, 46.993277 ], [ -80.1667363, 46.9934804 ], [ -80.1664065, 46.9934268 ], [ -80.1662041, 46.993462 ], [ -80.1661865, 46.9933268 ], [ -80.1652754, 46.9936739 ], [ -80.164575, 46.9941469 ], [ -80.1640651, 46.9943544 ], [ -80.1638165, 46.9943629 ], [ -80.1636371, 46.9945284 ], [ -80.1625618, 46.9949659 ], [ -80.1622176, 46.995185 ], [ -80.1621926, 46.9952449 ], [ -80.1621839, 46.9952437 ], [ -80.1620389, 46.9952752 ], [ -80.1618415, 46.9953807 ], [ -80.1615712, 46.9958502 ], [ -80.1614989, 46.995887 ], [ -80.1609526, 46.9959512 ], [ -80.1609416, 46.9956562 ], [ -80.1607627, 46.9955537 ], [ -80.1604669, 46.9958266 ], [ -80.1598359, 46.9961 ], [ -80.1598052, 46.9963426 ], [ -80.160061, 46.9966868 ], [ -80.1601839, 46.9972203 ], [ -80.1604969, 46.9973995 ], [ -80.1605634, 46.9974012 ], [ -80.1606257, 46.9973372 ], [ -80.1609331, 46.9973788 ], [ -80.1609876, 46.9976077 ], [ -80.1612109, 46.9976083 ], [ -80.1614142, 46.9977687 ], [ -80.1617126, 46.9978356 ], [ -80.1620604, 46.9976446 ], [ -80.1625835, 46.9975278 ], [ -80.1626267, 46.9975007 ], [ -80.1632968, 46.9974421 ], [ -80.1645357, 46.9964605 ], [ -80.1648012, 46.9964233 ], [ -80.1649017, 46.99641 ], [ -80.1653898, 46.9964709 ], [ -80.1657408, 46.9964638 ], [ -80.1659479, 46.9963691 ], [ -80.166002, 46.9963085 ], [ -80.1677359, 46.9964304 ], [ -80.1681005, 46.9968473 ], [ -80.1684994, 46.9968771 ], [ -80.1685869, 46.9969905 ], [ -80.168878, 46.9971269 ], [ -80.1689115, 46.9972908 ], [ -80.1690397, 46.997385 ], [ -80.1705996, 46.9974096 ], [ -80.170666, 46.9976034 ], [ -80.1708806, 46.9977575 ], [ -80.1711245, 46.9975954 ], [ -80.1711321, 46.9973032 ], [ -80.1707511, 46.9968987 ], [ -80.1707312, 46.9967979 ], [ -80.1706344, 46.9966905 ], [ -80.1698563, 46.9964795 ], [ -80.1696174, 46.9962226 ], [ -80.1694766, 46.9961264 ], [ -80.1692423, 46.996313 ], [ -80.1691155, 46.9962786 ], [ -80.1690138, 46.9955643 ], [ -80.1690804, 46.9955302 ], [ -80.1691846, 46.9951528 ], [ -80.1691058, 46.9948007 ], [ -80.1689284, 46.9947113 ], [ -80.1689285, 46.9944235 ] ], [ [ -80.188415, 46.9985962 ], [ -80.1885522, 46.9986643 ], [ -80.1887963, 46.9986948 ], [ -80.1897311, 46.9984338 ], [ -80.1898472, 46.9985627 ], [ -80.1898184, 46.9987231 ], [ -80.1900281, 46.9987754 ], [ -80.1906691, 46.9983568 ], [ -80.1909523, 46.9982744 ], [ -80.1913458, 46.9979898 ], [ -80.1912767, 46.997841 ], [ -80.1909401, 46.9977681 ], [ -80.1904293, 46.9975018 ], [ -80.1903212, 46.997466 ], [ -80.1901098, 46.9974958 ], [ -80.1900499, 46.9978621 ], [ -80.1898441, 46.9980304 ], [ -80.1886926, 46.9983754 ], [ -80.1884765, 46.9984962 ], [ -80.188415, 46.9985962 ] ], [ [ -80.161149, 46.9409606 ], [ -80.1618078, 46.9408753 ], [ -80.1619486, 46.9404306 ], [ -80.1622732, 46.9403826 ], [ -80.1622173, 46.9398876 ], [ -80.1618976, 46.9398447 ], [ -80.1603083, 46.9403745 ], [ -80.1602427, 46.9406022 ], [ -80.1599085, 46.9406395 ], [ -80.1596431, 46.9408255 ], [ -80.1585894, 46.9410849 ], [ -80.1583321, 46.9417489 ], [ -80.1600048, 46.9412878 ], [ -80.1606822, 46.9411871 ], [ -80.1610834, 46.9411883 ], [ -80.161149, 46.9409606 ] ], [ [ -80.1520592, 46.9421579 ], [ -80.1522589, 46.9421996 ], [ -80.1526378, 46.9421879 ], [ -80.1527753, 46.9421003 ], [ -80.1528049, 46.9408582 ], [ -80.1520182, 46.9408493 ], [ -80.1520001, 46.9420199 ], [ -80.1520592, 46.9421579 ] ], [ [ -80.1287017, 46.9424954 ], [ -80.1285219, 46.9423472 ], [ -80.1283579, 46.9417516 ], [ -80.1280357, 46.9415615 ], [ -80.1275059, 46.9408415 ], [ -80.1275743, 46.9407711 ], [ -80.1275695, 46.9404769 ], [ -80.127327, 46.9403273 ], [ -80.1270908, 46.9406313 ], [ -80.1266747, 46.9407455 ], [ -80.1265282, 46.940738 ], [ -80.1263177, 46.9408045 ], [ -80.1263054, 46.9408469 ], [ -80.1257994, 46.9409858 ], [ -80.1255947, 46.9419977 ], [ -80.1267056, 46.9421375 ], [ -80.1267325, 46.9422292 ], [ -80.126931, 46.9423899 ], [ -80.1270329, 46.9423976 ], [ -80.1275089, 46.942961 ], [ -80.1286117, 46.9430912 ], [ -80.1286685, 46.9431685 ], [ -80.1287155, 46.9435337 ], [ -80.1286413, 46.9438242 ], [ -80.1286617, 46.9441118 ], [ -80.1289254, 46.9443932 ], [ -80.1293875, 46.9444502 ], [ -80.1298135, 46.9442263 ], [ -80.1301502, 46.9441436 ], [ -80.1306932, 46.9441222 ], [ -80.1307209, 46.9440809 ], [ -80.1307022, 46.9439036 ], [ -80.1302841, 46.9438354 ], [ -80.129586, 46.9440333 ], [ -80.1293894, 46.9439829 ], [ -80.1291848, 46.9438395 ], [ -80.1291288, 46.9435003 ], [ -80.1288905, 46.9430305 ], [ -80.1287837, 46.942683 ], [ -80.1287017, 46.9424954 ] ], [ [ -80.1421243, 46.9434734 ], [ -80.1424369, 46.9436527 ], [ -80.1429306, 46.9442741 ], [ -80.1439068, 46.9446624 ], [ -80.144074, 46.9448363 ], [ -80.144859, 46.9451201 ], [ -80.1447509, 46.944699 ], [ -80.1441993, 46.9442057 ], [ -80.1440876, 46.9437566 ], [ -80.1439204, 46.9435827 ], [ -80.1431282, 46.9432427 ], [ -80.1428004, 46.9425292 ], [ -80.1425361, 46.9424036 ], [ -80.142293, 46.9424098 ], [ -80.1421681, 46.9424995 ], [ -80.1421231, 46.9432073 ], [ -80.1421243, 46.9434734 ] ], [ [ -80.1403733, 46.9458928 ], [ -80.1407522, 46.9458812 ], [ -80.1408898, 46.9457936 ], [ -80.140921, 46.9448176 ], [ -80.140326, 46.9445648 ], [ -80.1401479, 46.9437289 ], [ -80.1394251, 46.943767 ], [ -80.1393642, 46.9439038 ], [ -80.1393414, 46.9446244 ], [ -80.1394132, 46.9447645 ], [ -80.1400654, 46.9448524 ], [ -80.140141, 46.9457908 ], [ -80.1401736, 46.9458511 ], [ -80.1403733, 46.9458928 ] ], [ [ -80.1502347, 46.946179 ], [ -80.1508085, 46.9463 ], [ -80.1509497, 46.9462405 ], [ -80.1515087, 46.9454788 ], [ -80.1511639, 46.9448909 ], [ -80.1507571, 46.9445588 ], [ -80.1499869, 46.9451577 ], [ -80.1499751, 46.9459626 ], [ -80.1502347, 46.946179 ] ], [ [ -80.1383923, 46.9485498 ], [ -80.1384858, 46.9486659 ], [ -80.1409175, 46.9487963 ], [ -80.1394771, 46.9484332 ], [ -80.1386932, 46.9476453 ], [ -80.1381767, 46.947552 ], [ -80.1383923, 46.9485498 ] ], [ [ -80.1355318, 46.9513478 ], [ -80.1360845, 46.9515296 ], [ -80.1364731, 46.9515287 ], [ -80.13726, 46.9515378 ], [ -80.1372091, 46.9513569 ], [ -80.13726, 46.9513452 ], [ -80.1375738, 46.951213 ], [ -80.1376341, 46.9510394 ], [ -80.1372949, 46.9507824 ], [ -80.1370079, 46.9506415 ], [ -80.1369546, 46.9504519 ], [ -80.135163, 46.950059 ], [ -80.134145, 46.9492512 ], [ -80.1315412, 46.9488267 ], [ -80.1311747, 46.9486609 ], [ -80.1310116, 46.9485203 ], [ -80.1304589, 46.9483384 ], [ -80.1299983, 46.9482633 ], [ -80.1293927, 46.9480545 ], [ -80.1292105, 46.947924 ], [ -80.1288092, 46.9477302 ], [ -80.1285163, 46.9477598 ], [ -80.1281045, 46.9475235 ], [ -80.1266842, 46.9474111 ], [ -80.1264217, 46.9477809 ], [ -80.1262834, 46.9482168 ], [ -80.1270944, 46.9483491 ], [ -80.1274582, 46.948766 ], [ -80.128245, 46.9487751 ], [ -80.1297323, 46.948926 ], [ -80.1307895, 46.9494285 ], [ -80.1313253, 46.9499285 ], [ -80.1315196, 46.9500243 ], [ -80.1345397, 46.9505809 ], [ -80.1347286, 46.9507309 ], [ -80.1349078, 46.9512552 ], [ -80.1355318, 46.9513478 ] ], [ [ -80.1340517, 46.9552969 ], [ -80.1341731, 46.9549814 ], [ -80.1345471, 46.9548733 ], [ -80.1350534, 46.9543415 ], [ -80.1352453, 46.9540977 ], [ -80.1350377, 46.953963 ], [ -80.1343639, 46.9542181 ], [ -80.1340655, 46.9542172 ], [ -80.1339226, 46.9542854 ], [ -80.1336685, 46.9542808 ], [ -80.1330493, 46.954675 ], [ -80.1324217, 46.955132 ], [ -80.132485, 46.9551423 ], [ -80.1325481, 46.9552126 ], [ -80.1324778, 46.9552787 ], [ -80.1324633, 46.9555514 ], [ -80.1338978, 46.9555469 ], [ -80.1340227, 46.9554572 ], [ -80.1340517, 46.9552969 ] ], [ [ -80.1301635, 46.954232 ], [ -80.1303409, 46.9550312 ], [ -80.1311133, 46.955313 ], [ -80.1312841, 46.9553225 ], [ -80.1317754, 46.954449 ], [ -80.1317736, 46.9543386 ], [ -80.1302957, 46.9541985 ], [ -80.1301635, 46.954232 ] ], [ [ -80.1416003, 46.973729 ], [ -80.1408452, 46.9745138 ], [ -80.1420213, 46.9745219 ], [ -80.1427297, 46.9728309 ], [ -80.142624, 46.9727495 ], [ -80.1420499, 46.9726285 ], [ -80.1416003, 46.973729 ] ], [ [ -80.1401107, 46.9797861 ], [ -80.1398283, 46.979555 ], [ -80.1398703, 46.9793415 ], [ -80.1400424, 46.979289 ], [ -80.1402544, 46.979296 ], [ -80.1403733, 46.9792237 ], [ -80.1401993, 46.9788377 ], [ -80.1400081, 46.9786397 ], [ -80.1400531, 46.9784104 ], [ -80.139971, 46.9782228 ], [ -80.1396008, 46.9780158 ], [ -80.1394475, 46.9778979 ], [ -80.1393188, 46.9775939 ], [ -80.1392022, 46.9774282 ], [ -80.1390374, 46.9774013 ], [ -80.1389462, 46.9775124 ], [ -80.1388291, 46.9774224 ], [ -80.1379742, 46.9781085 ], [ -80.137237, 46.9782635 ], [ -80.1359, 46.9780752 ], [ -80.1353525, 46.9776722 ], [ -80.1351034, 46.9776431 ], [ -80.1346792, 46.9772966 ], [ -80.1331824, 46.9768234 ], [ -80.132668, 46.9761068 ], [ -80.1317442, 46.975296 ], [ -80.1315623, 46.9753111 ], [ -80.1315619, 46.9751654 ], [ -80.1308953, 46.9750018 ], [ -80.1305005, 46.97502 ], [ -80.1302886, 46.9752055 ], [ -80.1301913, 46.9754464 ], [ -80.1297741, 46.9756444 ], [ -80.1295054, 46.975839 ], [ -80.1294565, 46.9761336 ], [ -80.1299027, 46.9767382 ], [ -80.1301195, 46.9768074 ], [ -80.1301544, 46.9768618 ], [ -80.1315111, 46.9772755 ], [ -80.1317129, 46.9775699 ], [ -80.1317073, 46.9776743 ], [ -80.1313632, 46.9778933 ], [ -80.1313028, 46.9782594 ], [ -80.1316198, 46.9783111 ], [ -80.131909, 46.9782115 ], [ -80.132668, 46.9784177 ], [ -80.1328447, 46.9783681 ], [ -80.1349311, 46.9786319 ], [ -80.1355997, 46.9792517 ], [ -80.1356327, 46.9793318 ], [ -80.1356322, 46.9798727 ], [ -80.1359285, 46.9799145 ], [ -80.1359637, 46.9800368 ], [ -80.136079, 46.980129 ], [ -80.1365186, 46.9801364 ], [ -80.1367251, 46.9801975 ], [ -80.1371624, 46.9806356 ], [ -80.1371672, 46.9806359 ], [ -80.137195, 46.9806959 ], [ -80.1383707, 46.981245 ], [ -80.13839, 46.981074 ], [ -80.1385277, 46.9809863 ], [ -80.1391044, 46.9809818 ], [ -80.1394196, 46.9811958 ], [ -80.1396164, 46.9810536 ], [ -80.1395885, 46.9807761 ], [ -80.1397224, 46.9800945 ], [ -80.1400594, 46.9799337 ], [ -80.1401107, 46.9797861 ] ], [ [ -80.1408072, 46.9840261 ], [ -80.1410826, 46.984236 ], [ -80.142411, 46.9838838 ], [ -80.142533, 46.9838028 ], [ -80.1423771, 46.9831722 ], [ -80.1418855, 46.9828904 ], [ -80.1399204, 46.982607 ], [ -80.1397636, 46.9838287 ], [ -80.1395076, 46.984218 ], [ -80.1408072, 46.9840261 ] ], [ [ -80.1574145, 46.9858672 ], [ -80.1571113, 46.9859643 ], [ -80.1570069, 46.9861491 ], [ -80.1571296, 46.9862974 ], [ -80.1572747, 46.986321 ], [ -80.1572155, 46.9865131 ], [ -80.1572548, 46.9865929 ], [ -80.1590942, 46.986351 ], [ -80.1604277, 46.9864853 ], [ -80.1607848, 46.9857273 ], [ -80.1607146, 46.985505 ], [ -80.1605176, 46.9854546 ], [ -80.1584179, 46.9854433 ], [ -80.1574253, 46.985832 ], [ -80.1574145, 46.9858672 ] ], [ [ -80.1495926, 46.9875104 ], [ -80.1500032, 46.9872929 ], [ -80.1503449, 46.9869267 ], [ -80.1504758, 46.9866271 ], [ -80.150419, 46.9864079 ], [ -80.1506096, 46.9859336 ], [ -80.1503845, 46.9858022 ], [ -80.1502779, 46.985577 ], [ -80.1501764, 46.9855605 ], [ -80.149991, 46.9856845 ], [ -80.1494343, 46.9858065 ], [ -80.1489293, 46.9869898 ], [ -80.1490241, 46.9869739 ], [ -80.1489535, 46.9871129 ], [ -80.149066, 46.9874063 ], [ -80.149214, 46.9875588 ], [ -80.1495926, 46.9875104 ] ], [ [ -80.1439072, 46.9875204 ], [ -80.1440479, 46.987424 ], [ -80.1440176, 46.9871257 ], [ -80.1437246, 46.986812 ], [ -80.1432855, 46.9866488 ], [ -80.142132, 46.9864977 ], [ -80.1420765, 46.986773 ], [ -80.1424873, 46.9871333 ], [ -80.1430502, 46.9873258 ], [ -80.1434802, 46.987515 ], [ -80.1437399, 46.987539 ], [ -80.1439072, 46.9875204 ] ], [ [ -80.1482296, 46.9891959 ], [ -80.1480899, 46.9888803 ], [ -80.148175, 46.9887744 ], [ -80.1483701, 46.9887145 ], [ -80.1484794, 46.9886314 ], [ -80.1483693, 46.9882925 ], [ -80.1481803, 46.9881425 ], [ -80.1479683, 46.9881355 ], [ -80.1477769, 46.9881729 ], [ -80.1477267, 46.9880595 ], [ -80.145361, 46.9880413 ], [ -80.1449594, 46.9880401 ], [ -80.1449458, 46.98912 ], [ -80.1449441, 46.9893948 ], [ -80.145333, 46.9893939 ], [ -80.1454775, 46.989386 ], [ -80.1456749, 46.9896055 ], [ -80.1463894, 46.9894008 ], [ -80.1470591, 46.9893631 ], [ -80.1476897, 46.9894382 ], [ -80.1479669, 46.9893733 ], [ -80.1479734, 46.9892504 ], [ -80.1480786, 46.9892447 ], [ -80.1482296, 46.9891959 ] ], [ [ -80.1386302, 46.9929062 ], [ -80.1390857, 46.9930996 ], [ -80.139201, 46.9929992 ], [ -80.1392257, 46.9927739 ], [ -80.1389774, 46.9924859 ], [ -80.13865, 46.9920016 ], [ -80.1383498, 46.9920169 ], [ -80.1378739, 46.9923062 ], [ -80.13795, 46.9925112 ], [ -80.1383741, 46.9927178 ], [ -80.1386302, 46.9929062 ] ], [ [ -80.143337, 46.994287 ], [ -80.1437042, 46.9941175 ], [ -80.1437476, 46.993877 ], [ -80.1437348, 46.9932971 ], [ -80.1436441, 46.9929797 ], [ -80.1434067, 46.9929686 ], [ -80.1432563, 46.9930542 ], [ -80.142914, 46.9935762 ], [ -80.1430095, 46.9939952 ], [ -80.1431382, 46.9941262 ], [ -80.1431388, 46.994163 ], [ -80.143337, 46.994287 ] ], [ [ -80.1416549, 46.9948843 ], [ -80.1416169, 46.9950707 ], [ -80.141908, 46.9950815 ], [ -80.1421279, 46.9949889 ], [ -80.1422396, 46.9948603 ], [ -80.1422238, 46.9946743 ], [ -80.1418518, 46.9947422 ], [ -80.1416549, 46.9948843 ] ], [ [ -80.1479858, 46.9967218 ], [ -80.1481816, 46.9968912 ], [ -80.1484287, 46.9969131 ], [ -80.1484504, 46.9968891 ], [ -80.1484763, 46.9965448 ], [ -80.1486041, 46.9960613 ], [ -80.1485696, 46.995944 ], [ -80.1486572, 46.9958315 ], [ -80.149182, 46.9956326 ], [ -80.1490422, 46.9952343 ], [ -80.149055, 46.9952268 ], [ -80.1490629, 46.9951272 ], [ -80.1489781, 46.9950517 ], [ -80.1489396, 46.994942 ], [ -80.1488368, 46.994852 ], [ -80.1475751, 46.9950501 ], [ -80.147279, 46.9957399 ], [ -80.1469472, 46.9958925 ], [ -80.1468989, 46.9960314 ], [ -80.1471223, 46.9961049 ], [ -80.147082, 46.9961987 ], [ -80.147166, 46.9963041 ], [ -80.147978, 46.9967018 ], [ -80.1479858, 46.9967218 ] ], [ [ -80.1389971, 46.995011 ], [ -80.1386861, 46.9951346 ], [ -80.1384101, 46.9952731 ], [ -80.1377312, 46.9955294 ], [ -80.1373675, 46.9957269 ], [ -80.1370704, 46.9961187 ], [ -80.1371719, 46.9963279 ], [ -80.1371363, 46.9964688 ], [ -80.1367328, 46.9967424 ], [ -80.1366072, 46.9969879 ], [ -80.1366573, 46.997152 ], [ -80.1368663, 46.9973603 ], [ -80.1370735, 46.9972656 ], [ -80.1371913, 46.9971197 ], [ -80.1375325, 46.9965242 ], [ -80.1378369, 46.9961886 ], [ -80.1385364, 46.9956421 ], [ -80.139484, 46.9951912 ], [ -80.1392623, 46.9949808 ], [ -80.1389971, 46.995011 ] ] ] } },
{ "type": "Feature", "properties": { "element": "relation", "id": 3412861, "natural": "wood", "source": "NRCan-CanVec-10.0", "type": "multipolygon" }, "geometry": { "type": "Polygon", "coordinates": [ [ [ -80.0622826, 46.9894377 ], [ -80.0618423, 46.9887419 ], [ -80.0605321, 46.9884631 ], [ -80.0596598, 46.9882744 ], [ -80.0591803, 46.9874988 ], [ -80.0587228, 46.9874265 ], [ -80.0586569, 46.9873855 ], [ -80.0583792, 46.9873722 ], [ -80.0575924, 46.9872479 ], [ -80.0573963, 46.9868121 ], [ -80.0579758, 46.9862282 ], [ -80.0582122, 46.9857441 ], [ -80.0574247, 46.9857343 ], [ -80.0568996, 46.9859327 ], [ -80.05662, 46.9862722 ], [ -80.0556866, 46.9864495 ], [ -80.0541243, 46.9870834 ], [ -80.054098, 46.9870883 ], [ -80.0537283, 46.9870277 ], [ -80.0533833, 46.9870345 ], [ -80.0528727, 46.9869059 ], [ -80.052089, 46.985851 ], [ -80.0517288, 46.9850031 ], [ -80.0511233, 46.9842434 ], [ -80.050905, 46.9831435 ], [ -80.0524112, 46.9823629 ], [ -80.0530678, 46.982287 ], [ -80.0536243, 46.9820755 ], [ -80.0537095, 46.9820619 ], [ -80.0537927, 46.9821306 ], [ -80.0539304, 46.982465 ], [ -80.0539145, 46.9835449 ], [ -80.0550909, 46.9835541 ], [ -80.0556635, 46.9837947 ], [ -80.0558648, 46.9843689 ], [ -80.0561673, 46.9847303 ], [ -80.0566507, 46.9849196 ], [ -80.0568619, 46.9846606 ], [ -80.0571646, 46.9846001 ], [ -80.0582615, 46.9847981 ], [ -80.0586153, 46.9852047 ], [ -80.0591005, 46.9856056 ], [ -80.0592908, 46.9859831 ], [ -80.0592962, 46.9863101 ], [ -80.0592513, 46.9864179 ], [ -80.0593542, 46.9865257 ], [ -80.0596267, 46.9864518 ], [ -80.0602013, 46.9862434 ], [ -80.0605531, 46.9860265 ], [ -80.0605727, 46.9857692 ], [ -80.0607098, 46.9847279 ], [ -80.0609964, 46.9841453 ], [ -80.0606912, 46.983178 ], [ -80.0616166, 46.9826782 ], [ -80.0618159, 46.9822614 ], [ -80.0604324, 46.9823467 ], [ -80.0598038, 46.9830327 ], [ -80.0590461, 46.9833214 ], [ -80.0585395, 46.9822018 ], [ -80.0586586, 46.9821296 ], [ -80.0596076, 46.9819784 ], [ -80.0596081, 46.9819824 ], [ -80.0598556, 46.9820413 ], [ -80.0600664, 46.9819749 ], [ -80.0601726, 46.9818883 ], [ -80.0609297, 46.9817677 ], [ -80.0610741, 46.9816996 ], [ -80.0616459, 46.9795276 ], [ -80.0618763, 46.9792901 ], [ -80.0619386, 46.9785255 ], [ -80.0620593, 46.9781533 ], [ -80.0624821, 46.978067 ], [ -80.06308, 46.9779554 ], [ -80.0641657, 46.9781021 ], [ -80.0644244, 46.9782782 ], [ -80.0645596, 46.9785921 ], [ -80.0645618, 46.9787392 ], [ -80.0644275, 46.9788548 ], [ -80.0630442, 46.97929 ], [ -80.0623943, 46.9801732 ], [ -80.0619773, 46.9815223 ], [ -80.0631907, 46.9822949 ], [ -80.0639801, 46.9820067 ], [ -80.0639175, 46.9817708 ], [ -80.0642885, 46.9811733 ], [ -80.0648068, 46.9803387 ], [ -80.0650288, 46.9793202 ], [ -80.0648111, 46.9791378 ], [ -80.0648216, 46.9789927 ], [ -80.0650252, 46.9786195 ], [ -80.0650945, 46.9786338 ], [ -80.0653858, 46.9784522 ], [ -80.0652108, 46.9782794 ], [ -80.066425, 46.976054 ], [ -80.0666821, 46.9752798 ], [ -80.0662501, 46.9752318 ], [ -80.0662415, 46.9751984 ], [ -80.0659525, 46.9751053 ], [ -80.0657809, 46.9751797 ], [ -80.0656372, 46.9751637 ], [ -80.0655256, 46.9750996 ], [ -80.0660476, 46.974066 ], [ -80.0666968, 46.9739338 ], [ -80.0676539, 46.9738891 ], [ -80.0678952, 46.9739557 ], [ -80.0681412, 46.9738663 ], [ -80.0688765, 46.973832 ], [ -80.0702526, 46.9736904 ], [ -80.0702741, 46.973859 ], [ -80.070405, 46.9739446 ], [ -80.0714265, 46.9739742 ], [ -80.0720118, 46.9737949 ], [ -80.0726175, 46.9737105 ], [ -80.0728464, 46.9731702 ], [ -80.072893, 46.9731136 ], [ -80.0730542, 46.9731124 ], [ -80.0736166, 46.9733054 ], [ -80.0741504, 46.9741173 ], [ -80.0758961, 46.9743754 ], [ -80.0760686, 46.9744954 ], [ -80.0763306, 46.9755105 ], [ -80.0761608, 46.9755744 ], [ -80.0747695, 46.9757595 ], [ -80.0737469, 46.9756564 ], [ -80.0741504, 46.9764195 ], [ -80.0737615, 46.9764201 ], [ -80.0718714, 46.976652 ], [ -80.0712822, 46.9774177 ], [ -80.0712839, 46.9775281 ], [ -80.0713539, 46.9775579 ], [ -80.072944, 46.9777631 ], [ -80.0730344, 46.9777754 ], [ -80.0729878, 46.9779445 ], [ -80.0730848, 46.9780888 ], [ -80.0732604, 46.9782001 ], [ -80.0736968, 46.9782246 ], [ -80.0737173, 46.9783115 ], [ -80.0746759, 46.9784534 ], [ -80.0747108, 46.978575 ], [ -80.0750181, 46.9787868 ], [ -80.0752797, 46.9794018 ], [ -80.0757885, 46.9795951 ], [ -80.0759134, 46.9796981 ], [ -80.0760527, 46.9807574 ], [ -80.0764416, 46.9807568 ], [ -80.077547, 46.9808705 ], [ -80.0777413, 46.9809878 ], [ -80.0778088, 46.981063 ], [ -80.0775089, 46.981922 ], [ -80.0783878, 46.98213 ], [ -80.0794079, 46.9826651 ], [ -80.0797666, 46.9829792 ], [ -80.0805225, 46.9833248 ], [ -80.0810164, 46.9836646 ], [ -80.0811171, 46.9838329 ], [ -80.081257, 46.984507 ], [ -80.0813287, 46.9846472 ], [ -80.0818174, 46.9849747 ], [ -80.0818831, 46.9851322 ], [ -80.0816968, 46.9853586 ], [ -80.0815872, 46.9856342 ], [ -80.0812361, 46.9858336 ], [ -80.0811749, 46.9859704 ], [ -80.0821031, 46.9864982 ], [ -80.0824176, 46.98721 ], [ -80.0824505, 46.9874997 ], [ -80.0823347, 46.9880277 ], [ -80.0822243, 46.9882343 ], [ -80.0820973, 46.9883959 ], [ -80.0817341, 46.98863 ], [ -80.0815742, 46.9888007 ], [ -80.0800802, 46.9888482 ], [ -80.0798895, 46.9887687 ], [ -80.079393, 46.9887701 ], [ -80.0792711, 46.9888739 ], [ -80.0790595, 46.9888806 ], [ -80.0790566, 46.9890565 ], [ -80.0788779, 46.9892087 ], [ -80.0786009, 46.9895028 ], [ -80.0786117, 46.9895871 ], [ -80.0790479, 46.9895956 ], [ -80.0790464, 46.9896857 ], [ -80.0793126, 46.9899823 ], [ -80.0793045, 46.9900214 ], [ -80.0793713, 46.9900476 ], [ -80.0793842, 46.990062 ], [ -80.0806634, 46.990583 ], [ -80.0806554, 46.9906826 ], [ -80.0802289, 46.9912839 ], [ -80.0801902, 46.9912853 ], [ -80.080137, 46.9913225 ], [ -80.0801398, 46.9915064 ], [ -80.0801271, 46.9915246 ], [ -80.0800491, 46.9915741 ], [ -80.0790151, 46.9915793 ], [ -80.0786374, 46.9927375 ], [ -80.0785015, 46.9927428 ], [ -80.0770348, 46.9923745 ], [ -80.0766963, 46.992576 ], [ -80.074965, 46.9922745 ], [ -80.0738945, 46.9915398 ], [ -80.072348, 46.9913235 ], [ -80.0719331, 46.9904393 ], [ -80.0700161, 46.9899789 ], [ -80.0686963, 46.9892675 ], [ -80.0684204, 46.9887913 ], [ -80.0678275, 46.9886851 ], [ -80.0673691, 46.9878487 ], [ -80.0664711, 46.9874265 ], [ -80.0658291, 46.9878443 ], [ -80.0657984, 46.9879111 ], [ -80.0657764, 46.9879182 ], [ -80.0656802, 46.9880401 ], [ -80.0656777, 46.9881735 ], [ -80.0653819, 46.9888168 ], [ -80.0642453, 46.9891536 ], [ -80.0640943, 46.9892855 ], [ -80.0640071, 46.9892981 ], [ -80.0634114, 46.9898519 ], [ -80.0631735, 46.9898037 ], [ -80.0627564, 46.9896162 ], [ -80.062511, 46.9895405 ], [ -80.0622826, 46.9894377 ] ], [ [ -80.0702029, 46.9752027 ], [ -80.0696945, 46.9754058 ], [ -80.069483, 46.975562 ], [ -80.0695948, 46.9760695 ], [ -80.069616, 46.9761469 ], [ -80.0695729, 46.9762354 ], [ -80.0697012, 46.9763427 ], [ -80.0697314, 46.9763974 ], [ -80.0698098, 46.9764155 ], [ -80.0699362, 46.9763399 ], [ -80.0700197, 46.9763156 ], [ -80.0701441, 46.976367 ], [ -80.0704134, 46.9765575 ], [ -80.0706371, 46.9766898 ], [ -80.0707776, 46.9766335 ], [ -80.0709569, 46.976504 ], [ -80.0711442, 46.9764111 ], [ -80.0710402, 46.9762818 ], [ -80.0709625, 46.9762326 ], [ -80.0707562, 46.9763041 ], [ -80.0705043, 46.9760555 ], [ -80.0710741, 46.9757567 ], [ -80.0709637, 46.9755432 ], [ -80.0706247, 46.9753106 ], [ -80.0702029, 46.9752027 ] ] ] } },
{ "type": "Feature", "properties": { "element": "relation", "id": 3412895, "natural": "wood", "source": "NRCan-CanVec-10.0", "type": "multipolygon" }, "geometry": { "type": "MultiPolygon", "coordinates": [ [ [ [ -80.0002342, 46.9545448 ], [ -80.0006429, 46.9544673 ], [ -80.0009452, 46.95447 ], [ -80.0013276, 46.9544013 ], [ -80.0020962, 46.9540571 ], [ -80.0027165, 46.9539185 ], [ -80.0028873, 46.95392 ], [ -80.0030718, 46.9538946 ], [ -80.0034683, 46.953772 ], [ -80.0036277, 46.9536834 ], [ -80.0038153, 46.9534871 ], [ -80.004071, 46.9531654 ], [ -80.0042302, 46.9530858 ], [ -80.0044012, 46.9530782 ], [ -80.004665, 46.9530265 ], [ -80.0047962, 46.9530367 ], [ -80.0048048, 46.9532797 ], [ -80.0048311, 46.95328 ], [ -80.0049106, 46.9532447 ], [ -80.0049647, 46.9531641 ], [ -80.0049792, 46.9530923 ], [ -80.0051793, 46.952932 ], [ -80.0051804, 46.952869 ], [ -80.0051422, 46.9528057 ], [ -80.0052222, 46.9527434 ], [ -80.0053544, 46.9526996 ], [ -80.0055123, 46.9526919 ], [ -80.005617, 46.9527108 ], [ -80.0056422, 46.9527741 ], [ -80.005562, 46.9528454 ], [ -80.0055211, 46.952926 ], [ -80.0056102, 46.9530797 ], [ -80.0056089, 46.9531517 ], [ -80.0055552, 46.9532143 ], [ -80.0053301, 46.9533023 ], [ -80.0051839, 46.953391 ], [ -80.0051167, 46.9534714 ], [ -80.0051689, 46.9534899 ], [ -80.0053005, 46.953482 ], [ -80.0053657, 46.9535096 ], [ -80.0054299, 46.9535911 ], [ -80.0054949, 46.9536277 ], [ -80.0055869, 46.9536285 ], [ -80.0056917, 46.9536474 ], [ -80.0057699, 46.9536841 ], [ -80.0058487, 46.9536848 ], [ -80.0060995, 46.9536239 ], [ -80.006285, 46.9535446 ], [ -80.0063138, 46.9534098 ], [ -80.0064064, 46.9533746 ], [ -80.0066153, 46.9534484 ], [ -80.0066398, 46.9535476 ], [ -80.0065194, 46.9536636 ], [ -80.0065571, 46.9537539 ], [ -80.0065029, 46.9538434 ], [ -80.0065007, 46.9539604 ], [ -80.0062712, 46.9542914 ], [ -80.0061469, 46.9546142 ], [ -80.0061985, 46.9546687 ], [ -80.0063038, 46.9546606 ], [ -80.0065919, 46.9547171 ], [ -80.006789, 46.9547188 ], [ -80.0068675, 46.9547375 ], [ -80.0069453, 46.9547922 ], [ -80.0069571, 46.9548642 ], [ -80.0069162, 46.9549449 ], [ -80.0066757, 46.9551588 ], [ -80.0066467, 46.9553025 ], [ -80.0067386, 46.9553123 ], [ -80.006872, 46.9552055 ], [ -80.0069247, 46.9551969 ], [ -80.0072702, 46.9549929 ], [ -80.0073495, 46.9549666 ], [ -80.0074279, 46.9549943 ], [ -80.0074914, 46.9551119 ], [ -80.0075154, 46.955238 ], [ -80.0075659, 46.9553465 ], [ -80.0078129, 46.9554926 ], [ -80.0080722, 46.9556838 ], [ -80.0081764, 46.9557387 ], [ -80.0082946, 46.9557397 ], [ -80.0085867, 46.9555803 ], [ -80.0088665, 46.9553757 ], [ -80.0089592, 46.9553405 ], [ -80.0091559, 46.9553602 ], [ -80.0092777, 46.9551723 ], [ -80.0092918, 46.9551184 ], [ -80.0092802, 46.9550375 ], [ -80.009216, 46.9549558 ], [ -80.0091117, 46.9549099 ], [ -80.0089437, 46.9547555 ], [ -80.0089182, 46.9547103 ], [ -80.008695, 46.9546993 ], [ -80.0085247, 46.9546709 ], [ -80.0084339, 46.9546071 ], [ -80.0084357, 46.9545081 ], [ -80.0086215, 46.9544107 ], [ -80.0086619, 46.9543571 ], [ -80.0086632, 46.9542851 ], [ -80.0085722, 46.9542303 ], [ -80.0084026, 46.9541659 ], [ -80.0080626, 46.9540729 ], [ -80.007946, 46.9539819 ], [ -80.0078813, 46.9539274 ], [ -80.0079217, 46.9538737 ], [ -80.0080406, 46.9538388 ], [ -80.0080807, 46.9538031 ], [ -80.0080556, 46.9537399 ], [ -80.0079911, 46.9536763 ], [ -80.0077306, 46.9535481 ], [ -80.0076664, 46.9534665 ], [ -80.007694, 46.9533948 ], [ -80.0077743, 46.9533145 ], [ -80.0078405, 46.9532881 ], [ -80.0080513, 46.9532629 ], [ -80.0081308, 46.9532276 ], [ -80.0082522, 46.9530577 ], [ -80.0084639, 46.9529785 ], [ -80.0087016, 46.9529176 ], [ -80.0087286, 46.9528818 ], [ -80.008606, 46.9524038 ], [ -80.0086206, 46.9523229 ], [ -80.0086612, 46.9522603 ], [ -80.0087683, 46.9521532 ], [ -80.009073, 46.9520209 ], [ -80.0092051, 46.951986 ], [ -80.0093546, 46.9517174 ], [ -80.009408, 46.9516728 ], [ -80.0094996, 46.9516916 ], [ -80.0095662, 46.9516472 ], [ -80.0096214, 46.9515037 ], [ -80.0096255, 46.9512788 ], [ -80.0097577, 46.9512349 ], [ -80.0100021, 46.951525 ], [ -80.0100658, 46.9516335 ], [ -80.0101955, 46.9517246 ], [ -80.0102466, 46.9518061 ], [ -80.0102423, 46.95204 ], [ -80.0102939, 46.9520944 ], [ -80.0104128, 46.9520595 ], [ -80.0105325, 46.9519795 ], [ -80.0106267, 46.9518633 ], [ -80.0106684, 46.9517377 ], [ -80.0107622, 46.9516395 ], [ -80.0109615, 46.9515243 ], [ -80.0111725, 46.9514811 ], [ -80.0116194, 46.951476 ], [ -80.0118042, 46.9514326 ], [ -80.0119644, 46.951299 ], [ -80.0121232, 46.9512373 ], [ -80.0122561, 46.9511575 ], [ -80.0124796, 46.9511504 ], [ -80.0126381, 46.9511068 ], [ -80.0127047, 46.9510624 ], [ -80.0127323, 46.9509906 ], [ -80.01272, 46.9509455 ], [ -80.0126684, 46.9508911 ], [ -80.0125776, 46.9508273 ], [ -80.012044, 46.9505437 ], [ -80.0115897, 46.9501888 ], [ -80.0112514, 46.9500059 ], [ -80.0111486, 46.9498791 ], [ -80.0111102, 46.9498247 ], [ -80.0112732, 46.9495382 ], [ -80.0113153, 46.9493946 ], [ -80.0113557, 46.9493409 ], [ -80.0116078, 46.9492081 ], [ -80.0116866, 46.9492088 ], [ -80.0118691, 46.9492914 ], [ -80.0120525, 46.9493199 ], [ -80.0123714, 46.9491337 ], [ -80.0124765, 46.9491346 ], [ -80.0125809, 46.9491715 ], [ -80.0131466, 46.9491404 ], [ -80.0132251, 46.9491591 ], [ -80.0132766, 46.9492135 ], [ -80.0133942, 46.9492505 ], [ -80.0136836, 46.94919 ], [ -80.0137493, 46.9491906 ], [ -80.0141675, 46.9493202 ], [ -80.014364, 46.9493489 ], [ -80.0144954, 46.94935 ], [ -80.0146282, 46.9492791 ], [ -80.0149483, 46.9490209 ], [ -80.0152395, 46.9489064 ], [ -80.0156378, 46.9486849 ], [ -80.0161131, 46.948563 ], [ -80.0162325, 46.948501 ], [ -80.0163793, 46.9483763 ], [ -80.0165776, 46.948315 ], [ -80.0166185, 46.9482344 ], [ -80.0166717, 46.9481988 ], [ -80.0168294, 46.9482002 ], [ -80.0168957, 46.9481648 ], [ -80.0169371, 46.9480571 ], [ -80.0178724, 46.9479302 ], [ -80.0181089, 46.9479322 ], [ -80.0183724, 46.9478985 ], [ -80.0184394, 46.947872 ], [ -80.0184538, 46.9478002 ], [ -80.0185463, 46.947774 ], [ -80.0186765, 46.9478381 ], [ -80.0188478, 46.9478125 ], [ -80.0189544, 46.9477325 ], [ -80.0192453, 46.947636 ], [ -80.0194846, 46.947485 ], [ -80.0196445, 46.9473604 ], [ -80.0197638, 46.9473074 ], [ -80.020094, 46.9472113 ], [ -80.0202125, 46.9472033 ], [ -80.0205173, 46.9470619 ], [ -80.0209926, 46.94694 ], [ -80.0211264, 46.9468062 ], [ -80.0213282, 46.9465469 ], [ -80.021582, 46.9463241 ], [ -80.0217147, 46.9462532 ], [ -80.0219384, 46.9462372 ], [ -80.022044, 46.9462111 ], [ -80.02215, 46.946158 ], [ -80.0222169, 46.9460956 ], [ -80.0224192, 46.9458093 ], [ -80.0225128, 46.9457201 ], [ -80.0227122, 46.9455958 ], [ -80.0229501, 46.9455169 ], [ -80.0232111, 46.9456181 ], [ -80.0233141, 46.945736 ], [ -80.0234443, 46.9458001 ], [ -80.0235624, 46.9458101 ], [ -80.0236286, 46.9457836 ], [ -80.0237087, 46.9457123 ], [ -80.023801, 46.9456951 ], [ -80.0240771, 46.9456885 ], [ -80.0242208, 46.9457347 ], [ -80.0245875, 46.9458008 ], [ -80.0248871, 46.9459473 ], [ -80.0251338, 46.9461114 ], [ -80.0252499, 46.9462294 ], [ -80.0253902, 46.9464646 ], [ -80.0254881, 46.9468614 ], [ -80.0254563, 46.9471671 ], [ -80.0253863, 46.9474454 ], [ -80.0253315, 46.947571 ], [ -80.0251321, 46.9476952 ], [ -80.024985, 46.947838 ], [ -80.0247189, 46.9480157 ], [ -80.0245731, 46.9480864 ], [ -80.0240569, 46.948289 ], [ -80.0239375, 46.948351 ], [ -80.0236207, 46.9484293 ], [ -80.023554, 46.9484827 ], [ -80.0234879, 46.9485091 ], [ -80.0234476, 46.9485538 ], [ -80.0233683, 46.9485801 ], [ -80.0233146, 46.9486427 ], [ -80.023287, 46.9487144 ], [ -80.0232704, 46.9489032 ], [ -80.0233736, 46.9490121 ], [ -80.0236344, 46.9491223 ], [ -80.0238694, 46.9492503 ], [ -80.023987, 46.9492873 ], [ -80.0241314, 46.9492975 ], [ -80.0242899, 46.9492539 ], [ -80.0243835, 46.9491647 ], [ -80.0244623, 46.9491654 ], [ -80.0245929, 46.9492115 ], [ -80.0246716, 46.9492662 ], [ -80.0247094, 46.9493565 ], [ -80.0247938, 46.9498161 ], [ -80.0247221, 46.9502385 ], [ -80.0246012, 46.9503814 ], [ -80.0242581, 46.9505045 ], [ -80.0239944, 46.9505562 ], [ -80.0239158, 46.9505376 ], [ -80.0238124, 46.9504467 ], [ -80.0237864, 46.9503835 ], [ -80.0239488, 46.9500789 ], [ -80.0239243, 46.9499347 ], [ -80.0235564, 46.9499316 ], [ -80.0233464, 46.9498758 ], [ -80.0231764, 46.9497843 ], [ -80.0229796, 46.9497647 ], [ -80.0229269, 46.9497732 ], [ -80.0229128, 46.9498271 ], [ -80.0229509, 46.9499445 ], [ -80.0229082, 46.950124 ], [ -80.0228415, 46.9502224 ], [ -80.0227752, 46.9502579 ], [ -80.0225764, 46.9503012 ], [ -80.0221932, 46.9503249 ], [ -80.0220853, 46.950432 ], [ -80.0220561, 46.9506387 ], [ -80.022029, 46.9506835 ], [ -80.0218515, 46.9508709 ], [ -80.0216056, 46.9510218 ], [ -80.0214573, 46.9510475 ], [ -80.0213103, 46.9510463 ], [ -80.0211625, 46.95109 ], [ -80.0210638, 46.9512331 ], [ -80.021057, 46.9513771 ], [ -80.0211073, 46.9515035 ], [ -80.021173, 46.951504 ], [ -80.0213987, 46.95138 ], [ -80.0220397, 46.9512235 ], [ -80.0221793, 46.9512247 ], [ -80.0226808, 46.9516252 ], [ -80.0226749, 46.9518635 ], [ -80.022871, 46.9521067 ], [ -80.0229253, 46.9521431 ], [ -80.0232942, 46.951959 ], [ -80.023321, 46.9519696 ], [ -80.0233298, 46.9519714 ], [ -80.024024, 46.9522957 ], [ -80.0238082, 46.9526154 ], [ -80.0237852, 46.9526329 ], [ -80.023788, 46.9526454 ], [ -80.0236337, 46.9528741 ], [ -80.0234108, 46.952975 ], [ -80.0221132, 46.9530462 ], [ -80.0217109, 46.9532003 ], [ -80.0216648, 46.9532936 ], [ -80.0229732, 46.9544534 ], [ -80.0227508, 46.9552792 ], [ -80.022648, 46.9553815 ], [ -80.0218418, 46.9555793 ], [ -80.0211162, 46.9558913 ], [ -80.0204914, 46.9557244 ], [ -80.020198, 46.9559881 ], [ -80.0201931, 46.9559995 ], [ -80.0199721, 46.9560977 ], [ -80.0199285, 46.9563749 ], [ -80.0199145, 46.9566468 ], [ -80.0196929, 46.9571618 ], [ -80.0188831, 46.9573315 ], [ -80.0185816, 46.958247 ], [ -80.0185234, 46.9582815 ], [ -80.0185204, 46.9584326 ], [ -80.0184646, 46.9586021 ], [ -80.0185445, 46.9588214 ], [ -80.0185761, 46.9591249 ], [ -80.0187337, 46.9593407 ], [ -80.0188539, 46.9596706 ], [ -80.0187251, 46.9600759 ], [ -80.0189035, 46.9601786 ], [ -80.0190192, 46.9601241 ], [ -80.0191543, 46.960495 ], [ -80.0189738, 46.9616345 ], [ -80.0186572, 46.9620279 ], [ -80.0186446, 46.9622552 ], [ -80.0189765, 46.9624932 ], [ -80.0192343, 46.9624623 ], [ -80.0198422, 46.9628443 ], [ -80.0198609, 46.9629137 ], [ -80.0199162, 46.9629885 ], [ -80.0193913, 46.9636198 ], [ -80.0193115, 46.9636399 ], [ -80.0192305, 46.9637183 ], [ -80.0191534, 46.9638616 ], [ -80.0188767, 46.9641923 ], [ -80.0189078, 46.9645368 ], [ -80.0185684, 46.9646974 ], [ -80.0185143, 46.9648903 ], [ -80.0186378, 46.9650978 ], [ -80.0186587, 46.965395 ], [ -80.0186616, 46.9659529 ], [ -80.0186315, 46.9661597 ], [ -80.0185891, 46.9663213 ], [ -80.0185346, 46.9664288 ], [ -80.0181472, 46.9667674 ], [ -80.018157, 46.9669475 ], [ -80.0182474, 46.9670383 ], [ -80.0185127, 46.9669146 ], [ -80.018631, 46.9669066 ], [ -80.0186563, 46.9669608 ], [ -80.0185355, 46.9670947 ], [ -80.0185346, 46.9671487 ], [ -80.0185728, 46.967212 ], [ -80.0185587, 46.9672659 ], [ -80.0184918, 46.9673283 ], [ -80.0184131, 46.9673187 ], [ -80.0183479, 46.9672911 ], [ -80.0182012, 46.9674068 ], [ -80.018067, 46.9675587 ], [ -80.0180009, 46.9675761 ], [ -80.0178844, 46.9674761 ], [ -80.0179909, 46.967405 ], [ -80.0179919, 46.9673511 ], [ -80.0180597, 46.9672346 ], [ -80.0180878, 46.9671359 ], [ -80.0179973, 46.9670541 ], [ -80.0179313, 46.9670716 ], [ -80.017705, 46.9672226 ], [ -80.0174375, 46.9674723 ], [ -80.0171584, 46.9676409 ], [ -80.0165748, 46.9679238 ], [ -80.0163352, 46.9680837 ], [ -80.0161499, 46.9681541 ], [ -80.0159506, 46.9682694 ], [ -80.0154754, 46.9683733 ], [ -80.0153044, 46.9683809 ], [ -80.0151605, 46.9683436 ], [ -80.0150304, 46.9682705 ], [ -80.0149269, 46.9681796 ], [ -80.0147728, 46.9679803 ], [ -80.0146819, 46.9679165 ], [ -80.014421, 46.9678063 ], [ -80.014055, 46.9676952 ], [ -80.0135837, 46.9675921 ], [ -80.0134859, 46.9675185 ], [ -80.0132876, 46.9674054 ], [ -80.0130522, 46.9674596 ], [ -80.012961, 46.967573 ], [ -80.0128162, 46.9676426 ], [ -80.0125855, 46.9675804 ], [ -80.0123388, 46.967573 ], [ -80.0118989, 46.9676023 ], [ -80.0117219, 46.9676023 ], [ -80.011518, 46.9675547 ], [ -80.0113517, 46.9675913 ], [ -80.0110406, 46.9677231 ], [ -80.0108367, 46.9678 ], [ -80.0106342, 46.9678546 ], [ -80.010425, 46.9677898 ], [ -80.0101627, 46.9677606 ], [ -80.0098229, 46.9677122 ], [ -80.0095199, 46.967683 ], [ -80.0094288, 46.9676372 ], [ -80.0093347, 46.967379 ], [ -80.0099972, 46.9671283 ], [ -80.0099006, 46.9669855 ], [ -80.0102091, 46.9669031 ], [ -80.0103539, 46.9670239 ], [ -80.0105095, 46.9669214 ], [ -80.0105417, 46.9667384 ], [ -80.0103807, 46.9664107 ], [ -80.0099248, 46.9664199 ], [ -80.0097907, 46.9664895 ], [ -80.0098604, 46.9665993 ], [ -80.009898, 46.9667494 ], [ -80.0098336, 46.9668446 ], [ -80.0096941, 46.9668958 ], [ -80.0094688, 46.9667274 ], [ -80.0092059, 46.9667604 ], [ -80.0091738, 46.9669287 ], [ -80.0091255, 46.9670642 ], [ -80.0089216, 46.9671264 ], [ -80.0086967, 46.9670527 ], [ -80.0085631, 46.9670304 ], [ -80.0083902, 46.9669263 ], [ -80.0083139, 46.9667907 ], [ -80.0082911, 46.9666015 ], [ -80.008349, 46.966314 ], [ -80.0083235, 46.9662688 ], [ -80.0082997, 46.9661607 ], [ -80.008176, 46.9660538 ], [ -80.0078648, 46.9660172 ], [ -80.0075598, 46.9660079 ], [ -80.0073445, 46.9658708 ], [ -80.0067383, 46.9653839 ], [ -80.0063628, 46.9646041 ], [ -80.0072148, 46.9648901 ], [ -80.009453, 46.9644691 ], [ -80.0096963, 46.9640045 ], [ -80.007742, 46.9641511 ], [ -80.0075363, 46.9641265 ], [ -80.0073321, 46.9639828 ], [ -80.0058416, 46.9638386 ], [ -80.005651, 46.9637706 ], [ -80.0069625, 46.9623624 ], [ -80.0068195, 46.9606693 ], [ -80.0065869, 46.9605301 ], [ -80.0057858, 46.9604075 ], [ -80.0059462, 46.9611143 ], [ -80.0058108, 46.9615584 ], [ -80.0057348, 46.9619774 ], [ -80.0043403, 46.962656 ], [ -80.0043009, 46.9627683 ], [ -80.0041684, 46.962802 ], [ -80.0038455, 46.9629966 ], [ -80.003887, 46.9632603 ], [ -80.0040375, 46.9634043 ], [ -80.0044346, 46.9634539 ], [ -80.00445, 46.9635272 ], [ -80.0037793, 46.963949 ], [ -80.0037466, 46.9640234 ], [ -80.0023824, 46.9641062 ], [ -80.0011861, 46.9644869 ], [ -80.0, 46.9650141 ], [ -80.0, 46.9545826 ], [ -80.0002342, 46.9545448 ] ], [ [ -80.0008153, 46.9644251 ], [ -80.0013916, 46.964392 ], [ -80.0018379, 46.9642526 ], [ -80.0022885, 46.9640536 ], [ -80.0029892, 46.9639475 ], [ -80.0029818, 46.9637536 ], [ -80.0030342, 46.9634051 ], [ -80.0032529, 46.9632215 ], [ -80.0031563, 46.962975 ], [ -80.0027586, 46.9625426 ], [ -80.0025938, 46.9624738 ], [ -80.0028074, 46.9621745 ], [ -80.0030383, 46.9612492 ], [ -80.0024078, 46.9613657 ], [ -80.0021569, 46.9615079 ], [ -80.0018227, 46.9622565 ], [ -80.0018004, 46.9622566 ], [ -80.0012752, 46.9626839 ], [ -80.0010333, 46.9630295 ], [ -80.000767, 46.9636737 ], [ -80.000453, 46.9641236 ], [ -80.0005828, 46.9642783 ], [ -80.0008153, 46.9644251 ] ], [ [ -80.016374, 46.9651388 ], [ -80.0167065, 46.9654136 ], [ -80.0179634, 46.9648862 ], [ -80.0179655, 46.9643453 ], [ -80.0174257, 46.9641649 ], [ -80.0167892, 46.9640694 ], [ -80.016374, 46.9651388 ] ] ], [ [ [ -80.0043351, 46.9647945 ], [ -80.0046891, 46.9653582 ], [ -80.0049198, 46.966753 ], [ -80.0052348, 46.9669197 ], [ -80.0051928, 46.9670671 ], [ -80.0052294, 46.9672176 ], [ -80.005294, 46.9673044 ], [ -80.0053183, 46.9674126 ], [ -80.0053819, 46.9674617 ], [ -80.0054374, 46.9675529 ], [ -80.005475, 46.9676664 ], [ -80.0054428, 46.9677085 ], [ -80.0053221, 46.9677359 ], [ -80.0051048, 46.9677835 ], [ -80.0048688, 46.9678549 ], [ -80.0046757, 46.9679538 ], [ -80.0046099, 46.9680454 ], [ -80.0046089, 46.9680994 ], [ -80.0047107, 46.9682803 ], [ -80.0047631, 46.9682897 ], [ -80.0048163, 46.9682542 ], [ -80.0049349, 46.9682372 ], [ -80.0050135, 46.9682559 ], [ -80.0050915, 46.9683016 ], [ -80.0051837, 46.9682934 ], [ -80.0052615, 46.968348 ], [ -80.0052865, 46.9684202 ], [ -80.0052456, 46.9685009 ], [ -80.0051787, 46.9685633 ], [ -80.0051773, 46.9686353 ], [ -80.0052292, 46.9686717 ], [ -80.0053477, 46.9686637 ], [ -80.0055033, 46.9687821 ], [ -80.0055946, 46.9688189 ], [ -80.0057127, 46.9688289 ], [ -80.0058169, 46.9688838 ], [ -80.0058151, 46.9689828 ], [ -80.0057603, 46.9690993 ], [ -80.0056532, 46.9692063 ], [ -80.0055334, 46.9692863 ], [ -80.0050807, 46.9695004 ], [ -80.0049305, 46.9695699 ], [ -80.0046784, 46.969709 ], [ -80.0045523, 46.9698408 ], [ -80.0042814, 46.9699598 ], [ -80.003973, 46.9700641 ], [ -80.0034526, 46.9702087 ], [ -80.0026587, 46.970432 ], [ -80.0023475, 46.9705089 ], [ -80.0019594, 46.970605 ], [ -80.0016276, 46.9707731 ], [ -80.0014422, 46.9708435 ], [ -80.0014802, 46.9709248 ], [ -80.001728, 46.971026 ], [ -80.0018986, 46.9710455 ], [ -80.0019769, 46.9710731 ], [ -80.0020678, 46.9711369 ], [ -80.0021448, 46.9712366 ], [ -80.0023144, 46.9713101 ], [ -80.0025644, 46.9712942 ], [ -80.0029438, 46.9713965 ], [ -80.0029563, 46.9714326 ], [ -80.002915, 46.9715313 ], [ -80.0025547, 46.9718161 ], [ -80.0023165, 46.971904 ], [ -80.0021319, 46.9719294 ], [ -80.0019337, 46.9719907 ], [ -80.0016018, 46.9721587 ], [ -80.0015078, 46.9722659 ], [ -80.0015597, 46.9723024 ], [ -80.0015317, 46.9723921 ], [ -80.0014389, 46.9724363 ], [ -80.0012936, 46.972471 ], [ -80.001021, 46.9726038 ], [ -80.0009486, 46.972639 ], [ -80.0008683, 46.9727193 ], [ -80.0008799, 46.9728004 ], [ -80.0009834, 46.9728913 ], [ -80.0011014, 46.9729103 ], [ -80.0012466, 46.9728756 ], [ -80.001602, 46.9728517 ], [ -80.0016305, 46.9728471 ], [ -80.0017603, 46.9728261 ], [ -80.0018386, 46.9728537 ], [ -80.0018711, 46.9729897 ], [ -80.0018752, 46.973007 ], [ -80.0019513, 46.9731607 ], [ -80.0019522, 46.9731647 ], [ -80.0019755, 46.973269 ], [ -80.0019607, 46.9733587 ], [ -80.0018278, 46.9734102 ], [ -80.0018018, 46.9734203 ], [ -80.0015251, 46.9734539 ], [ -80.0014452, 46.9735072 ], [ -80.001444, 46.9735702 ], [ -80.0015222, 46.9736069 ], [ -80.0019176, 46.9735563 ], [ -80.0021146, 46.9735671 ], [ -80.0023243, 46.9736049 ], [ -80.0024036, 46.9736031 ], [ -80.0026136, 46.9735984 ], [ -80.0026788, 46.973626 ], [ -80.0024111, 46.9738846 ], [ -80.0023961, 46.9739835 ], [ -80.0023151, 46.9740997 ], [ -80.0021558, 46.9741793 ], [ -80.0020203, 46.9743941 ], [ -80.001914, 46.9744562 ], [ -80.0015839, 46.9745343 ], [ -80.0012499, 46.9748194 ], [ -80.0009711, 46.9749609 ], [ -80.0007347, 46.9750608 ], [ -80.0005223, 46.9751084 ], [ -80.0003249, 46.9750902 ], [ -80.0001011, 46.9750628 ], [ -80.0, 46.9746224 ], [ -80.0, 46.9740347 ], [ -80.0, 46.9734689 ], [ -80.0, 46.9717475 ], [ -80.0, 46.9713793 ], [ -80.0, 46.9713317 ], [ -80.0003115, 46.9709175 ], [ -80.000494, 46.9706748 ], [ -80.0, 46.9706661 ], [ -80.0, 46.96875 ], [ -80.0, 46.9666667 ], [ -80.0, 46.9653912 ], [ -80.0022751, 46.9643991 ], [ -80.0036283, 46.9641922 ], [ -80.0043351, 46.9647945 ] ] ] ] } },
{ "type": "Feature", "properties": { "element": "relation", "id": 3909405, "natural": "wood", "source": "NRCan-CanVec-10.0", "type": "multipolygon" }, "geometry": { "type": "Polygon", "coordinates": [ [ [ -80.0831892, 47.0625243 ], [ -80.0830902, 47.0628843 ], [ -80.0830182, 47.0629368 ], [ -80.0830132, 47.0630277 ], [ -80.0829072, 47.0631389 ], [ -80.082762, 47.0631702 ], [ -80.0825195, 47.0630572 ], [ -80.0823707, 47.0630605 ], [ -80.0816675, 47.0632668 ], [ -80.0815294, 47.0633543 ], [ -80.0814276, 47.0635304 ], [ -80.0814461, 47.0637077 ], [ -80.0816895, 47.064087 ], [ -80.0823642, 47.0644999 ], [ -80.0827689, 47.0650706 ], [ -80.0835439, 47.0656192 ], [ -80.083732, 47.0656958 ], [ -80.0839474, 47.0656942 ], [ -80.084198, 47.0655149 ], [ -80.0842377, 47.0652095 ], [ -80.0843261, 47.0651872 ], [ -80.084534, 47.0653221 ], [ -80.0845759, 47.0657785 ], [ -80.0848956, 47.0665922 ], [ -80.0849664, 47.0666588 ], [ -80.0850001, 47.0667928 ], [ -80.0854642, 47.0673089 ], [ -80.0856267, 47.067574 ], [ -80.0861245, 47.0688389 ], [ -80.0871497, 47.0697861 ], [ -80.0875213, 47.0702596 ], [ -80.0878886, 47.0708609 ], [ -80.0883113, 47.0711501 ], [ -80.0888297, 47.0712806 ], [ -80.0890305, 47.0713592 ], [ -80.0895427, 47.0716997 ], [ -80.0895831, 47.0718531 ], [ -80.089497, 47.0720225 ], [ -80.0891803, 47.0722369 ], [ -80.0890779, 47.0723762 ], [ -80.0891346, 47.0725598 ], [ -80.0892216, 47.0726566 ], [ -80.0892391, 47.0727604 ], [ -80.0893292, 47.0728485 ], [ -80.0894619, 47.0732371 ], [ -80.0894877, 47.0740855 ], [ -80.0892975, 47.0748986 ], [ -80.0893014, 47.0751561 ], [ -80.0892584, 47.0752409 ], [ -80.089273, 47.0776197 ], [ -80.0893139, 47.0778099 ], [ -80.0892679, 47.0779033 ], [ -80.0893096, 47.0779376 ], [ -80.0892529, 47.0789836 ], [ -80.0891654, 47.0792721 ], [ -80.0891045, 47.0796384 ], [ -80.0891408, 47.0797269 ], [ -80.0890645, 47.0803292 ], [ -80.0889046, 47.0804407 ], [ -80.0886964, 47.0804985 ], [ -80.0886603, 47.0808321 ], [ -80.0887295, 47.0812105 ], [ -80.0889082, 47.0816984 ], [ -80.0889863, 47.0822433 ], [ -80.0888575, 47.082727 ], [ -80.0885997, 47.0845017 ], [ -80.0884667, 47.0861501 ], [ -80.0883845, 47.0865771 ], [ -80.0882024, 47.0870979 ], [ -80.0876919, 47.0879047 ], [ -80.0869255, 47.0885597 ], [ -80.0867367, 47.0890611 ], [ -80.0863635, 47.0893214 ], [ -80.0859826, 47.0894886 ], [ -80.085358, 47.0898914 ], [ -80.0852, 47.0899207 ], [ -80.0848138, 47.0899494 ], [ -80.0843647, 47.0898119 ], [ -80.0841058, 47.0896688 ], [ -80.0839436, 47.0896331 ], [ -80.0837856, 47.0896624 ], [ -80.0835936, 47.0897503 ], [ -80.0833532, 47.0897845 ], [ -80.0830338, 47.0896223 ], [ -80.0826172, 47.0894587 ], [ -80.0820138, 47.089259 ], [ -80.0817692, 47.0890977 ], [ -80.0815911, 47.0889504 ], [ -80.0813501, 47.0887511 ], [ -80.0806053, 47.087923 ], [ -80.0803392, 47.0877235 ], [ -80.0800463, 47.087639 ], [ -80.079599, 47.0876119 ], [ -80.0793255, 47.0875489 ], [ -80.0789251, 47.0872725 ], [ -80.07858, 47.0868766 ], [ -80.0783404, 47.086755 ], [ -80.0776329, 47.0867037 ], [ -80.0764233, 47.0863594 ], [ -80.0752508, 47.0859477 ], [ -80.0748308, 47.0858425 ], [ -80.0740592, 47.085744 ], [ -80.0738854, 47.0857798 ], [ -80.0736879, 47.0859219 ], [ -80.0738639, 47.0860333 ], [ -80.0740515, 47.0860731 ], [ -80.0745363, 47.0860697 ], [ -80.0748098, 47.0861327 ], [ -80.0749452, 47.0862832 ], [ -80.0752876, 47.0869173 ], [ -80.0754037, 47.0870463 ], [ -80.0762842, 47.0872176 ], [ -80.076834, 47.0875276 ], [ -80.0772644, 47.0874878 ], [ -80.0776261, 47.0877212 ], [ -80.0778706, 47.0877519 ], [ -80.0779892, 47.0878355 ], [ -80.0780702, 47.0879496 ], [ -80.0778472, 47.0880876 ], [ -80.077346, 47.0880608 ], [ -80.0771134, 47.088188 ], [ -80.0771615, 47.0884345 ], [ -80.0774517, 47.0887571 ], [ -80.0774606, 47.0889238 ], [ -80.0772885, 47.08907 ], [ -80.0770868, 47.0891472 ], [ -80.0768997, 47.0891442 ], [ -80.0766607, 47.0890593 ], [ -80.0764436, 47.0889504 ], [ -80.0763209, 47.0888019 ], [ -80.0758583, 47.0883961 ], [ -80.0755558, 47.0883008 ], [ -80.0752424, 47.0881212 ], [ -80.0749844, 47.0878221 ], [ -80.074728, 47.0876334 ], [ -80.0745282, 47.0876283 ], [ -80.0742376, 47.087691 ], [ -80.0739831, 47.0878421 ], [ -80.0737704, 47.0880276 ], [ -80.0737677, 47.0882658 ], [ -80.073816, 47.0883196 ], [ -80.0738539, 47.0885185 ], [ -80.0738072, 47.0885751 ], [ -80.0736583, 47.0885783 ], [ -80.073495, 47.088469 ], [ -80.0733521, 47.0884549 ], [ -80.0732577, 47.0884945 ], [ -80.0732731, 47.0886806 ], [ -80.0738973, 47.0890853 ], [ -80.0739335, 47.0891738 ], [ -80.0738081, 47.0892634 ], [ -80.0736125, 47.0893233 ], [ -80.0734666, 47.0893178 ], [ -80.0731864, 47.0892354 ], [ -80.0727709, 47.0890023 ], [ -80.0727656, 47.0888638 ], [ -80.0729687, 47.0886676 ], [ -80.0729325, 47.0885791 ], [ -80.0724851, 47.0881298 ], [ -80.072297, 47.0880532 ], [ -80.070923, 47.0879481 ], [ -80.0705048, 47.0879532 ], [ -80.0702553, 47.0880134 ], [ -80.069632, 47.088297 ], [ -80.0692432, 47.0883711 ], [ -80.0688341, 47.0883502 ], [ -80.0685036, 47.0882962 ], [ -80.0680801, 47.0881628 ], [ -80.0676102, 47.0878933 ], [ -80.0670739, 47.0874295 ], [ -80.066664, 47.0871423 ], [ -80.0664637, 47.0871004 ], [ -80.0663692, 47.08714 ], [ -80.0663821, 47.0873715 ], [ -80.0660719, 47.0876053 ], [ -80.065458, 47.0876702 ], [ -80.0651863, 47.087947 ], [ -80.0647075, 47.0883551 ], [ -80.0646207, 47.0884878 ], [ -80.0646442, 47.0885742 ], [ -80.0648685, 47.0887393 ], [ -80.0660352, 47.0889758 ], [ -80.0666444, 47.0892314 ], [ -80.0670763, 47.0894946 ], [ -80.0676202, 47.0900515 ], [ -80.0679429, 47.0904346 ], [ -80.0680794, 47.0906588 ], [ -80.0682142, 47.0907725 ], [ -80.0685284, 47.0907963 ], [ -80.0687837, 47.0909114 ], [ -80.068952, 47.0909298 ], [ -80.0690871, 47.0908509 ], [ -80.0691144, 47.0907728 ], [ -80.0693084, 47.0906025 ], [ -80.0696173, 47.0904878 ], [ -80.0698079, 47.090519 ], [ -80.0707172, 47.0909152 ], [ -80.071061, 47.0910081 ], [ -80.0713392, 47.0911728 ], [ -80.0715014, 47.0912085 ], [ -80.0715995, 47.091197 ], [ -80.0720487, 47.0911418 ], [ -80.0732175, 47.0908739 ], [ -80.0740538, 47.0906342 ], [ -80.0744384, 47.0904951 ], [ -80.0753181, 47.0904001 ], [ -80.0756068, 47.0899976 ], [ -80.0757425, 47.0899555 ], [ -80.075898, 47.0899717 ], [ -80.0761992, 47.0901861 ], [ -80.0763319, 47.0905748 ], [ -80.0764087, 47.090624 ], [ -80.0764073, 47.0907431 ], [ -80.0765065, 47.0908052 ], [ -80.076915, 47.0914041 ], [ -80.0769548, 47.0915207 ], [ -80.076867, 47.0920019 ], [ -80.077313, 47.0921481 ], [ -80.0785813, 47.0921716 ], [ -80.0793439, 47.0922961 ], [ -80.0796719, 47.0923955 ], [ -80.0798422, 47.0927536 ], [ -80.0798378, 47.0928814 ], [ -80.0799664, 47.0932052 ], [ -80.0801786, 47.093405 ], [ -80.0803317, 47.0934667 ], [ -80.0805884, 47.0934627 ], [ -80.0808556, 47.0933136 ], [ -80.0810197, 47.093267 ], [ -80.0812709, 47.0933171 ], [ -80.0818523, 47.0936139 ], [ -80.0830088, 47.0939953 ], [ -80.0832755, 47.0942315 ], [ -80.0836464, 47.0944389 ], [ -80.0837026, 47.0945857 ], [ -80.0836697, 47.094718 ], [ -80.0833416, 47.0952334 ], [ -80.0832532, 47.0952557 ], [ -80.0831382, 47.0952002 ], [ -80.0831081, 47.0950943 ], [ -80.0831937, 47.0948881 ], [ -80.0830709, 47.0947396 ], [ -80.0828966, 47.0947386 ], [ -80.0823454, 47.0949699 ], [ -80.0818843, 47.0952892 ], [ -80.0815436, 47.0956099 ], [ -80.081348, 47.0956697 ], [ -80.0811725, 47.0955952 ], [ -80.0811266, 47.095496 ], [ -80.0812381, 47.0949085 ], [ -80.0814682, 47.0944046 ], [ -80.0814424, 47.094171 ], [ -80.0813299, 47.0940701 ], [ -80.0811835, 47.0940278 ], [ -80.0807444, 47.0941305 ], [ -80.0806795, 47.0942392 ], [ -80.0807141, 47.0946395 ], [ -80.0806725, 47.0950273 ], [ -80.0805493, 47.0952641 ], [ -80.0805815, 47.0957098 ], [ -80.0804603, 47.0962865 ], [ -80.0802059, 47.0968599 ], [ -80.0799938, 47.0970822 ], [ -80.0799114, 47.0970871 ], [ -80.0796296, 47.0973164 ], [ -80.0795901, 47.0974292 ], [ -80.0795904, 47.0976587 ], [ -80.0795098, 47.097774 ], [ -80.0792135, 47.0978909 ], [ -80.0789635, 47.0979143 ], [ -80.0786216, 47.0977392 ], [ -80.0784035, 47.0973641 ], [ -80.0781556, 47.0971125 ], [ -80.0778173, 47.0969656 ], [ -80.0775702, 47.0969803 ], [ -80.0771408, 47.0970938 ], [ -80.0765119, 47.0974316 ], [ -80.076303, 47.0974525 ], [ -80.0758144, 47.0974279 ], [ -80.0752698, 47.0976785 ], [ -80.0751518, 47.0980538 ], [ -80.0750717, 47.0982059 ], [ -80.0748001, 47.0984828 ], [ -80.074815, 47.0986321 ], [ -80.0750547, 47.0987538 ], [ -80.0752708, 47.098789 ], [ -80.0754344, 47.0987056 ], [ -80.0754291, 47.0985671 ], [ -80.0754885, 47.0985126 ], [ -80.0756054, 47.0984858 ], [ -80.075819, 47.0985665 ], [ -80.0760685, 47.0985063 ], [ -80.0762982, 47.0983878 ], [ -80.076561, 47.0983664 ], [ -80.0766602, 47.0984285 ], [ -80.076828, 47.0988322 ], [ -80.0771061, 47.0991896 ], [ -80.077333, 47.0993092 ], [ -80.0776096, 47.0993635 ], [ -80.0777257, 47.0994926 ], [ -80.0777271, 47.0997956 ], [ -80.0776677, 47.0998502 ], [ -80.0776542, 47.100004 ], [ -80.0775821, 47.1000564 ], [ -80.0774777, 47.100278 ], [ -80.07693, 47.1009595 ], [ -80.0767985, 47.1010665 ], [ -80.0766114, 47.1010635 ], [ -80.0764776, 47.1010233 ], [ -80.076348, 47.101048 ], [ -80.0763303, 47.1011369 ], [ -80.0768602, 47.1015813 ], [ -80.0769755, 47.1018662 ], [ -80.0768982, 47.1026245 ], [ -80.0769091, 47.103131 ], [ -80.0770299, 47.1033618 ], [ -80.076894, 47.1035965 ], [ -80.0769368, 47.1037045 ], [ -80.0770131, 47.1037169 ], [ -80.0771317, 47.1038005 ], [ -80.0771115, 47.1039349 ], [ -80.0764955, 47.1045043 ], [ -80.0763502, 47.1045356 ], [ -80.0762388, 47.1045083 ], [ -80.0759729, 47.1045383 ], [ -80.0753826, 47.1049191 ], [ -80.075465, 47.1053364 ], [ -80.0754728, 47.1058516 ], [ -80.0751514, 47.1066159 ], [ -80.075186, 47.1070161 ], [ -80.0748185, 47.1078739 ], [ -80.0748841, 47.1086463 ], [ -80.074804, 47.1087984 ], [ -80.0746423, 47.1087995 ], [ -80.0743852, 47.108574 ], [ -80.0739711, 47.1084514 ], [ -80.0736292, 47.1082763 ], [ -80.0734702, 47.1080393 ], [ -80.0735915, 47.1070404 ], [ -80.0736351, 47.1069924 ], [ -80.0736279, 47.106514 ], [ -80.0735627, 47.1063933 ], [ -80.0733413, 47.1062195 ], [ -80.0730483, 47.1061349 ], [ -80.0729739, 47.1060402 ], [ -80.0728946, 47.1056143 ], [ -80.0724457, 47.105284 ], [ -80.0720728, 47.1051589 ], [ -80.0719432, 47.1051837 ], [ -80.0718213, 47.1053014 ], [ -80.0717832, 47.1057173 ], [ -80.0719087, 47.106472 ], [ -80.072134, 47.1069034 ], [ -80.072333, 47.1074865 ], [ -80.0722932, 47.1077921 ], [ -80.072162, 47.1081286 ], [ -80.0719668, 47.1082252 ], [ -80.0717512, 47.1082267 ], [ -80.0715174, 47.1082803 ], [ -80.0714505, 47.1084713 ], [ -80.0715213, 47.1089601 ], [ -80.0714981, 47.1091031 ], [ -80.0715398, 47.1095596 ], [ -80.0714649, 47.1102724 ], [ -80.0713721, 47.1104224 ], [ -80.0713488, 47.1105655 ], [ -80.0714226, 47.1106234 ], [ -80.0715371, 47.1106421 ], [ -80.0719948, 47.1102947 ], [ -80.0722972, 47.1101605 ], [ -80.0724874, 47.1101548 ], [ -80.0726292, 47.1100954 ], [ -80.0727915, 47.110131 ], [ -80.0728344, 47.1110833 ], [ -80.0726185, 47.1116997 ], [ -80.0727377, 47.11182 ], [ -80.0727429, 47.1119586 ], [ -80.0727004, 47.1120801 ], [ -80.072359, 47.1123639 ], [ -80.0722169, 47.1126161 ], [ -80.0722081, 47.1128716 ], [ -80.0722963, 47.113042 ], [ -80.0726059, 47.1133862 ], [ -80.0726941, 47.1135567 ], [ -80.0726546, 47.1136695 ], [ -80.0723588, 47.1138231 ], [ -80.072301, 47.1139881 ], [ -80.0723679, 47.1142193 ], [ -80.0723265, 47.1144144 ], [ -80.0721197, 47.1145826 ], [ -80.0716942, 47.1147609 ], [ -80.071266, 47.1147552 ], [ -80.0708447, 47.1145763 ], [ -80.0701796, 47.1142108 ], [ -80.0699446, 47.1141908 ], [ -80.0698658, 47.1142238 ], [ -80.0698583, 47.1143603 ], [ -80.0701041, 47.1144646 ], [ -80.0703111, 47.114526 ], [ -80.0705738, 47.1146973 ], [ -80.0708093, 47.1151763 ], [ -80.0709249, 47.1152686 ], [ -80.0712826, 47.1154371 ], [ -80.0716196, 47.1157032 ], [ -80.0716569, 47.1158653 ], [ -80.0716017, 47.1159848 ], [ -80.0709426, 47.1164462 ], [ -80.0706139, 47.1167321 ], [ -80.0705332, 47.1168474 ], [ -80.070513, 47.1169818 ], [ -80.070419, 47.1170582 ], [ -80.0704309, 47.1172162 ], [ -80.0703587, 47.1172687 ], [ -80.0703512, 47.1174051 ], [ -80.0699241, 47.1178952 ], [ -80.0695074, 47.1182402 ], [ -80.0678038, 47.1192653 ], [ -80.0668363, 47.1196856 ], [ -80.0656753, 47.1203129 ], [ -80.0641551, 47.1208907 ], [ -80.063914, 47.120888 ], [ -80.0635537, 47.1207649 ], [ -80.0627938, 47.1202095 ], [ -80.0625546, 47.1201245 ], [ -80.062279, 47.1201437 ], [ -80.061977, 47.1203147 ], [ -80.061931, 47.1206376 ], [ -80.061973, 47.1209014 ], [ -80.0618536, 47.1209737 ], [ -80.0617961, 47.120946 ], [ -80.0615677, 47.1209454 ], [ -80.0614758, 47.121169 ], [ -80.0613976, 47.1212388 ], [ -80.0611509, 47.1212903 ], [ -80.0610915, 47.1213449 ], [ -80.061147, 47.1214549 ], [ -80.0616646, 47.1217046 ], [ -80.0618579, 47.1216903 ], [ -80.062318, 47.1214901 ], [ -80.062467, 47.1214869 ], [ -80.0625535, 47.1215469 ], [ -80.0625455, 47.1216466 ], [ -80.0624108, 47.1217623 ], [ -80.0619695, 47.1219472 ], [ -80.0619178, 47.1220948 ], [ -80.0619775, 47.1222697 ], [ -80.062503, 47.122842 ], [ -80.0626111, 47.1230707 ], [ -80.062593, 47.1233523 ], [ -80.0624871, 47.123693 ], [ -80.0621795, 47.1243403 ], [ -80.0617699, 47.1247415 ], [ -80.0614087, 47.125 ], [ -80.0, 47.125 ], [ -80.0, 47.116668 ], [ -80.0, 47.116194 ], [ -80.0001906, 47.1160579 ], [ -80.0002156, 47.1157958 ], [ -80.0001206, 47.1155691 ], [ -80.0001275, 47.1149001 ], [ -80.0000579, 47.1146775 ], [ -80.0, 47.114596 ], [ -80.0, 47.10362 ], [ -80.0, 47.1 ], [ -80.0, 47.083333 ], [ -80.0, 47.066671 ], [ -80.0, 47.0625 ], [ -80.0280172, 47.0625 ], [ -80.0279014, 47.0626845 ], [ -80.0272264, 47.0631153 ], [ -80.0268292, 47.0634815 ], [ -80.0268109, 47.0635336 ], [ -80.0266515, 47.0636818 ], [ -80.0266373, 47.0637988 ], [ -80.0261472, 47.064315 ], [ -80.0261452, 47.0643973 ], [ -80.0259923, 47.0645649 ], [ -80.0259618, 47.0646517 ], [ -80.0255992, 47.0649961 ], [ -80.0255261, 47.0652043 ], [ -80.0255591, 47.0653015 ], [ -80.025517, 47.0654598 ], [ -80.0250964, 47.0657396 ], [ -80.0249263, 47.0660329 ], [ -80.0247602, 47.0661617 ], [ -80.0246367, 47.066169 ], [ -80.0238803, 47.0657605 ], [ -80.0237345, 47.065755 ], [ -80.023482, 47.0658237 ], [ -80.0231782, 47.0660768 ], [ -80.0229593, 47.0665089 ], [ -80.0227887, 47.0669949 ], [ -80.0223764, 47.0685517 ], [ -80.0224038, 47.0689325 ], [ -80.0225532, 47.0691956 ], [ -80.0232036, 47.0697152 ], [ -80.023289, 47.0699311 ], [ -80.023165, 47.0701311 ], [ -80.0226316, 47.0705025 ], [ -80.0225493, 47.0705074 ], [ -80.0225219, 47.0705855 ], [ -80.0223588, 47.0707056 ], [ -80.0220774, 47.0712009 ], [ -80.0220423, 47.0714154 ], [ -80.0221897, 47.0717608 ], [ -80.0222035, 47.0720659 ], [ -80.0220739, 47.07232 ], [ -80.0221034, 47.0726185 ], [ -80.0222432, 47.0728709 ], [ -80.0226944, 47.0734221 ], [ -80.0227051, 47.0735065 ], [ -80.0230689, 47.073924 ], [ -80.0234374, 47.0744433 ], [ -80.0236061, 47.0747279 ], [ -80.0237443, 47.0750993 ], [ -80.0236347, 47.0756412 ], [ -80.0234365, 47.0759758 ], [ -80.0233614, 47.0762664 ], [ -80.0231065, 47.0775279 ], [ -80.0231141, 47.0778503 ], [ -80.0232102, 47.0779211 ], [ -80.0232788, 47.0780701 ], [ -80.0232656, 47.0782606 ], [ -80.0233149, 47.078388 ], [ -80.0235207, 47.0786053 ], [ -80.0237855, 47.0787313 ], [ -80.0241539, 47.0787917 ], [ -80.0244817, 47.0791207 ], [ -80.024622, 47.0791804 ], [ -80.0248598, 47.0791919 ], [ -80.0252424, 47.0791353 ], [ -80.0253319, 47.0791866 ], [ -80.0253644, 47.079247 ], [ -80.0254087, 47.0796948 ], [ -80.0256262, 47.0798406 ], [ -80.0256847, 47.0799419 ], [ -80.0256522, 47.080111 ], [ -80.0254881, 47.080387 ], [ -80.0253697, 47.0805328 ], [ -80.0251085, 47.0806644 ], [ -80.0249469, 47.0806654 ], [ -80.0246471, 47.0805245 ], [ -80.0242344, 47.0802458 ], [ -80.0240941, 47.0801861 ], [ -80.0239016, 47.0802371 ], [ -80.023738, 47.0805499 ], [ -80.0232781, 47.0809793 ], [ -80.0231724, 47.0811272 ], [ -80.0234332, 47.0814178 ], [ -80.0235404, 47.0816097 ], [ -80.0235527, 47.0824928 ], [ -80.0236478, 47.0827195 ], [ -80.0239309, 47.0830229 ], [ -80.0240931, 47.0832881 ], [ -80.0241012, 47.0834179 ], [ -80.0242623, 47.0836095 ], [ -80.0246786, 47.0839163 ], [ -80.0251096, 47.084143 ], [ -80.0258633, 47.0843307 ], [ -80.0261668, 47.0844998 ], [ -80.0261602, 47.0847098 ], [ -80.0260007, 47.0850875 ], [ -80.0260586, 47.085152 ], [ -80.026047, 47.0852235 ], [ -80.0262691, 47.085471 ], [ -80.0262499, 47.0859084 ], [ -80.026163, 47.086041 ], [ -80.0261178, 47.086208 ], [ -80.0260461, 47.0862972 ], [ -80.0260258, 47.0864316 ], [ -80.0259476, 47.0865014 ], [ -80.0259303, 47.086627 ], [ -80.025846, 47.0867142 ], [ -80.025845, 47.08687 ], [ -80.0257159, 47.0869315 ], [ -80.0257124, 47.0871328 ], [ -80.0256128, 47.0872634 ], [ -80.0256103, 47.0875383 ], [ -80.0256845, 47.0876331 ], [ -80.0261329, 47.0879635 ], [ -80.0261634, 47.0881062 ], [ -80.0262371, 47.0881641 ], [ -80.0262463, 47.088597 ], [ -80.0261772, 47.0886408 ], [ -80.0261579, 47.0888487 ], [ -80.0260802, 47.0889553 ], [ -80.0260716, 47.0894771 ], [ -80.026155, 47.0895458 ], [ -80.0261673, 47.0897405 ], [ -80.0266686, 47.0904559 ], [ -80.0266762, 47.090549 ], [ -80.0267692, 47.0906285 ], [ -80.0267591, 47.0908104 ], [ -80.02693, 47.0912422 ], [ -80.0272467, 47.0914501 ], [ -80.0272828, 47.0915386 ], [ -80.0270384, 47.0917372 ], [ -80.0270409, 47.0919212 ], [ -80.0273404, 47.0922548 ], [ -80.0275545, 47.0926019 ], [ -80.0276378, 47.0926706 ], [ -80.0276394, 47.092781 ], [ -80.0277197, 47.0928584 ], [ -80.0277182, 47.0929775 ], [ -80.0278057, 47.0931112 ], [ -80.0278134, 47.0934337 ], [ -80.0277412, 47.0934861 ], [ -80.0277316, 47.0937048 ], [ -80.0279508, 47.093961 ], [ -80.0280403, 47.0942418 ], [ -80.0279885, 47.0946188 ], [ -80.0278208, 47.0948667 ], [ -80.0275088, 47.0952194 ], [ -80.0274224, 47.0953888 ], [ -80.0274179, 47.0955166 ], [ -80.0273554, 47.0955798 ], [ -80.0273341, 47.09587 ], [ -80.0273895, 47.09598 ], [ -80.027419, 47.0962786 ], [ -80.0278818, 47.0967215 ], [ -80.0279311, 47.0968489 ], [ -80.0279921, 47.0969048 ], [ -80.0280227, 47.0972769 ], [ -80.028071, 47.0973307 ], [ -80.028069, 47.097413 ], [ -80.0285165, 47.0978993 ], [ -80.0285182, 47.0986981 ], [ -80.0284587, 47.0987527 ], [ -80.0284314, 47.0992897 ], [ -80.0284868, 47.0993997 ], [ -80.0285094, 47.100101 ], [ -80.0287775, 47.1006773 ], [ -80.0289351, 47.1008408 ], [ -80.0296272, 47.1013579 ], [ -80.03042, 47.1020476 ], [ -80.0305939, 47.1022413 ], [ -80.0314886, 47.1034066 ], [ -80.0317237, 47.1038857 ], [ -80.0318631, 47.1043307 ], [ -80.0318277, 47.1049674 ], [ -80.0317907, 47.1050348 ], [ -80.0317825, 47.1051344 ], [ -80.0316596, 47.105408 ], [ -80.0316332, 47.1055597 ], [ -80.0315488, 47.1056469 ], [ -80.0314496, 47.1055847 ], [ -80.0314242, 47.1053511 ], [ -80.0312873, 47.1050901 ], [ -80.031031, 47.1049012 ], [ -80.0306562, 47.1048582 ], [ -80.0299099, 47.104993 ], [ -80.0297019, 47.1050875 ], [ -80.0287655, 47.1056868 ], [ -80.0285718, 47.1058938 ], [ -80.0285083, 47.1061128 ], [ -80.0284926, 47.1063489 ], [ -80.0287911, 47.1066089 ], [ -80.0289631, 47.1068849 ], [ -80.0289561, 47.1075171 ], [ -80.0288865, 47.1077535 ], [ -80.0288209, 47.1078254 ], [ -80.0287971, 47.1079316 ], [ -80.0287345, 47.1079948 ], [ -80.0286487, 47.108201 ], [ -80.0286498, 47.1087336 ], [ -80.0287567, 47.1093477 ], [ -80.0288437, 47.1094446 ], [ -80.028883, 47.1097539 ], [ -80.028947, 47.1098011 ], [ -80.0289788, 47.1107058 ], [ -80.0293862, 47.1110387 ], [ -80.0293797, 47.1112488 ], [ -80.0295353, 47.1112651 ], [ -80.0299563, 47.1112147 ], [ -80.0303173, 47.1109525 ], [ -80.0305185, 47.1103796 ], [ -80.0305134, 47.1102411 ], [ -80.0305632, 47.1101758 ], [ -80.0307476, 47.109536 ], [ -80.0308788, 47.1093922 ], [ -80.0310298, 47.1093068 ], [ -80.0312927, 47.1092856 ], [ -80.031468, 47.1091307 ], [ -80.0314701, 47.1090484 ], [ -80.0313261, 47.1089606 ], [ -80.0310556, 47.1088888 ], [ -80.0311008, 47.1087218 ], [ -80.0313824, 47.1084558 ], [ -80.0317651, 47.1079402 ], [ -80.0318398, 47.1076128 ], [ -80.0317334, 47.107265 ], [ -80.0318142, 47.1071497 ], [ -80.0322667, 47.1070861 ], [ -80.0327615, 47.1070937 ], [ -80.0328245, 47.1070673 ], [ -80.0330091, 47.1071159 ], [ -80.0334078, 47.1072821 ], [ -80.0336748, 47.1073258 ], [ -80.0339275, 47.107257 ], [ -80.0342508, 47.1070254 ], [ -80.034324, 47.1070466 ], [ -80.0343729, 47.1071372 ], [ -80.0347666, 47.1073943 ], [ -80.0351927, 47.1074824 ], [ -80.0355918, 47.107456 ], [ -80.0359071, 47.107324 ], [ -80.0361449, 47.1071059 ], [ -80.0364062, 47.1069743 ], [ -80.036603, 47.1069881 ], [ -80.0368105, 47.1070864 ], [ -80.0369419, 47.1074016 ], [ -80.0369796, 47.1076005 ], [ -80.0369629, 47.107763 ], [ -80.0367916, 47.1079827 ], [ -80.0369045, 47.1081205 ], [ -80.0371477, 47.1082705 ], [ -80.0380346, 47.1084248 ], [ -80.0382817, 47.1084101 ], [ -80.0385552, 47.1082438 ], [ -80.0388455, 47.1081444 ], [ -80.0390895, 47.1081385 ], [ -80.0392467, 47.1082652 ], [ -80.0392956, 47.1083558 ], [ -80.039225, 47.1085186 ], [ -80.0389002, 47.1088693 ], [ -80.0386421, 47.1092218 ], [ -80.038606, 47.1093627 ], [ -80.0387383, 47.109522 ], [ -80.0389688, 47.1096699 ], [ -80.0393573, 47.1097885 ], [ -80.0398467, 47.1100797 ], [ -80.0405431, 47.1106617 ], [ -80.040892, 47.1106637 ], [ -80.0411116, 47.1104977 ], [ -80.0412599, 47.1102283 ], [ -80.0413269, 47.1100373 ], [ -80.0414296, 47.1098981 ], [ -80.0419344, 47.1097237 ], [ -80.0420457, 47.1095216 ], [ -80.0420449, 47.1090258 ], [ -80.0419889, 47.108879 ], [ -80.0417798, 47.1086704 ], [ -80.041711, 47.1085215 ], [ -80.0418109, 47.1079687 ], [ -80.0418947, 47.1078448 ], [ -80.0420828, 47.107692 ], [ -80.0422785, 47.1076322 ], [ -80.0425053, 47.1075225 ], [ -80.0424797, 47.1072888 ], [ -80.0420996, 47.1068779 ], [ -80.0415942, 47.106786 ], [ -80.0412397, 47.1066087 ], [ -80.0410977, 47.1064386 ], [ -80.0407874, 47.1062502 ], [ -80.0403862, 47.1061295 ], [ -80.0401167, 47.1061313 ], [ -80.039715, 47.1062032 ], [ -80.0389387, 47.1064617 ], [ -80.0384964, 47.1065729 ], [ -80.0383001, 47.1065958 ], [ -80.0381252, 47.106558 ], [ -80.0376741, 47.1062731 ], [ -80.0375118, 47.1062374 ], [ -80.0372998, 47.1062669 ], [ -80.0366232, 47.1066243 ], [ -80.0363583, 47.1067278 ], [ -80.0361143, 47.1067338 ], [ -80.0355356, 47.1066207 ], [ -80.0351298, 47.1066277 ], [ -80.0345644, 47.106783 ], [ -80.0343219, 47.1066699 ], [ -80.034302, 47.1066116 ], [ -80.034397, 47.1063793 ], [ -80.0342688, 47.1062849 ], [ -80.0341036, 47.1062578 ], [ -80.0339297, 47.1062936 ], [ -80.0337222, 47.1061954 ], [ -80.0337226, 47.1060027 ], [ -80.0338654, 47.1057875 ], [ -80.0341699, 47.1055711 ], [ -80.0345893, 47.1054103 ], [ -80.0353962, 47.1052946 ], [ -80.0356789, 47.1053316 ], [ -80.0386915, 47.1051363 ], [ -80.0408504, 47.1051132 ], [ -80.0413686, 47.1052071 ], [ -80.0425449, 47.1056474 ], [ -80.0428815, 47.1056841 ], [ -80.0430778, 47.1056611 ], [ -80.0434021, 47.1055031 ], [ -80.043675, 47.1052999 ], [ -80.0437934, 47.1051541 ], [ -80.0438925, 47.1043351 ], [ -80.0438188, 47.1042771 ], [ -80.0437434, 47.1041088 ], [ -80.0435288, 47.1039543 ], [ -80.0433193, 47.1039384 ], [ -80.042964, 47.1041465 ], [ -80.0428399, 47.104117 ], [ -80.0426446, 47.1039841 ], [ -80.0426608, 47.1037848 ], [ -80.0427329, 47.1037324 ], [ -80.0428232, 47.1033984 ], [ -80.0427916, 47.1031821 ], [ -80.0423557, 47.1028538 ], [ -80.0421482, 47.1027556 ], [ -80.0417479, 47.102479 ], [ -80.0413913, 47.1021545 ], [ -80.0412045, 47.1017293 ], [ -80.0412196, 47.1014564 ], [ -80.0412907, 47.1013304 ], [ -80.0413115, 47.1012328 ], [ -80.0414263, 47.1010589 ], [ -80.0418242, 47.1007293 ], [ -80.0421134, 47.1005564 ], [ -80.0425175, 47.1004389 ], [ -80.0427646, 47.1004243 ], [ -80.0429655, 47.100503 ], [ -80.0436765, 47.1010048 ], [ -80.044005, 47.1011412 ], [ -80.0443162, 47.1011737 ], [ -80.0445241, 47.1010792 ], [ -80.0449327, 47.100834 ], [ -80.045506, 47.100579 ], [ -80.0458337, 47.1002196 ], [ -80.0467144, 47.0997396 ], [ -80.0472571, 47.0993419 ], [ -80.0473526, 47.0991464 ], [ -80.0474033, 47.0989253 ], [ -80.0473166, 47.0986358 ], [ -80.0472296, 47.0985389 ], [ -80.0471686, 47.0984831 ], [ -80.0468284, 47.0984183 ], [ -80.046346, 47.0983761 ], [ -80.0455937, 47.0985283 ], [ -80.0447403, 47.0989303 ], [ -80.0444012, 47.098939 ], [ -80.0442518, 47.0989054 ], [ -80.0441333, 47.0988218 ], [ -80.0440844, 47.0987312 ], [ -80.0443243, 47.0977792 ], [ -80.0443392, 47.0972769 ], [ -80.044252, 47.0967211 ], [ -80.0442805, 47.096065 ], [ -80.0443658, 47.0958219 ], [ -80.0445024, 47.095624 ], [ -80.0448007, 47.095425 ], [ -80.0451249, 47.095267 ], [ -80.0455809, 47.0952314 ], [ -80.0458772, 47.0951147 ], [ -80.0460958, 47.0951046 ], [ -80.0463372, 47.0951441 ], [ -80.0465035, 47.0952447 ], [ -80.0467742, 47.0955459 ], [ -80.0468069, 47.0958358 ], [ -80.0468685, 47.0959285 ], [ -80.0468864, 47.0960691 ], [ -80.0470136, 47.0963193 ], [ -80.0471321, 47.0964029 ], [ -80.0473451, 47.096447 ], [ -80.047427, 47.0964053 ], [ -80.047439, 47.0961411 ], [ -80.0476374, 47.0956137 ], [ -80.048093, 47.0951192 ], [ -80.0481346, 47.0949241 ], [ -80.0484692, 47.0943915 ], [ -80.0489031, 47.0941504 ], [ -80.0491837, 47.0940403 ], [ -80.0496101, 47.0939356 ], [ -80.0502901, 47.0938358 ], [ -80.050716, 47.0936943 ], [ -80.0516469, 47.0931858 ], [ -80.0522908, 47.0929974 ], [ -80.0532463, 47.0928783 ], [ -80.0537674, 47.0929635 ], [ -80.0545117, 47.0931402 ], [ -80.0549372, 47.0931914 ], [ -80.0551273, 47.0931858 ], [ -80.0555537, 47.0930812 ], [ -80.0558174, 47.092904 ], [ -80.0559473, 47.0926866 ], [ -80.0558607, 47.0923971 ], [ -80.0557471, 47.0922226 ], [ -80.055479, 47.0918759 ], [ -80.0550517, 47.0914848 ], [ -80.0549757, 47.0912797 ], [ -80.0550548, 47.091054 ], [ -80.0553976, 47.0906512 ], [ -80.0561087, 47.0900792 ], [ -80.0569123, 47.0895498 ], [ -80.0570856, 47.0894771 ], [ -80.0571978, 47.0893487 ], [ -80.0574026, 47.0892628 ], [ -80.0576587, 47.0892221 ], [ -80.0579164, 47.0892918 ], [ -80.0582593, 47.0895405 ], [ -80.0586257, 47.0901052 ], [ -80.059027, 47.0908774 ], [ -80.0594065, 47.0912514 ], [ -80.059672, 47.0914141 ], [ -80.0597574, 47.0914006 ], [ -80.0597878, 47.0913138 ], [ -80.059752, 47.0910326 ], [ -80.0592291, 47.0891117 ], [ -80.0591676, 47.0890191 ], [ -80.0585652, 47.0872871 ], [ -80.0585771, 47.0870229 ], [ -80.0584554, 47.0867185 ], [ -80.0585161, 47.0858933 ], [ -80.0585755, 47.0858388 ], [ -80.05862, 47.085635 ], [ -80.0588834, 47.0852284 ], [ -80.0590774, 47.0850582 ], [ -80.0595457, 47.0847952 ], [ -80.0601265, 47.0846332 ], [ -80.0610564, 47.0845099 ], [ -80.0611752, 47.0844009 ], [ -80.0610219, 47.0841097 ], [ -80.0605794, 47.083762 ], [ -80.0601723, 47.0836588 ], [ -80.059756, 47.0835816 ], [ -80.059296, 47.0835523 ], [ -80.0590211, 47.0836083 ], [ -80.0588449, 47.0836896 ], [ -80.058744, 47.0839392 ], [ -80.0585702, 47.083975 ], [ -80.0582138, 47.0838801 ], [ -80.0573471, 47.0835548 ], [ -80.0567498, 47.0834572 ], [ -80.0565039, 47.0835455 ], [ -80.0563099, 47.0837157 ], [ -80.0561521, 47.0839743 ], [ -80.0559098, 47.0840907 ], [ -80.0555648, 47.0841169 ], [ -80.0549432, 47.0840887 ], [ -80.0546617, 47.0841252 ], [ -80.0544727, 47.0842045 ], [ -80.0543845, 47.0844562 ], [ -80.0543584, 47.0854889 ], [ -80.0543219, 47.0855931 ], [ -80.0543545, 47.0856535 ], [ -80.0541907, 47.086159 ], [ -80.0539749, 47.0863531 ], [ -80.0536867, 47.0863702 ], [ -80.0531281, 47.0863156 ], [ -80.0525656, 47.0864255 ], [ -80.051712, 47.0867906 ], [ -80.0510962, 47.0869377 ], [ -80.050592, 47.0869195 ], [ -80.0500837, 47.0868364 ], [ -80.0496922, 47.0867264 ], [ -80.0485574, 47.0860544 ], [ -80.047602, 47.0855219 ], [ -80.0471979, 47.0854099 ], [ -80.0468929, 47.08536 ], [ -80.0466084, 47.0854052 ], [ -80.0463411, 47.0855542 ], [ -80.0462142, 47.0857629 ], [ -80.0460034, 47.085866 ], [ -80.0457467, 47.0858699 ], [ -80.0452318, 47.0857673 ], [ -80.0450168, 47.0858056 ], [ -80.0444686, 47.0860279 ], [ -80.0441139, 47.0860433 ], [ -80.0438851, 47.0860058 ], [ -80.043578, 47.0858088 ], [ -80.0434066, 47.0855696 ], [ -80.0432719, 47.0854558 ], [ -80.0428821, 47.0854563 ], [ -80.042665, 47.0853473 ], [ -80.0426384, 47.0850401 ], [ -80.042376, 47.0848687 ], [ -80.0421665, 47.0846233 ], [ -80.0420956, 47.0840978 ], [ -80.0419705, 47.0839947 ], [ -80.0415857, 47.0839042 ], [ -80.0414118, 47.0837105 ], [ -80.0414382, 47.0835588 ], [ -80.0416454, 47.0834276 ], [ -80.0418568, 47.0833612 ], [ -80.0419274, 47.0831984 ], [ -80.0418388, 47.0829912 ], [ -80.04164, 47.0828302 ], [ -80.0413462, 47.0826719 ], [ -80.0410855, 47.0826109 ], [ -80.0407216, 47.0826523 ], [ -80.0404158, 47.0827583 ], [ -80.0401303, 47.0829593 ], [ -80.0399312, 47.0832204 ], [ -80.0397488, 47.083319 ], [ -80.0395395, 47.0835326 ], [ -80.0392381, 47.0835108 ], [ -80.039202, 47.0834223 ], [ -80.0393803, 47.0832587 ], [ -80.0394198, 47.0829164 ], [ -80.039379, 47.0827262 ], [ -80.0391264, 47.0825656 ], [ -80.0389957, 47.0825166 ], [ -80.0386827, 47.0825663 ], [ -80.0384037, 47.0825574 ], [ -80.0381638, 47.0823988 ], [ -80.0380615, 47.0821159 ], [ -80.0379492, 47.0811339 ], [ -80.0379985, 47.0810318 ], [ -80.0379568, 47.0809975 ], [ -80.0380177, 47.0808239 ], [ -80.0380728, 47.0802456 ], [ -80.0380178, 47.0799429 ], [ -80.0379695, 47.0798891 ], [ -80.0379475, 47.0796836 ], [ -80.0381268, 47.0793642 ], [ -80.038336, 47.0791507 ], [ -80.0384254, 47.0789726 ], [ -80.038377, 47.0786893 ], [ -80.0381786, 47.0783356 ], [ -80.0378841, 47.0776817 ], [ -80.0377174, 47.0775443 ], [ -80.0374241, 47.0774229 ], [ -80.0372046, 47.0773594 ], [ -80.0368346, 47.0771887 ], [ -80.0366607, 47.076995 ], [ -80.0365722, 47.0767878 ], [ -80.0369692, 47.0759626 ], [ -80.0372105, 47.0757727 ], [ -80.0376246, 47.0757028 ], [ -80.0377658, 47.0756066 ], [ -80.0378465, 47.0754914 ], [ -80.0378423, 47.075197 ], [ -80.0378062, 47.0751085 ], [ -80.0378549, 47.0749696 ], [ -80.0381389, 47.0748877 ], [ -80.0383086, 47.074787 ], [ -80.0385899, 47.074521 ], [ -80.0389666, 47.0738301 ], [ -80.0390976, 47.0736864 ], [ -80.0391494, 47.0735389 ], [ -80.0386955, 47.0732627 ], [ -80.0387183, 47.0730828 ], [ -80.0391501, 47.0729241 ], [ -80.0391118, 47.072459 ], [ -80.0388932, 47.0722397 ], [ -80.0389864, 47.0716676 ], [ -80.0388522, 47.0715906 ], [ -80.0383358, 47.0722585 ], [ -80.0373902, 47.0730397 ], [ -80.0366674, 47.0736831 ], [ -80.0364866, 47.0738921 ], [ -80.0363109, 47.0740102 ], [ -80.0359153, 47.0744868 ], [ -80.0355242, 47.0748358 ], [ -80.0353819, 47.0748584 ], [ -80.0353494, 47.074798 ], [ -80.03542, 47.0746352 ], [ -80.0361153, 47.0740699 ], [ -80.0362727, 47.0737745 ], [ -80.0363321, 47.07372 ], [ -80.0363295, 47.073536 ], [ -80.0364376, 47.0733426 ], [ -80.0365438, 47.0732315 ], [ -80.0367729, 47.0730763 ], [ -80.036852, 47.0728507 ], [ -80.0367513, 47.0726782 ], [ -80.036637, 47.0726595 ], [ -80.0365075, 47.0726841 ], [ -80.0363317, 47.0728022 ], [ -80.0358787, 47.0732511 ], [ -80.0356775, 47.073365 ], [ -80.0354947, 47.0734268 ], [ -80.0353839, 47.0734362 ], [ -80.0349667, 47.0732853 ], [ -80.034673, 47.0731271 ], [ -80.0343737, 47.073023 ], [ -80.0340753, 47.072763 ], [ -80.0340346, 47.0725728 ], [ -80.034257, 47.0721687 ], [ -80.0343686, 47.071774 ], [ -80.0343127, 47.0716272 ], [ -80.0341592, 47.0715287 ], [ -80.0340103, 47.0715318 ], [ -80.0337492, 47.0716634 ], [ -80.0333232, 47.0722269 ], [ -80.0324749, 47.0729598 ], [ -80.0322484, 47.0730695 ], [ -80.0313243, 47.0733678 ], [ -80.0294612, 47.0735857 ], [ -80.0288022, 47.0735879 ], [ -80.0285908, 47.0736542 ], [ -80.0285512, 47.073767 ], [ -80.0283876, 47.0738503 ], [ -80.0281377, 47.0738736 ], [ -80.0280101, 47.073816 ], [ -80.0273139, 47.0731972 ], [ -80.0269698, 47.0728379 ], [ -80.0267046, 47.0724457 ], [ -80.0267121, 47.0723093 ], [ -80.0266349, 47.0722232 ], [ -80.0266262, 47.0720566 ], [ -80.0265393, 47.0719598 ], [ -80.0265413, 47.0718775 ], [ -80.0264804, 47.0718216 ], [ -80.0263421, 47.0714502 ], [ -80.026053, 47.0711642 ], [ -80.0259564, 47.0708272 ], [ -80.0259599, 47.0706258 ], [ -80.0258989, 47.07057 ], [ -80.0258148, 47.0690878 ], [ -80.0258864, 47.0689986 ], [ -80.0258717, 47.0688493 ], [ -80.0259687, 47.0687643 ], [ -80.0260601, 47.0685039 ], [ -80.0261322, 47.0684515 ], [ -80.0262241, 47.068228 ], [ -80.026377, 47.0680603 ], [ -80.0264689, 47.0678367 ], [ -80.0264775, 47.0675445 ], [ -80.0266029, 47.0672255 ], [ -80.0267177, 47.0670515 ], [ -80.0270524, 47.0667485 ], [ -80.0270737, 47.0666877 ], [ -80.0272241, 47.0665655 ], [ -80.0272296, 47.0665114 ], [ -80.0277269, 47.0660514 ], [ -80.0278096, 47.0658539 ], [ -80.0277487, 47.065798 ], [ -80.0277283, 47.0654735 ], [ -80.0278684, 47.0653037 ], [ -80.0284779, 47.0649448 ], [ -80.0284844, 47.0642759 ], [ -80.029406, 47.0629127 ], [ -80.0296017, 47.0625 ], [ -80.0567186, 47.0625 ], [ -80.0567736, 47.0628782 ], [ -80.056938, 47.0632905 ], [ -80.057793, 47.0639167 ], [ -80.0581795, 47.0643469 ], [ -80.0583611, 47.0646335 ], [ -80.0585557, 47.0647296 ], [ -80.0589688, 47.0648155 ], [ -80.0593368, 47.0650684 ], [ -80.0595058, 47.0653529 ], [ -80.0598821, 47.0653135 ], [ -80.0599512, 47.0652698 ], [ -80.0597795, 47.0648013 ], [ -80.0597738, 47.064626 ], [ -80.059971, 47.0631809 ], [ -80.0602985, 47.0630509 ], [ -80.0602757, 47.0625792 ], [ -80.0602487, 47.0625 ], [ -80.0831905, 47.0625 ], [ -80.0831892, 47.0625243 ] ], [ [ -80.0463506, 47.064302 ], [ -80.0463556, 47.064211 ], [ -80.0461889, 47.0640736 ], [ -80.0460715, 47.0640636 ], [ -80.0458857, 47.0641341 ], [ -80.0449334, 47.065318 ], [ -80.0448096, 47.065518 ], [ -80.0447008, 47.0660967 ], [ -80.0446195, 47.0661751 ], [ -80.044458, 47.0661762 ], [ -80.0442918, 47.0660756 ], [ -80.0442059, 47.0660524 ], [ -80.0440449, 47.0660903 ], [ -80.0435996, 47.0664028 ], [ -80.0435026, 47.0664879 ], [ -80.0433915, 47.0666899 ], [ -80.0429949, 47.067093 ], [ -80.0428838, 47.0672951 ], [ -80.0427651, 47.0676335 ], [ -80.0430278, 47.0676123 ], [ -80.0435413, 47.0674119 ], [ -80.0439739, 47.0670973 ], [ -80.0443795, 47.0666681 ], [ -80.0447152, 47.0664386 ], [ -80.0455462, 47.0662901 ], [ -80.045731, 47.066146 ], [ -80.045801, 47.0659464 ], [ -80.045679, 47.0658347 ], [ -80.0454763, 47.0658382 ], [ -80.0453092, 47.0658934 ], [ -80.0451786, 47.0658445 ], [ -80.0451334, 47.0657821 ], [ -80.0451699, 47.0656779 ], [ -80.0453243, 47.0656206 ], [ -80.0459277, 47.0655083 ], [ -80.046173, 47.0653833 ], [ -80.0468198, 47.0647642 ], [ -80.0470527, 47.0644444 ], [ -80.0470663, 47.0642907 ], [ -80.04711, 47.0642427 ], [ -80.047022, 47.0640723 ], [ -80.0468096, 47.0640651 ], [ -80.0466071, 47.0642981 ], [ -80.0465625, 47.0645018 ], [ -80.046391, 47.0646848 ], [ -80.0462355, 47.0646686 ], [ -80.0462212, 47.0645561 ], [ -80.0463506, 47.064302 ] ], [ [ -80.0390645, 47.0693769 ], [ -80.0387592, 47.0692902 ], [ -80.0386906, 47.0693708 ], [ -80.038707, 47.0696304 ], [ -80.0386426, 47.0697759 ], [ -80.0382363, 47.0701682 ], [ -80.0382313, 47.0702592 ], [ -80.0382796, 47.0703129 ], [ -80.0384066, 47.0703337 ], [ -80.0386077, 47.0702198 ], [ -80.0390337, 47.0696564 ], [ -80.0391169, 47.0694956 ], [ -80.0390645, 47.0693769 ] ], [ [ -80.0581065, 47.0776682 ], [ -80.058587, 47.0780221 ], [ -80.0586369, 47.0781863 ], [ -80.0585902, 47.0782429 ], [ -80.0587087, 47.0783265 ], [ -80.0589617, 47.0782944 ], [ -80.0590766, 47.0783499 ], [ -80.059179, 47.0786328 ], [ -80.0595041, 47.0789704 ], [ -80.0601081, 47.0793169 ], [ -80.0603992, 47.0792911 ], [ -80.0605268, 47.0793486 ], [ -80.0607608, 47.0795245 ], [ -80.0609347, 47.0797181 ], [ -80.0611783, 47.0799048 ], [ -80.0613396, 47.0800963 ], [ -80.0613092, 47.0801831 ], [ -80.0611117, 47.0803252 ], [ -80.0611169, 47.0804637 ], [ -80.061181, 47.0805109 ], [ -80.061234, 47.0806664 ], [ -80.0613602, 47.080843 ], [ -80.0615665, 47.0808675 ], [ -80.0618897, 47.0808653 ], [ -80.0622648, 47.080945 ], [ -80.0636235, 47.0817451 ], [ -80.0641177, 47.0819452 ], [ -80.0645981, 47.0820696 ], [ -80.0650362, 47.0821228 ], [ -80.0650986, 47.0820596 ], [ -80.0650812, 47.0819558 ], [ -80.0648188, 47.0817845 ], [ -80.0642473, 47.0814984 ], [ -80.0638482, 47.0812955 ], [ -80.0637098, 47.0811536 ], [ -80.0634436, 47.0807247 ], [ -80.0632357, 47.0801676 ], [ -80.0630194, 47.0799029 ], [ -80.0617556, 47.0788704 ], [ -80.0613441, 47.0784728 ], [ -80.0611762, 47.0782618 ], [ -80.0606764, 47.0774644 ], [ -80.0604213, 47.0769271 ], [ -80.0603316, 47.0766463 ], [ -80.0602817, 47.0760601 ], [ -80.0603559, 47.0755033 ], [ -80.0604183, 47.0754401 ], [ -80.0604416, 47.075297 ], [ -80.060504, 47.0752338 ], [ -80.0609295, 47.0744408 ], [ -80.0609346, 47.0739278 ], [ -80.0608609, 47.0738698 ], [ -80.0608521, 47.0737032 ], [ -80.0606974, 47.0735311 ], [ -80.0600355, 47.0720464 ], [ -80.0599323, 47.0714973 ], [ -80.059807, 47.0711649 ], [ -80.0596789, 47.0710705 ], [ -80.0595168, 47.0710348 ], [ -80.0591817, 47.0713012 ], [ -80.0589445, 47.0713266 ], [ -80.0587203, 47.0711615 ], [ -80.0586723, 47.0709151 ], [ -80.0586082, 47.0708679 ], [ -80.0585969, 47.0707468 ], [ -80.0584835, 47.0705722 ], [ -80.0583335, 47.0705018 ], [ -80.0581811, 47.0704769 ], [ -80.0580242, 47.0705797 ], [ -80.0579405, 47.0707037 ], [ -80.0579208, 47.0708748 ], [ -80.0579708, 47.071039 ], [ -80.0582333, 47.0714398 ], [ -80.0583428, 47.0717789 ], [ -80.0583364, 47.0719889 ], [ -80.0582643, 47.0720413 ], [ -80.0582502, 47.0721583 ], [ -80.057767, 47.0726941 ], [ -80.0576098, 47.0729896 ], [ -80.0575553, 47.0733752 ], [ -80.057584, 47.0742517 ], [ -80.0576583, 47.0743464 ], [ -80.0578326, 47.0743474 ], [ -80.058021, 47.0742314 ], [ -80.0581969, 47.0743427 ], [ -80.0582692, 47.0745197 ], [ -80.0582735, 47.0748141 ], [ -80.0581716, 47.0749901 ], [ -80.0578318, 47.0751548 ], [ -80.057708, 47.0753548 ], [ -80.057764, 47.0755016 ], [ -80.0580888, 47.0756098 ], [ -80.0582717, 47.0755479 ], [ -80.0583581, 47.0756079 ], [ -80.0583349, 47.075751 ], [ -80.0581387, 47.075774 ], [ -80.0576091, 47.0761737 ], [ -80.0575179, 47.0764341 ], [ -80.0575146, 47.077287 ], [ -80.0577521, 47.077491 ], [ -80.0580145, 47.0776624 ], [ -80.0581065, 47.0776682 ] ], [ [ -80.0200942, 47.0778418 ], [ -80.0201019, 47.0777054 ], [ -80.0203635, 47.0773811 ], [ -80.0205617, 47.0770465 ], [ -80.020551, 47.0767327 ], [ -80.0203493, 47.0765803 ], [ -80.0202863, 47.0766067 ], [ -80.0200322, 47.076565 ], [ -80.0198025, 47.076454 ], [ -80.0196348, 47.0762429 ], [ -80.019301, 47.0761607 ], [ -80.01855, 47.0761569 ], [ -80.018272, 47.0762214 ], [ -80.0181907, 47.0765293 ], [ -80.0182172, 47.0766071 ], [ -80.0187527, 47.0768417 ], [ -80.0191694, 47.0769559 ], [ -80.0196364, 47.0770417 ], [ -80.0198031, 47.0771791 ], [ -80.0198036, 47.0774454 ], [ -80.019672, 47.0780112 ], [ -80.0196339, 47.0784638 ], [ -80.0196862, 47.0785826 ], [ -80.0198295, 47.0786336 ], [ -80.0200038, 47.0786346 ], [ -80.0202173, 47.078486 ], [ -80.0202731, 47.0784034 ], [ -80.0202569, 47.0781438 ], [ -80.0200942, 47.0778418 ] ], [ [ -80.0521929, 47.0765268 ], [ -80.052052, 47.0764304 ], [ -80.0519067, 47.0764617 ], [ -80.0518581, 47.0766005 ], [ -80.0518964, 47.0768362 ], [ -80.0518081, 47.0770879 ], [ -80.0514755, 47.0773088 ], [ -80.0511056, 47.0773676 ], [ -80.0496456, 47.0772022 ], [ -80.0492656, 47.0772134 ], [ -80.048981, 47.0772586 ], [ -80.0487097, 47.0773427 ], [ -80.0480367, 47.0776915 ], [ -80.0473347, 47.0780079 ], [ -80.0471992, 47.0782794 ], [ -80.0472069, 47.0783725 ], [ -80.0474204, 47.0784533 ], [ -80.047677, 47.0784494 ], [ -80.048207, 47.0785086 ], [ -80.048418, 47.0786348 ], [ -80.0486982, 47.0789468 ], [ -80.04888, 47.0794629 ], [ -80.0490616, 47.0797496 ], [ -80.0492253, 47.0798957 ], [ -80.0496451, 47.0800011 ], [ -80.0501503, 47.0800929 ], [ -80.0503907, 47.0800588 ], [ -80.0505633, 47.0799494 ], [ -80.0505576, 47.0797741 ], [ -80.0501246, 47.0796298 ], [ -80.0501392, 47.0795496 ], [ -80.0507353, 47.0795737 ], [ -80.0510168, 47.0795372 ], [ -80.0514876, 47.0792288 ], [ -80.0519642, 47.0790956 ], [ -80.0525583, 47.079202 ], [ -80.0529055, 47.079323 ], [ -80.0534713, 47.0796633 ], [ -80.0538251, 47.0798038 ], [ -80.0541295, 47.0798168 ], [ -80.0542423, 47.0797252 ], [ -80.0541968, 47.0794332 ], [ -80.0542363, 47.0793204 ], [ -80.0543399, 47.0792548 ], [ -80.0544827, 47.0792689 ], [ -80.0547609, 47.0794337 ], [ -80.0550271, 47.0794406 ], [ -80.0556216, 47.0793542 ], [ -80.055499, 47.0792057 ], [ -80.0541975, 47.0783964 ], [ -80.0542365, 47.0782467 ], [ -80.0544188, 47.0781481 ], [ -80.0544045, 47.0780356 ], [ -80.0538635, 47.0776627 ], [ -80.0534951, 47.0776024 ], [ -80.0534177, 47.0775164 ], [ -80.0534571, 47.0771741 ], [ -80.05324, 47.0770652 ], [ -80.0527451, 47.0770209 ], [ -80.0523196, 47.0767403 ], [ -80.0521929, 47.0765268 ] ], [ [ -80.0687902, 47.0773863 ], [ -80.0690954, 47.0768214 ], [ -80.069141, 47.0766912 ], [ -80.0690897, 47.0766461 ], [ -80.0689667, 47.0766903 ], [ -80.0688165, 47.0768125 ], [ -80.0684579, 47.0774146 ], [ -80.0683767, 47.0774931 ], [ -80.0682869, 47.0776345 ], [ -80.0676199, 47.0781586 ], [ -80.0672552, 47.0787781 ], [ -80.0664621, 47.0793551 ], [ -80.0661621, 47.0796364 ], [ -80.0661196, 47.079758 ], [ -80.0660292, 47.0798625 ], [ -80.0661151, 47.0798857 ], [ -80.066524, 47.0796772 ], [ -80.0675452, 47.0791008 ], [ -80.0678651, 47.0788778 ], [ -80.0680319, 47.078593 ], [ -80.0682123, 47.0781545 ], [ -80.0687902, 47.0773863 ] ], [ [ -80.0844067, 47.0813952 ], [ -80.0844946, 47.0813361 ], [ -80.0846869, 47.0808629 ], [ -80.0845186, 47.0804225 ], [ -80.0844448, 47.0803645 ], [ -80.0843697, 47.0804257 ], [ -80.0842689, 47.0806754 ], [ -80.0841969, 47.0807278 ], [ -80.0842166, 47.0809788 ], [ -80.0842912, 47.081303 ], [ -80.0844067, 47.0813952 ] ], [ [ -80.0846304, 47.0844047 ], [ -80.0847066, 47.0844171 ], [ -80.0852877, 47.0838696 ], [ -80.0852951, 47.0837332 ], [ -80.084955, 47.0836685 ], [ -80.0849475, 47.0833829 ], [ -80.0847407, 47.0831289 ], [ -80.0846802, 47.0831098 ], [ -80.0846209, 47.0831644 ], [ -80.0845361, 47.0842517 ], [ -80.0846304, 47.0844047 ] ], [ [ -80.053707, 47.0998826 ], [ -80.0538452, 47.0997951 ], [ -80.053748, 47.0996507 ], [ -80.0533271, 47.0997012 ], [ -80.0532696, 47.0996734 ], [ -80.0531334, 47.0996787 ], [ -80.0526589, 47.0995369 ], [ -80.0526117, 47.0995567 ], [ -80.0525232, 47.0995789 ], [ -80.0525309, 47.099672 ], [ -80.0526627, 47.0997945 ], [ -80.0528056, 47.0998087 ], [ -80.0530324, 47.0999283 ], [ -80.0533044, 47.099881 ], [ -80.053707, 47.0998826 ] ], [ [ -80.0259558, 47.1142588 ], [ -80.0259278, 47.1143001 ], [ -80.0257946, 47.1142966 ], [ -80.0241916, 47.1146492 ], [ -80.0242145, 47.1146988 ], [ -80.0241428, 47.114788 ], [ -80.0242232, 47.1148654 ], [ -80.0245126, 47.114922 ], [ -80.0256334, 47.1147935 ], [ -80.0258826, 47.1146966 ], [ -80.0261308, 47.1145261 ], [ -80.0261257, 47.1143876 ], [ -80.0259558, 47.1142588 ] ], [ [ -80.057742, 47.1174752 ], [ -80.0574937, 47.1167647 ], [ -80.0573844, 47.1162328 ], [ -80.0572943, 47.1161447 ], [ -80.0573677, 47.1157437 ], [ -80.0572779, 47.1154628 ], [ -80.0570079, 47.1150057 ], [ -80.0567727, 47.1147562 ], [ -80.0563775, 47.1146182 ], [ -80.0560825, 47.1146159 ], [ -80.0557693, 47.1146656 ], [ -80.0554861, 47.1148213 ], [ -80.0552049, 47.1148946 ], [ -80.0548471, 47.1151482 ], [ -80.0547348, 47.1152767 ], [ -80.054638, 47.1155913 ], [ -80.0546768, 47.1158638 ], [ -80.0550333, 47.116381 ], [ -80.0550208, 47.1166084 ], [ -80.0550514, 47.1167511 ], [ -80.0552755, 47.1171089 ], [ -80.0556536, 47.1173726 ], [ -80.0562802, 47.1179248 ], [ -80.0567191, 47.118437 ], [ -80.0569824, 47.1188747 ], [ -80.0572085, 47.1191503 ], [ -80.0582147, 47.119847 ], [ -80.0587134, 47.120112 ], [ -80.0591745, 47.1204076 ], [ -80.0596621, 47.120781 ], [ -80.0599751, 47.1209239 ], [ -80.060261, 47.1209522 ], [ -80.0604161, 47.1209317 ], [ -80.0607, 47.1210423 ], [ -80.0610092, 47.1209276 ], [ -80.0614229, 47.1205913 ], [ -80.0615031, 47.1204392 ], [ -80.0614887, 47.1203267 ], [ -80.0613732, 47.1202344 ], [ -80.0613207, 47.1201157 ], [ -80.0609165, 47.1198111 ], [ -80.0608281, 47.1194112 ], [ -80.0606147, 47.1191377 ], [ -80.0605498, 47.1188242 ], [ -80.0605347, 47.1184454 ], [ -80.0604242, 47.1182622 ], [ -80.0602934, 47.1182133 ], [ -80.0596556, 47.1181917 ], [ -80.0592467, 47.1182075 ], [ -80.0587946, 47.118308 ], [ -80.0586614, 47.1183046 ], [ -80.0583658, 47.1182655 ], [ -80.0580407, 47.1181573 ], [ -80.0579083, 47.117998 ], [ -80.0578562, 47.1176866 ], [ -80.057742, 47.1174752 ] ], [ [ -80.0459401, 47.1185384 ], [ -80.0456037, 47.1183091 ], [ -80.0454705, 47.1183056 ], [ -80.0452946, 47.1184237 ], [ -80.0453115, 47.1187202 ], [ -80.0451901, 47.1188747 ], [ -80.0452171, 47.1189893 ], [ -80.045467, 47.1191587 ], [ -80.0454207, 47.1192521 ], [ -80.0451578, 47.1192733 ], [ -80.0450662, 47.1193042 ], [ -80.04502, 47.1193977 ], [ -80.0449766, 47.1199046 ], [ -80.0450403, 47.1201444 ], [ -80.0452072, 47.1202819 ], [ -80.0455725, 47.1203141 ], [ -80.0456523, 47.1203547 ], [ -80.0457394, 47.1204515 ], [ -80.0458026, 47.1206546 ], [ -80.0459217, 47.120775 ], [ -80.0461374, 47.1207736 ], [ -80.0466061, 47.1205106 ], [ -80.04686, 47.1205154 ], [ -80.0478886, 47.1208029 ], [ -80.0480713, 47.1209337 ], [ -80.0481075, 47.1210222 ], [ -80.0480668, 47.1210615 ], [ -80.0481533, 47.1211215 ], [ -80.0482424, 47.1211361 ], [ -80.0487387, 47.1210245 ], [ -80.0489992, 47.1210487 ], [ -80.0493192, 47.1212479 ], [ -80.0494525, 47.1212513 ], [ -80.0498344, 47.121121 ], [ -80.0499204, 47.1211442 ], [ -80.0502815, 47.1211114 ], [ -80.0504193, 47.1209871 ], [ -80.0504868, 47.1208329 ], [ -80.0507952, 47.1204519 ], [ -80.0507544, 47.1202617 ], [ -80.0506679, 47.1202017 ], [ -80.0506785, 47.1200565 ], [ -80.0509083, 47.1199381 ], [ -80.0510415, 47.1199415 ], [ -80.0515956, 47.1200871 ], [ -80.0519113, 47.1199919 ], [ -80.0519153, 47.1198273 ], [ -80.0517483, 47.1196899 ], [ -80.0515988, 47.1196562 ], [ -80.0510881, 47.1196554 ], [ -80.0510519, 47.1195669 ], [ -80.0511297, 47.1194603 ], [ -80.0515832, 47.1192407 ], [ -80.0515918, 47.1191778 ], [ -80.051667, 47.1191167 ], [ -80.0516699, 47.1188785 ], [ -80.0516088, 47.1188226 ], [ -80.0515837, 47.1186258 ], [ -80.0514865, 47.1184814 ], [ -80.0512524, 47.1183055 ], [ -80.0511059, 47.1182632 ], [ -80.0503516, 47.1183051 ], [ -80.0500754, 47.1182875 ], [ -80.0497462, 47.1181144 ], [ -80.0494507, 47.1180752 ], [ -80.0491204, 47.1178285 ], [ -80.0489175, 47.117832 ], [ -80.048504, 47.1177461 ], [ -80.0483209, 47.1178079 ], [ -80.0483343, 47.1180763 ], [ -80.0481482, 47.1181468 ], [ -80.0481468, 47.1182659 ], [ -80.0483366, 47.118453 ], [ -80.0483637, 47.1185675 ], [ -80.0482508, 47.1186592 ], [ -80.0479787, 47.1187065 ], [ -80.0479142, 47.118852 ], [ -80.0478609, 47.1188892 ], [ -80.0477276, 47.1188858 ], [ -80.0476146, 47.118748 ], [ -80.0476719, 47.1185462 ], [ -80.0477781, 47.1184351 ], [ -80.0477832, 47.1183441 ], [ -80.0475847, 47.1182199 ], [ -80.0462389, 47.1181467 ], [ -80.0460497, 47.1182259 ], [ -80.0460637, 47.1185311 ], [ -80.0459401, 47.1185384 ] ], [ [ -80.0158402, 47.0650571 ], [ -80.016144, 47.0652629 ], [ -80.0163497, 47.0654802 ], [ -80.0166017, 47.0656042 ], [ -80.0165976, 47.0657687 ], [ -80.01678, 47.0658996 ], [ -80.0171462, 47.0660422 ], [ -80.0176182, 47.066037 ], [ -80.0182593, 47.0658943 ], [ -80.0186123, 47.0657687 ], [ -80.0188795, 47.0656198 ], [ -80.0190822, 47.0653869 ], [ -80.0194866, 47.0650769 ], [ -80.0197832, 47.0645382 ], [ -80.0197512, 47.0642851 ], [ -80.0196613, 47.064197 ], [ -80.0195724, 47.0641824 ], [ -80.0192087, 47.0642237 ], [ -80.0190329, 47.0643417 ], [ -80.0188963, 47.0645396 ], [ -80.0187423, 47.0646336 ], [ -80.0185493, 47.0648773 ], [ -80.0182079, 47.0651609 ], [ -80.0179905, 47.0652446 ], [ -80.0176822, 47.0651665 ], [ -80.01691, 47.0652234 ], [ -80.0166322, 47.0650585 ], [ -80.0163726, 47.0648416 ], [ -80.0162014, 47.0646024 ], [ -80.0165626, 47.0646066 ], [ -80.0169801, 47.0645649 ], [ -80.0172067, 47.0644552 ], [ -80.0172148, 47.0643556 ], [ -80.0171473, 47.0642803 ], [ -80.016367, 47.0642074 ], [ -80.0159683, 47.0640043 ], [ -80.0155929, 47.0638877 ], [ -80.0151946, 47.0637214 ], [ -80.0143052, 47.0635388 ], [ -80.0140629, 47.0634256 ], [ -80.0138292, 47.0632497 ], [ -80.0136956, 47.0632094 ], [ -80.0132293, 47.0631604 ], [ -80.012951, 47.0631882 ], [ -80.0128615, 47.0633662 ], [ -80.0128956, 47.063537 ], [ -80.0132409, 47.0640067 ], [ -80.0133151, 47.0643309 ], [ -80.0134426, 47.0643885 ], [ -80.0137219, 47.0644343 ], [ -80.014073, 47.0643909 ], [ -80.0144108, 47.0643087 ], [ -80.0147877, 47.0643063 ], [ -80.0149624, 47.0643441 ], [ -80.0153368, 47.0646166 ], [ -80.0155375, 47.0646954 ], [ -80.0158402, 47.0650571 ] ], [ [ -80.0067417, 47.0666389 ], [ -80.0070776, 47.0664095 ], [ -80.0071335, 47.0663269 ], [ -80.007225, 47.0660666 ], [ -80.0071986, 47.0659888 ], [ -80.0071117, 47.065892 ], [ -80.0068628, 47.0657594 ], [ -80.0062233, 47.0655535 ], [ -80.0052374, 47.0652631 ], [ -80.0044622, 47.0650992 ], [ -80.0040183, 47.065063 ], [ -80.0037272, 47.0650887 ], [ -80.0035946, 47.065122 ], [ -80.0034635, 47.0652657 ], [ -80.0033735, 47.0654069 ], [ -80.0033775, 47.0657013 ], [ -80.0034648, 47.0658349 ], [ -80.0037071, 47.0659481 ], [ -80.0052137, 47.0663239 ], [ -80.0058888, 47.0665815 ], [ -80.0059878, 47.0666437 ], [ -80.0063145, 47.0666698 ], [ -80.0067417, 47.0666389 ] ], [ [ -80.0166858, 47.0712531 ], [ -80.0171096, 47.0709646 ], [ -80.0172752, 47.0707991 ], [ -80.0172544, 47.0706671 ], [ -80.0171131, 47.0705339 ], [ -80.0166732, 47.0703332 ], [ -80.0160467, 47.0701662 ], [ -80.0155575, 47.0700677 ], [ -80.0154406, 47.0700944 ], [ -80.0153832, 47.0700666 ], [ -80.0151678, 47.070068 ], [ -80.0148518, 47.0701263 ], [ -80.0146222, 47.0702447 ], [ -80.0145226, 47.0703752 ], [ -80.0145175, 47.0704661 ], [ -80.014583, 47.0706237 ], [ -80.0148528, 47.0708882 ], [ -80.0155864, 47.0714766 ], [ -80.0156778, 47.0716752 ], [ -80.0155233, 47.0719619 ], [ -80.0155411, 47.0721024 ], [ -80.0156595, 47.0721861 ], [ -80.0159354, 47.0722038 ], [ -80.0162169, 47.0721674 ], [ -80.0164404, 47.0720664 ], [ -80.0166055, 47.071864 ], [ -80.0165771, 47.0714096 ], [ -80.0166858, 47.0712531 ] ], [ [ -80.0076775, 47.0728041 ], [ -80.0078769, 47.0720842 ], [ -80.0080517, 47.0716632 ], [ -80.0080731, 47.071373 ], [ -80.00803, 47.0712283 ], [ -80.0078187, 47.0710651 ], [ -80.0075011, 47.071013 ], [ -80.0071556, 47.0712316 ], [ -80.0068055, 47.0713486 ], [ -80.006773, 47.0715176 ], [ -80.0066352, 47.0716419 ], [ -80.0060026, 47.0719511 ], [ -80.0058334, 47.0720885 ], [ -80.0057886, 47.0722923 ], [ -80.0058658, 47.0723784 ], [ -80.0058129, 47.0726817 ], [ -80.0058311, 47.0728591 ], [ -80.0060389, 47.0729942 ], [ -80.0068381, 47.0732813 ], [ -80.0071327, 47.0732838 ], [ -80.0073944, 47.0731891 ], [ -80.007491, 47.0730672 ], [ -80.0076775, 47.0728041 ] ], [ [ -80.0175597, 47.0739662 ], [ -80.018268, 47.0736326 ], [ -80.0186444, 47.0733639 ], [ -80.0188924, 47.072964 ], [ -80.0187415, 47.07282 ], [ -80.0185195, 47.0728019 ], [ -80.0169744, 47.0733379 ], [ -80.0161736, 47.0733993 ], [ -80.0159602, 47.0735479 ], [ -80.0159221, 47.0740005 ], [ -80.0158784, 47.0740484 ], [ -80.0158677, 47.0741935 ], [ -80.0157864, 47.074272 ], [ -80.0157945, 47.0744018 ], [ -80.0157041, 47.0745063 ], [ -80.0157117, 47.0745993 ], [ -80.0156396, 47.0746517 ], [ -80.0156248, 47.0747319 ], [ -80.0155588, 47.0747669 ], [ -80.015541, 47.0748558 ], [ -80.0150598, 47.0755754 ], [ -80.0152625, 47.0758014 ], [ -80.0153895, 47.0758222 ], [ -80.0156359, 47.0757708 ], [ -80.0162071, 47.0753689 ], [ -80.0166883, 47.0751082 ], [ -80.0168773, 47.0745701 ], [ -80.0171425, 47.0742741 ], [ -80.0175597, 47.0739662 ] ], [ [ -80.0220077, 47.0814595 ], [ -80.0221932, 47.0813522 ], [ -80.0222582, 47.0812436 ], [ -80.0220931, 47.0812165 ], [ -80.0216439, 47.0812714 ], [ -80.0209233, 47.0811808 ], [ -80.0191797, 47.0806747 ], [ -80.0183732, 47.0805609 ], [ -80.0168223, 47.0804626 ], [ -80.0163588, 47.080405 ], [ -80.01519, 47.0804428 ], [ -80.0140538, 47.080541 ], [ -80.0130552, 47.0805149 ], [ -80.0120643, 47.0805818 ], [ -80.0118051, 47.0806311 ], [ -80.0112161, 47.0808925 ], [ -80.0109752, 47.0811191 ], [ -80.0109604, 47.0811993 ], [ -80.0108791, 47.0812778 ], [ -80.010874, 47.0813687 ], [ -80.0107525, 47.0815232 ], [ -80.0107875, 47.081997 ], [ -80.0108749, 47.0821307 ], [ -80.0113043, 47.0824764 ], [ -80.0120086, 47.0827663 ], [ -80.0124344, 47.0828545 ], [ -80.0127632, 47.0827983 ], [ -80.0128354, 47.0827459 ], [ -80.0130702, 47.0827661 ], [ -80.0136328, 47.0828858 ], [ -80.0145226, 47.082839 ], [ -80.0148113, 47.0828588 ], [ -80.0152768, 47.0828342 ], [ -80.0164761, 47.082939 ], [ -80.0174519, 47.0831449 ], [ -80.0177527, 47.08313 ], [ -80.0179225, 47.0830293 ], [ -80.0185089, 47.0828134 ], [ -80.0188372, 47.0827204 ], [ -80.01904, 47.0827169 ], [ -80.0200823, 47.0824655 ], [ -80.0204883, 47.0822659 ], [ -80.0213019, 47.0817476 ], [ -80.0214188, 47.0817209 ], [ -80.0214371, 47.0816688 ], [ -80.0215875, 47.0815466 ], [ -80.0220077, 47.0814595 ] ], [ [ -80.0041793, 47.0971963 ], [ -80.0044148, 47.0967943 ], [ -80.0043823, 47.0967339 ], [ -80.0042349, 47.0966179 ], [ -80.0040067, 47.0966172 ], [ -80.0038297, 47.0966616 ], [ -80.0034901, 47.0968629 ], [ -80.0033838, 47.096974 ], [ -80.0031264, 47.0973999 ], [ -80.003132, 47.0975752 ], [ -80.0033175, 47.0976975 ], [ -80.0034923, 47.0977353 ], [ -80.0035808, 47.0977131 ], [ -80.003895, 47.0975076 ], [ -80.0041793, 47.0971963 ] ], [ [ -80.0098048, 47.1084915 ], [ -80.010142, 47.1083357 ], [ -80.0101756, 47.1082402 ], [ -80.0100693, 47.1081218 ], [ -80.0096503, 47.1080898 ], [ -80.0093183, 47.1081547 ], [ -80.0087212, 47.108323 ], [ -80.0084944, 47.1084327 ], [ -80.0084797, 47.1085129 ], [ -80.0087283, 47.1086088 ], [ -80.0098048, 47.1084915 ] ], [ [ -80.0176102, 47.1175733 ], [ -80.0175949, 47.1173872 ], [ -80.0175593, 47.1173355 ], [ -80.0174322, 47.1173147 ], [ -80.0171031, 47.1176004 ], [ -80.0167135, 47.117867 ], [ -80.0162349, 47.1178896 ], [ -80.0159165, 47.1178007 ], [ -80.0156658, 47.1177872 ], [ -80.0150005, 47.1178434 ], [ -80.0146623, 47.1176962 ], [ -80.0145291, 47.1176927 ], [ -80.0143144, 47.1177677 ], [ -80.0138994, 47.1178006 ], [ -80.013638, 47.1179322 ], [ -80.0135612, 47.1181124 ], [ -80.0135937, 47.1184023 ], [ -80.0136532, 47.1185773 ], [ -80.0138886, 47.1188637 ], [ -80.014147, 47.1189703 ], [ -80.0154007, 47.1192676 ], [ -80.0158697, 47.1192342 ], [ -80.0161754, 47.1190916 ], [ -80.0165431, 47.1188489 ], [ -80.0167542, 47.1185163 ], [ -80.0168412, 47.1181542 ], [ -80.0170838, 47.1180379 ], [ -80.0174922, 47.1177559 ], [ -80.0176102, 47.1175733 ] ], [ [ -80.0063661, 47.1207886 ], [ -80.0066057, 47.120681 ], [ -80.0066165, 47.1205359 ], [ -80.0060382, 47.1202299 ], [ -80.005905, 47.1202264 ], [ -80.005764, 47.1203594 ], [ -80.0057665, 47.1205434 ], [ -80.0056002, 47.1206722 ], [ -80.0055544, 47.1208024 ], [ -80.0057334, 47.1209052 ], [ -80.006186, 47.1210712 ], [ -80.0063661, 47.1207886 ] ], [ [ -80.0064329, 47.1243063 ], [ -80.0070178, 47.1246317 ], [ -80.0073611, 47.124688 ], [ -80.0075149, 47.1240981 ], [ -80.007431, 47.1237631 ], [ -80.0071559, 47.1235895 ], [ -80.0068914, 47.1235002 ], [ -80.0063593, 47.1235599 ], [ -80.0060607, 47.1237588 ], [ -80.0061924, 47.1238813 ], [ -80.0064329, 47.1243063 ] ] ] } },
{ "type": "Feature", "properties": { "element": "relation", "id": 3909406, "natural": "wood", "source": "NRCan-CanVec-10.0", "type": "multipolygon" }, "geometry": { "type": "Polygon", "coordinates": [ [ [ -80.125, 47.0767438 ], [ -80.1248284, 47.0767619 ], [ -80.1247031, 47.0766951 ], [ -80.124452, 47.0764524 ], [ -80.1243279, 47.076423 ], [ -80.1239442, 47.0767917 ], [ -80.1233602, 47.0769261 ], [ -80.1231562, 47.0770488 ], [ -80.1231078, 47.0771877 ], [ -80.1231156, 47.0772807 ], [ -80.1236638, 47.0776727 ], [ -80.1241926, 47.0782359 ], [ -80.1243905, 47.0783231 ], [ -80.1246217, 47.0783149 ], [ -80.125, 47.0782039 ], [ -80.125, 47.0917019 ], [ -80.1247167, 47.0917528 ], [ -80.1246241, 47.0919029 ], [ -80.124463, 47.0923262 ], [ -80.124412, 47.0928959 ], [ -80.124346, 47.0929311 ], [ -80.124372, 47.092972 ], [ -80.1242836, 47.0933797 ], [ -80.1240365, 47.0937799 ], [ -80.1239917, 47.0939469 ], [ -80.1239293, 47.0940101 ], [ -80.1239329, 47.0942309 ], [ -80.1239692, 47.0943194 ], [ -80.1239411, 47.0953241 ], [ -80.1240253, 47.0954295 ], [ -80.1240204, 47.0955205 ], [ -80.1241227, 47.0957665 ], [ -80.12461, 47.0962954 ], [ -80.1246602, 47.0964595 ], [ -80.1247147, 47.0964959 ], [ -80.1248266, 47.0967527 ], [ -80.1249731, 47.0971802 ], [ -80.1249506, 47.0975527 ], [ -80.1248398, 47.0979476 ], [ -80.1246575, 47.098239 ], [ -80.1244497, 47.0985264 ], [ -80.1241839, 47.0987492 ], [ -80.1237921, 47.0990249 ], [ -80.1234427, 47.0991791 ], [ -80.1230261, 47.0992948 ], [ -80.1226573, 47.0994275 ], [ -80.1224302, 47.0996934 ], [ -80.1224392, 47.09986 ], [ -80.1224792, 47.0999766 ], [ -80.123107, 47.1003723 ], [ -80.1234575, 47.1006771 ], [ -80.1236258, 47.100888 ], [ -80.1236887, 47.1010542 ], [ -80.1239654, 47.1014937 ], [ -80.1239508, 47.1015739 ], [ -80.1238697, 47.1016525 ], [ -80.1235445, 47.1017372 ], [ -80.1228984, 47.1017789 ], [ -80.1220355, 47.1017486 ], [ -80.1216904, 47.1017751 ], [ -80.1214724, 47.1018222 ], [ -80.1214372, 47.102 ], [ -80.1213136, 47.1022001 ], [ -80.1211792, 47.1023158 ], [ -80.1207692, 47.102451 ], [ -80.1202932, 47.1024286 ], [ -80.1192512, 47.1022957 ], [ -80.1191361, 47.1022403 ], [ -80.1190059, 47.1022283 ], [ -80.118754, 47.1023341 ], [ -80.1186728, 47.1026053 ], [ -80.118743, 47.1028278 ], [ -80.1192467, 47.1031942 ], [ -80.1192714, 47.1033542 ], [ -80.1190982, 47.1034269 ], [ -80.118896, 47.1034674 ], [ -80.1187403, 47.1034513 ], [ -80.1185932, 47.1033723 ], [ -80.1183258, 47.102714 ], [ -80.1182351, 47.1023965 ], [ -80.1181739, 47.1023406 ], [ -80.1180407, 47.1023373 ], [ -80.117756, 47.1025754 ], [ -80.1175325, 47.1028693 ], [ -80.1171757, 47.10316 ], [ -80.1167772, 47.1034162 ], [ -80.1165622, 47.1034547 ], [ -80.116409, 47.103393 ], [ -80.1161784, 47.1032454 ], [ -80.1158901, 47.1032627 ], [ -80.115574, 47.1033213 ], [ -80.1147346, 47.1035701 ], [ -80.11468, 47.1037264 ], [ -80.114726, 47.1038256 ], [ -80.114675, 47.1042027 ], [ -80.1145623, 47.1042945 ], [ -80.1144291, 47.1042911 ], [ -80.1140168, 47.1040864 ], [ -80.1136476, 47.1037969 ], [ -80.1136246, 47.1037473 ], [ -80.1135053, 47.1036269 ], [ -80.1132482, 47.1032088 ], [ -80.1132004, 47.1029992 ], [ -80.1132247, 47.1027371 ], [ -80.113278, 47.1026999 ], [ -80.1133599, 47.1024655 ], [ -80.1133164, 47.1023207 ], [ -80.1131971, 47.1022004 ], [ -80.1132039, 47.1020271 ], [ -80.1134365, 47.1017072 ], [ -80.1134039, 47.1014541 ], [ -80.1132279, 47.1011502 ], [ -80.1131928, 47.1009426 ], [ -80.1132304, 47.100912 ], [ -80.1132305, 47.1007194 ], [ -80.1133117, 47.1006408 ], [ -80.1133129, 47.1005217 ], [ -80.1133971, 47.1004345 ], [ -80.1134033, 47.1002245 ], [ -80.1133083, 47.1000347 ], [ -80.1130831, 47.0998329 ], [ -80.1124911, 47.0994887 ], [ -80.1121504, 47.0991947 ], [ -80.1121401, 47.0991472 ], [ -80.1119113, 47.0989172 ], [ -80.1118, 47.0986972 ], [ -80.1117741, 47.0984636 ], [ -80.1118003, 47.0981192 ], [ -80.1118566, 47.0980733 ], [ -80.1118827, 47.0979216 ], [ -80.1120548, 47.0977753 ], [ -80.112056, 47.0976562 ], [ -80.1121372, 47.0975777 ], [ -80.1121635, 47.0970406 ], [ -80.1123174, 47.0967537 ], [ -80.1128485, 47.096464 ], [ -80.1129593, 47.0964545 ], [ -80.1138331, 47.0961838 ], [ -80.1140626, 47.0960652 ], [ -80.1140766, 47.0959482 ], [ -80.1137965, 47.0954806 ], [ -80.113609, 47.0934773 ], [ -80.1134826, 47.0933008 ], [ -80.1131322, 47.092996 ], [ -80.1128514, 47.0926842 ], [ -80.1126131, 47.0922508 ], [ -80.1124341, 47.0917629 ], [ -80.1124321, 47.0910377 ], [ -80.1125564, 47.0904891 ], [ -80.1125075, 47.0902059 ], [ -80.1126531, 47.0895965 ], [ -80.1129439, 47.0889557 ], [ -80.1130905, 47.0888053 ], [ -80.1132044, 47.0885945 ], [ -80.1133976, 47.0883874 ], [ -80.1135356, 47.0882997 ], [ -80.1136126, 47.0881563 ], [ -80.1135836, 47.0879314 ], [ -80.1136146, 47.0876887 ], [ -80.1139712, 47.0875908 ], [ -80.1141183, 47.0874771 ], [ -80.1140797, 47.0872414 ], [ -80.1141875, 47.087048 ], [ -80.1149032, 47.0864213 ], [ -80.1150571, 47.0861344 ], [ -80.1150433, 47.0858661 ], [ -80.1152982, 47.0857516 ], [ -80.1153823, 47.0856644 ], [ -80.1154757, 47.0853585 ], [ -80.11563, 47.0853011 ], [ -80.1159031, 47.0851345 ], [ -80.1160714, 47.08496 ], [ -80.1161375, 47.0847323 ], [ -80.1160788, 47.084631 ], [ -80.116008, 47.0845644 ], [ -80.1159282, 47.0843312 ], [ -80.1159368, 47.0840757 ], [ -80.1160537, 47.0838562 ], [ -80.1162044, 47.0837706 ], [ -80.1162505, 47.0836772 ], [ -80.1162779, 47.0830211 ], [ -80.1163416, 47.0826461 ], [ -80.1164155, 47.0825113 ], [ -80.1164326, 47.082193 ], [ -80.1165084, 47.0817833 ], [ -80.1166192, 47.0815812 ], [ -80.1167282, 47.0814613 ], [ -80.1171568, 47.0813109 ], [ -80.1174552, 47.0811484 ], [ -80.117778, 47.0807239 ], [ -80.1179124, 47.0806082 ], [ -80.1184154, 47.0803598 ], [ -80.1189989, 47.0801887 ], [ -80.1196005, 47.0801582 ], [ -80.1198468, 47.0801065 ], [ -80.1199782, 47.0799995 ], [ -80.1201041, 47.0797539 ], [ -80.1200729, 47.0788039 ], [ -80.1201759, 47.0785087 ], [ -80.1199871, 47.0783954 ], [ -80.1199321, 47.0783222 ], [ -80.1201429, 47.0774482 ], [ -80.1203555, 47.0768773 ], [ -80.1208211, 47.0760816 ], [ -80.1209803, 47.0759332 ], [ -80.1214283, 47.0752263 ], [ -80.122036, 47.0747931 ], [ -80.1226152, 47.0741718 ], [ -80.1235981, 47.0736253 ], [ -80.1244798, 47.0734844 ], [ -80.1249239, 47.07352 ], [ -80.125, 47.0735022 ], [ -80.125, 47.0767438 ] ], [ [ -80.1173727, 47.0888143 ], [ -80.1169199, 47.0888416 ], [ -80.1160989, 47.0890382 ], [ -80.1156969, 47.0892664 ], [ -80.1155152, 47.0894019 ], [ -80.1154099, 47.0895499 ], [ -80.115388, 47.0897666 ], [ -80.1157874, 47.0901619 ], [ -80.1160106, 47.090446 ], [ -80.1162061, 47.0905787 ], [ -80.1162424, 47.0906672 ], [ -80.1162785, 47.091141 ], [ -80.1161961, 47.0913386 ], [ -80.1159266, 47.091726 ], [ -80.115961, 47.0918968 ], [ -80.116093, 47.0920192 ], [ -80.1165433, 47.0922301 ], [ -80.1169986, 47.0919647 ], [ -80.1173759, 47.0915766 ], [ -80.1173513, 47.0910312 ], [ -80.1174064, 47.0909118 ], [ -80.1173805, 47.0906782 ], [ -80.1173315, 47.0905876 ], [ -80.1170937, 47.0903837 ], [ -80.1170211, 47.0902068 ], [ -80.1170103, 47.0899298 ], [ -80.1171103, 47.0896433 ], [ -80.1171999, 47.0895019 ], [ -80.1172913, 47.0894709 ], [ -80.1174937, 47.0890451 ], [ -80.1174053, 47.0888747 ], [ -80.1173727, 47.0888143 ] ], [ [ -80.1224315, 47.0964547 ], [ -80.1222857, 47.0962567 ], [ -80.1220284, 47.0960313 ], [ -80.1219073, 47.0959933 ], [ -80.1217015, 47.0960056 ], [ -80.1214266, 47.0960618 ], [ -80.1212661, 47.0963293 ], [ -80.1212824, 47.0965522 ], [ -80.1215197, 47.0967193 ], [ -80.121829, 47.0968338 ], [ -80.1222256, 47.0968525 ], [ -80.1223479, 47.0967714 ], [ -80.1224805, 47.096738 ], [ -80.1224315, 47.0964547 ] ] ] } },
{ "type": "Feature", "properties": { "element": "relation", "id": 3909408, "natural": "wood", "source": "NRCan-CanVec-10.0", "type": "multipolygon" }, "geometry": { "type": "Polygon", "coordinates": [ [ [ -80.2500425, 47.0602556 ], [ -80.2501186, 47.0604238 ], [ -80.2500974, 47.0606404 ], [ -80.2499559, 47.0608016 ], [ -80.2496668, 47.0611486 ], [ -80.2493166, 47.0613855 ], [ -80.2488986, 47.0613914 ], [ -80.2487407, 47.0614209 ], [ -80.2486068, 47.0615369 ], [ -80.2484125, 47.0619823 ], [ -80.2482134, 47.0621703 ], [ -80.2478753, 47.0622166 ], [ -80.2476741, 47.0622941 ], [ -80.2476502, 47.0625 ], [ -80.2152364, 47.0625 ], [ -80.2153226, 47.0622847 ], [ -80.2155536, 47.0619277 ], [ -80.2155643, 47.0618194 ], [ -80.215808, 47.0614645 ], [ -80.215806, 47.0613541 ], [ -80.2158869, 47.0612755 ], [ -80.2158969, 47.0611304 ], [ -80.2159718, 47.0610692 ], [ -80.2159728, 47.0609501 ], [ -80.216029, 47.0609042 ], [ -80.2161463, 47.0605655 ], [ -80.216389, 47.0603296 ], [ -80.2164716, 47.0601688 ], [ -80.2168019, 47.0598737 ], [ -80.2172406, 47.0596145 ], [ -80.2178123, 47.0593585 ], [ -80.2178334, 47.0592977 ], [ -80.2180574, 47.0590772 ], [ -80.2182389, 47.0587856 ], [ -80.2184966, 47.0585063 ], [ -80.2187818, 47.0583415 ], [ -80.2189082, 47.0583253 ], [ -80.2192346, 47.058158 ], [ -80.2194188, 47.0580135 ], [ -80.2198333, 47.0574753 ], [ -80.2199024, 47.0572756 ], [ -80.219999, 47.0571903 ], [ -80.2200629, 47.0570448 ], [ -80.2200835, 47.0567913 ], [ -80.2200002, 47.0565669 ], [ -80.2199985, 47.0563007 ], [ -80.2198696, 47.0560139 ], [ -80.2197657, 47.056043 ], [ -80.2195657, 47.0561941 ], [ -80.2186979, 47.056879 ], [ -80.2184053, 47.0569876 ], [ -80.2182505, 47.0570084 ], [ -80.2176396, 47.0570288 ], [ -80.2174674, 47.0571385 ], [ -80.2163197, 47.0582826 ], [ -80.2158025, 47.0589234 ], [ -80.2149707, 47.0598526 ], [ -80.2149654, 47.0599068 ], [ -80.2147347, 47.0601079 ], [ -80.2147203, 47.0601881 ], [ -80.2142141, 47.0605647 ], [ -80.2135965, 47.0609142 ], [ -80.2133149, 47.0611071 ], [ -80.2131223, 47.0613143 ], [ -80.2129535, 47.061608 ], [ -80.2126278, 47.0621606 ], [ -80.2125688, 47.0625 ], [ -80.1750007, 47.0625 ], [ -80.1750014, 47.0624483 ], [ -80.1753081, 47.0624155 ], [ -80.1753242, 47.062253 ], [ -80.1752224, 47.0620439 ], [ -80.1749778, 47.0618208 ], [ -80.1744947, 47.0615498 ], [ -80.1741575, 47.0612841 ], [ -80.1740684, 47.0610771 ], [ -80.1741093, 47.0608819 ], [ -80.1740474, 47.0605967 ], [ -80.1739862, 47.0605409 ], [ -80.1739322, 47.0603487 ], [ -80.1740643, 47.0599299 ], [ -80.173942, 47.0598183 ], [ -80.1735535, 47.0597003 ], [ -80.1733097, 47.0597066 ], [ -80.1733545, 47.0597322 ], [ -80.173318, 47.0601849 ], [ -80.1731524, 47.0603139 ], [ -80.172712, 47.0603067 ], [ -80.1721259, 47.0604867 ], [ -80.1720643, 47.0605868 ], [ -80.1723242, 47.0609592 ], [ -80.1726387, 47.0615605 ], [ -80.1730627, 47.0620787 ], [ -80.1734991, 47.0625 ], [ -80.1685842, 47.0625 ], [ -80.1684544, 47.0624775 ], [ -80.1683404, 47.0625 ], [ -80.1657015, 47.0625 ], [ -80.1656255, 47.0624678 ], [ -80.1649545, 47.062313 ], [ -80.1647675, 47.0623102 ], [ -80.1646193, 47.0623503 ], [ -80.1643974, 47.0625 ], [ -80.1633464, 47.0625 ], [ -80.163119, 47.0624186 ], [ -80.1624449, 47.0620799 ], [ -80.162092, 47.0618208 ], [ -80.1619715, 47.0616269 ], [ -80.1620076, 47.0613301 ], [ -80.1621907, 47.0611122 ], [ -80.1626509, 47.0607925 ], [ -80.1626738, 47.0606494 ], [ -80.1626053, 47.0605374 ], [ -80.1623651, 47.0603792 ], [ -80.162423, 47.060251 ], [ -80.1632615, 47.0594607 ], [ -80.1632288, 47.0594004 ], [ -80.1631012, 47.059343 ], [ -80.1628979, 47.05931 ], [ -80.1625935, 47.0591046 ], [ -80.1625195, 47.0588541 ], [ -80.1625938, 47.0587561 ], [ -80.1627269, 47.0587594 ], [ -80.1630634, 47.0589883 ], [ -80.1633991, 47.0589878 ], [ -80.1637076, 47.0588728 ], [ -80.1639016, 47.0587392 ], [ -80.1641096, 47.0584886 ], [ -80.164118, 47.0584257 ], [ -80.1643773, 47.0582202 ], [ -80.1645158, 47.0581693 ], [ -80.1649556, 47.0581398 ], [ -80.1651854, 47.0580579 ], [ -80.1652065, 47.0579971 ], [ -80.1654066, 47.0578461 ], [ -80.165743, 47.0578824 ], [ -80.1659062, 47.0577988 ], [ -80.1659575, 47.0576512 ], [ -80.1661111, 47.0575569 ], [ -80.1661837, 47.0575412 ], [ -80.1664668, 47.0576147 ], [ -80.166733, 47.0576212 ], [ -80.1669361, 47.0574615 ], [ -80.1669905, 47.0573053 ], [ -80.1672233, 47.0572146 ], [ -80.167545, 47.0571385 ], [ -80.1679936, 47.0568903 ], [ -80.1688024, 47.0562236 ], [ -80.1690837, 47.0561867 ], [ -80.1697437, 47.0562571 ], [ -80.1699525, 47.0564286 ], [ -80.1699462, 47.0567944 ], [ -80.1702906, 47.0571163 ], [ -80.1704318, 47.0574052 ], [ -80.1705983, 47.0575056 ], [ -80.1706702, 47.0574531 ], [ -80.1707056, 47.0571194 ], [ -80.1705033, 47.0567748 ], [ -80.1705823, 47.0565858 ], [ -80.1706821, 47.0564919 ], [ -80.1705521, 47.0559389 ], [ -80.170836, 47.055508 ], [ -80.1714025, 47.0551138 ], [ -80.1717604, 47.0549334 ], [ -80.1720638, 47.0547167 ], [ -80.1722075, 47.054419 ], [ -80.1723012, 47.0543425 ], [ -80.1727271, 47.0544299 ], [ -80.1732092, 47.0544715 ], [ -80.1734838, 47.0544151 ], [ -80.1738193, 47.0542219 ], [ -80.1739782, 47.0540735 ], [ -80.1740192, 47.0538783 ], [ -80.1739755, 47.0537337 ], [ -80.1740117, 47.0536295 ], [ -80.174314, 47.0535318 ], [ -80.1743046, 47.0531725 ], [ -80.1742271, 47.0530866 ], [ -80.1741888, 47.0528878 ], [ -80.1740204, 47.052677 ], [ -80.1736482, 47.0523965 ], [ -80.1736364, 47.0520828 ], [ -80.1737613, 47.0518004 ], [ -80.1739685, 47.051513 ], [ -80.1742332, 47.0512533 ], [ -80.1745961, 47.0506334 ], [ -80.1746867, 47.0505656 ], [ -80.174798, 47.0505928 ], [ -80.1748956, 47.0507371 ], [ -80.1750449, 47.0513116 ], [ -80.175044, 47.0516233 ], [ -80.1749848, 47.0516779 ], [ -80.1748312, 47.0523133 ], [ -80.1749444, 47.0524509 ], [ -80.1750691, 47.052517 ], [ -80.1752372, 47.0525351 ], [ -80.1756539, 47.052456 ], [ -80.1771616, 47.0517467 ], [ -80.1784882, 47.0513658 ], [ -80.1786768, 47.0512863 ], [ -80.1792244, 47.0509074 ], [ -80.1792388, 47.0508272 ], [ -80.1794853, 47.0506195 ], [ -80.1797937, 47.0505044 ], [ -80.1798904, 47.0504192 ], [ -80.1798645, 47.0500299 ], [ -80.1799194, 47.0499104 ], [ -80.1801231, 47.0497875 ], [ -80.1802127, 47.0498387 ], [ -80.1802588, 47.0499379 ], [ -80.1804185, 47.0500188 ], [ -80.1806489, 47.0499736 ], [ -80.1807421, 47.050053 ], [ -80.1806581, 47.0501402 ], [ -80.1806553, 47.0503415 ], [ -80.1809247, 47.050532 ], [ -80.1811727, 47.0505905 ], [ -80.1814643, 47.0506011 ], [ -80.1818301, 47.0505137 ], [ -80.1820404, 47.0504103 ], [ -80.1825836, 47.0499664 ], [ -80.1828295, 47.049722 ], [ -80.18285, 47.0496244 ], [ -80.1831273, 47.0493667 ], [ -80.1838489, 47.0489885 ], [ -80.1843314, 47.0488742 ], [ -80.1847545, 47.0486218 ], [ -80.1855041, 47.0483948 ], [ -80.1859, 47.0482206 ], [ -80.1863515, 47.0479636 ], [ -80.1865913, 47.0477365 ], [ -80.1879473, 47.0468833 ], [ -80.1887255, 47.0463033 ], [ -80.1889268, 47.0462259 ], [ -80.1892303, 47.0462017 ], [ -80.1895673, 47.0462747 ], [ -80.1901101, 47.0465278 ], [ -80.1903708, 47.0465884 ], [ -80.1917816, 47.0465052 ], [ -80.1921112, 47.046522 ], [ -80.1924685, 47.0464973 ], [ -80.1926053, 47.0465287 ], [ -80.193909, 47.0464832 ], [ -80.1943407, 47.0463605 ], [ -80.1948586, 47.0461051 ], [ -80.1951367, 47.0460768 ], [ -80.195467, 47.0461304 ], [ -80.1958879, 47.046116 ], [ -80.1969205, 47.0459624 ], [ -80.1976794, 47.0459019 ], [ -80.1983216, 47.0458684 ], [ -80.1990122, 47.0458885 ], [ -80.2003551, 47.0460786 ], [ -80.2015665, 47.0465315 ], [ -80.2019091, 47.0467429 ], [ -80.2023671, 47.0472023 ], [ -80.2034832, 47.047814 ], [ -80.204323, 47.0483719 ], [ -80.204677, 47.0485117 ], [ -80.2049969, 47.0485177 ], [ -80.2052557, 47.0484679 ], [ -80.205462, 47.0484921 ], [ -80.2055897, 47.0485494 ], [ -80.205597, 47.0486057 ], [ -80.2057485, 47.0487494 ], [ -80.2060112, 47.0489203 ], [ -80.2062646, 47.0489247 ], [ -80.2065555, 47.0488984 ], [ -80.2070383, 47.0486281 ], [ -80.2075999, 47.0485173 ], [ -80.2081442, 47.0484953 ], [ -80.2085667, 47.0483987 ], [ -80.2085975, 47.0483486 ], [ -80.2089184, 47.0482355 ], [ -80.2095533, 47.0481457 ], [ -80.2099719, 47.0481768 ], [ -80.2103379, 47.0482819 ], [ -80.2111116, 47.0486822 ], [ -80.211365, 47.0486865 ], [ -80.212179, 47.0483506 ], [ -80.2123542, 47.0482322 ], [ -80.2122422, 47.0481682 ], [ -80.2117624, 47.0480814 ], [ -80.2115989, 47.0479724 ], [ -80.2116163, 47.0478835 ], [ -80.2117062, 47.0477789 ], [ -80.2124403, 47.0474025 ], [ -80.2126212, 47.0474226 ], [ -80.2130321, 47.0475533 ], [ -80.2132347, 47.0475494 ], [ -80.2136542, 47.0474614 ], [ -80.214284, 47.0472698 ], [ -80.2146818, 47.0472058 ], [ -80.2155363, 47.047179 ], [ -80.2158913, 47.0471998 ], [ -80.216782, 47.0474173 ], [ -80.2173844, 47.0474597 ], [ -80.2175422, 47.0474302 ], [ -80.2183121, 47.0474539 ], [ -80.2190573, 47.0475102 ], [ -80.2193181, 47.0475708 ], [ -80.219631, 47.0477131 ], [ -80.2194863, 47.0479373 ], [ -80.2190979, 47.0481679 ], [ -80.2188837, 47.0483992 ], [ -80.2185731, 47.0485598 ], [ -80.2182883, 47.0485688 ], [ -80.2179584, 47.048708 ], [ -80.2179758, 47.0489676 ], [ -80.2181192, 47.0490183 ], [ -80.2185083, 47.0488245 ], [ -80.218625, 47.0487975 ], [ -80.2187049, 47.0488379 ], [ -80.21872, 47.049143 ], [ -80.2187879, 47.0492181 ], [ -80.2187943, 47.0493934 ], [ -80.2188876, 47.0494727 ], [ -80.2188836, 47.0496004 ], [ -80.2190727, 47.050062 ], [ -80.2193168, 47.0502482 ], [ -80.2195147, 47.0503352 ], [ -80.219605, 47.0504232 ], [ -80.2195646, 47.0504625 ], [ -80.219559, 47.051021 ], [ -80.2192231, 47.051526 ], [ -80.2191366, 47.0518147 ], [ -80.219152, 47.0519639 ], [ -80.2193203, 47.0523304 ], [ -80.2193942, 47.0523882 ], [ -80.2193976, 47.0525721 ], [ -80.2193573, 47.0529599 ], [ -80.2191825, 47.053271 ], [ -80.2190215, 47.0538135 ], [ -80.2189904, 47.0540194 ], [ -80.2191061, 47.0541114 ], [ -80.2192168, 47.0541018 ], [ -80.2193344, 47.0539558 ], [ -80.2196813, 47.0531866 ], [ -80.2199126, 47.0530222 ], [ -80.220027, 47.0530407 ], [ -80.2200852, 47.0531052 ], [ -80.2200461, 47.0532181 ], [ -80.2199839, 47.0532814 ], [ -80.2201474, 47.0533903 ], [ -80.2203845, 47.0533645 ], [ -80.2205797, 47.0533044 ], [ -80.2208351, 47.0530706 ], [ -80.2209898, 47.0527013 ], [ -80.2209968, 47.0525648 ], [ -80.2210747, 47.0524949 ], [ -80.2210726, 47.0523845 ], [ -80.2212735, 47.0521144 ], [ -80.2213597, 47.0519816 ], [ -80.2215656, 47.0518132 ], [ -80.2220691, 47.0516378 ], [ -80.2221657, 47.0515526 ], [ -80.2221957, 47.0514658 ], [ -80.2223612, 47.0513366 ], [ -80.2225056, 47.0512683 ], [ -80.2229743, 47.0512707 ], [ -80.2231977, 47.0513619 ], [ -80.2234194, 47.0515353 ], [ -80.2234609, 47.0517254 ], [ -80.2234195, 47.0518837 ], [ -80.2232779, 47.0520992 ], [ -80.223297, 47.0522766 ], [ -80.2235053, 47.0524111 ], [ -80.2238447, 47.0524385 ], [ -80.2240055, 47.0524003 ], [ -80.2242934, 47.0523827 ], [ -80.2247071, 47.0526605 ], [ -80.2249358, 47.0526974 ], [ -80.2254905, 47.0527229 ], [ -80.2258315, 47.052668 ], [ -80.2260889, 47.0525446 ], [ -80.2260748, 47.0524689 ], [ -80.2256585, 47.0523925 ], [ -80.2255174, 47.0522963 ], [ -80.2256574, 47.052163 ], [ -80.2259319, 47.0521065 ], [ -80.2262167, 47.0520976 ], [ -80.2263477, 47.0519904 ], [ -80.2263443, 47.0518064 ], [ -80.2260082, 47.0516145 ], [ -80.2259935, 47.0515021 ], [ -80.2260847, 47.051471 ], [ -80.226164, 47.0514747 ], [ -80.2265546, 47.0517029 ], [ -80.2267636, 47.0518742 ], [ -80.2269299, 47.0521303 ], [ -80.2269356, 47.0522688 ], [ -80.227049, 47.0524064 ], [ -80.2272447, 47.0525389 ], [ -80.2276132, 47.0525984 ], [ -80.228541, 47.0525925 ], [ -80.2289284, 47.0524809 ], [ -80.2294171, 47.0521931 ], [ -80.229625, 47.052135 ], [ -80.2298434, 47.0521244 ], [ -80.2301229, 47.0521696 ], [ -80.2305015, 47.0524325 ], [ -80.2308185, 47.0524471 ], [ -80.2309508, 47.0524135 ], [ -80.2311796, 47.0524504 ], [ -80.2315725, 47.0526331 ], [ -80.2317564, 47.0526445 ], [ -80.2319516, 47.0525844 ], [ -80.2322915, 47.0523 ], [ -80.2324105, 47.0522275 ], [ -80.2327388, 47.0521706 ], [ -80.2329003, 47.0521691 ], [ -80.2330675, 47.0523062 ], [ -80.2331509, 47.0525306 ], [ -80.2331366, 47.0526108 ], [ -80.2330654, 47.0527002 ], [ -80.2330531, 47.0528907 ], [ -80.2329813, 47.0529433 ], [ -80.2328101, 47.0534383 ], [ -80.2327971, 47.0535921 ], [ -80.2328904, 47.0536714 ], [ -80.2344765, 47.0539735 ], [ -80.2348884, 47.053985 ], [ -80.235557, 47.0538363 ], [ -80.2360371, 47.0537672 ], [ -80.2363862, 47.0538052 ], [ -80.2367212, 47.0537676 ], [ -80.2369566, 47.053824 ], [ -80.2373455, 47.0542903 ], [ -80.237512, 47.0543905 ], [ -80.2379501, 47.054443 ], [ -80.2384755, 47.054592 ], [ -80.2390344, 47.0548382 ], [ -80.2394678, 47.0549815 ], [ -80.2396838, 47.0550164 ], [ -80.23988, 47.0548372 ], [ -80.2397949, 47.0546951 ], [ -80.2397958, 47.054576 ], [ -80.2397152, 47.0544988 ], [ -80.2397311, 47.0543363 ], [ -80.2396505, 47.0542591 ], [ -80.2396514, 47.0541401 ], [ -80.2395708, 47.0540629 ], [ -80.2395687, 47.0539525 ], [ -80.2394881, 47.0538753 ], [ -80.2395054, 47.0537864 ], [ -80.2393949, 47.0536402 ], [ -80.2390267, 47.0534248 ], [ -80.2386053, 47.0532467 ], [ -80.2380043, 47.0531221 ], [ -80.2372369, 47.0528973 ], [ -80.2365225, 47.0526352 ], [ -80.2363005, 47.0526177 ], [ -80.2360632, 47.0527994 ], [ -80.2359868, 47.0529429 ], [ -80.2358116, 47.0530613 ], [ -80.2355499, 47.0531199 ], [ -80.2350968, 47.0531109 ], [ -80.2346073, 47.0530135 ], [ -80.233907, 47.052827 ], [ -80.2337271, 47.0526879 ], [ -80.2338109, 47.0526006 ], [ -80.2342238, 47.052493 ], [ -80.2343084, 47.0524425 ], [ -80.2343257, 47.0523536 ], [ -80.2340785, 47.0521761 ], [ -80.2328162, 47.051908 ], [ -80.2326587, 47.0517817 ], [ -80.2326222, 47.0516932 ], [ -80.2322532, 47.0514411 ], [ -80.2314216, 47.0511691 ], [ -80.2311781, 47.0510197 ], [ -80.2311687, 47.0508531 ], [ -80.2309245, 47.050667 ], [ -80.230846, 47.0507001 ], [ -80.2306993, 47.050814 ], [ -80.2306438, 47.0508967 ], [ -80.2304717, 47.0510064 ], [ -80.2301734, 47.0509766 ], [ -80.2298073, 47.0508715 ], [ -80.2296116, 47.050739 ], [ -80.2296135, 47.0505009 ], [ -80.2293506, 47.0503301 ], [ -80.2284218, 47.0501066 ], [ -80.2276567, 47.0498362 ], [ -80.227101, 47.0495813 ], [ -80.2267395, 47.0493853 ], [ -80.2264509, 47.0493662 ], [ -80.2258318, 47.0494494 ], [ -80.2252765, 47.0493872 ], [ -80.224914, 47.0493102 ], [ -80.2247318, 47.0492166 ], [ -80.2247498, 47.0491645 ], [ -80.2248441, 47.0491247 ], [ -80.22504, 47.0491014 ], [ -80.2252276, 47.0491408 ], [ -80.2259008, 47.0489012 ], [ -80.2261662, 47.0488708 ], [ -80.2263314, 47.0488975 ], [ -80.2265901, 47.0488476 ], [ -80.226914, 47.0487258 ], [ -80.2272502, 47.0484133 ], [ -80.2275088, 47.048015 ], [ -80.2276006, 47.0476722 ], [ -80.227597, 47.0471398 ], [ -80.2274136, 47.0468167 ], [ -80.227431, 47.0467278 ], [ -80.2280136, 47.0465561 ], [ -80.2281345, 47.0462455 ], [ -80.2282595, 47.0461557 ], [ -80.228462, 47.0461518 ], [ -80.2288251, 47.0462655 ], [ -80.2289956, 47.046238 ], [ -80.2291647, 47.046137 ], [ -80.2293761, 47.0457585 ], [ -80.2293741, 47.0456482 ], [ -80.2292055, 47.0454375 ], [ -80.228839, 47.0451399 ], [ -80.2286831, 47.0449313 ], [ -80.2286641, 47.0442497 ], [ -80.2287382, 47.0441516 ], [ -80.2288729, 47.0440725 ], [ -80.2294508, 47.0439917 ], [ -80.229762, 47.0438678 ], [ -80.2301766, 47.0435222 ], [ -80.2306209, 47.0428972 ], [ -80.2307586, 47.0428094 ], [ -80.2310083, 47.0427855 ], [ -80.23147, 47.0429244 ], [ -80.2318758, 47.0429533 ], [ -80.2322461, 47.0427747 ], [ -80.2326281, 47.0427173 ], [ -80.2333566, 47.0428992 ], [ -80.2336026, 47.0428473 ], [ -80.2336289, 47.0427323 ], [ -80.2332677, 47.0423805 ], [ -80.2332534, 47.0419564 ], [ -80.2331758, 47.0418705 ], [ -80.2329361, 47.0417493 ], [ -80.2321605, 47.0415872 ], [ -80.2310406, 47.0412962 ], [ -80.2307521, 47.041277 ], [ -80.2306174, 47.0413561 ], [ -80.2305373, 47.0414716 ], [ -80.2303458, 47.0415598 ], [ -80.2299543, 47.0414507 ], [ -80.2273092, 47.0396751 ], [ -80.2271029, 47.0396509 ], [ -80.2264687, 47.0399335 ], [ -80.225192, 47.0404056 ], [ -80.2241339, 47.0407113 ], [ -80.2238084, 47.0409154 ], [ -80.2238155, 47.0411274 ], [ -80.2241813, 47.0413883 ], [ -80.2249744, 47.0421585 ], [ -80.2254985, 47.0429309 ], [ -80.2258223, 47.0433134 ], [ -80.2260628, 47.0438199 ], [ -80.2262456, 47.0444547 ], [ -80.2263195, 47.0445125 ], [ -80.2263356, 47.0446985 ], [ -80.2267299, 47.0449548 ], [ -80.2267827, 47.0450734 ], [ -80.2267534, 47.045197 ], [ -80.2266725, 47.0452756 ], [ -80.2266616, 47.0455398 ], [ -80.2267877, 47.0456794 ], [ -80.2269498, 47.0457147 ], [ -80.2273804, 47.045711 ], [ -80.2274954, 47.0457663 ], [ -80.2275032, 47.0460151 ], [ -80.2274163, 47.0461111 ], [ -80.2270885, 47.0463607 ], [ -80.2270806, 47.0466162 ], [ -80.2271829, 47.0466694 ], [ -80.2271661, 47.0472994 ], [ -80.2272431, 47.0473485 ], [ -80.2272495, 47.0475238 ], [ -80.2271746, 47.047585 ], [ -80.2271774, 47.0477322 ], [ -80.2270972, 47.0478476 ], [ -80.2264882, 47.0481343 ], [ -80.2262348, 47.04813 ], [ -80.2258717, 47.0480162 ], [ -80.2256698, 47.048057 ], [ -80.224896, 47.0485095 ], [ -80.2245243, 47.0486145 ], [ -80.2241632, 47.0486111 ], [ -80.2237463, 47.0484979 ], [ -80.2232224, 47.0484223 ], [ -80.2228015, 47.0484368 ], [ -80.2219902, 47.0485715 ], [ -80.2219086, 47.0486133 ], [ -80.2216469, 47.0486719 ], [ -80.2209913, 47.0486667 ], [ -80.220568, 47.0487266 ], [ -80.2200981, 47.0489991 ], [ -80.2198821, 47.0489641 ], [ -80.219729, 47.0489027 ], [ -80.219651, 47.0486241 ], [ -80.2197292, 47.0483984 ], [ -80.2199013, 47.0482887 ], [ -80.2200949, 47.0483108 ], [ -80.2201734, 47.0482777 ], [ -80.2203719, 47.048053 ], [ -80.2204702, 47.0478855 ], [ -80.2203956, 47.0477909 ], [ -80.2204631, 47.0476735 ], [ -80.2208822, 47.0473928 ], [ -80.2209056, 47.0472865 ], [ -80.2208474, 47.0472221 ], [ -80.2201276, 47.0471699 ], [ -80.2195456, 47.0470299 ], [ -80.2186309, 47.0468819 ], [ -80.217747, 47.0466839 ], [ -80.21697, 47.0464481 ], [ -80.2159406, 47.046089 ], [ -80.2151262, 47.0458839 ], [ -80.2139184, 47.0454592 ], [ -80.2133721, 47.0453708 ], [ -80.213094, 47.0453991 ], [ -80.2128898, 47.0454853 ], [ -80.212617, 47.0454595 ], [ -80.2121881, 47.0453809 ], [ -80.2120731, 47.0453256 ], [ -80.2117742, 47.0452589 ], [ -80.2110628, 47.0451438 ], [ -80.2100255, 47.0450401 ], [ -80.2076628, 47.045006 ], [ -80.2067562, 47.044951 ], [ -80.2061568, 47.0448998 ], [ -80.2049822, 47.0447279 ], [ -80.2046659, 47.04475 ], [ -80.2045402, 47.0448031 ], [ -80.2043784, 47.0449603 ], [ -80.2042079, 47.0449877 ], [ -80.2038753, 47.0449797 ], [ -80.2036654, 47.0449273 ], [ -80.2035835, 47.0447765 ], [ -80.2035675, 47.0445905 ], [ -80.2034899, 47.0445046 ], [ -80.2031146, 47.0442329 ], [ -80.2026666, 47.0439769 ], [ -80.2017281, 47.0435498 ], [ -80.2003166, 47.0427067 ], [ -80.2001351, 47.0426498 ], [ -80.1998817, 47.0426455 ], [ -80.1996042, 47.0427106 ], [ -80.1993539, 47.0426975 ], [ -80.1987893, 47.0424685 ], [ -80.1983097, 47.0423816 ], [ -80.1973845, 47.0419933 ], [ -80.1969714, 47.041908 ], [ -80.1967217, 47.0419318 ], [ -80.1963342, 47.0420432 ], [ -80.1960277, 47.0420761 ], [ -80.1955464, 47.0420715 ], [ -80.1952857, 47.0420109 ], [ -80.1948628, 47.0419148 ], [ -80.1933522, 47.0413582 ], [ -80.1929337, 47.0413271 ], [ -80.1921554, 47.0408249 ], [ -80.1919519, 47.0405994 ], [ -80.191736, 47.0405644 ], [ -80.1915063, 47.0406464 ], [ -80.191392, 47.0406278 ], [ -80.1910682, 47.0404011 ], [ -80.1909707, 47.0402569 ], [ -80.1910182, 47.0400812 ], [ -80.1911486, 47.0399373 ], [ -80.1911894, 47.0397421 ], [ -80.1910628, 47.0395657 ], [ -80.1905048, 47.0391634 ], [ -80.1903371, 47.0389895 ], [ -80.1903469, 47.0386518 ], [ -80.1901445, 47.0383072 ], [ -80.189836, 47.0382297 ], [ -80.1893681, 47.0382638 ], [ -80.1887658, 47.0382212 ], [ -80.188605, 47.0382594 ], [ -80.1885151, 47.038364 ], [ -80.1885104, 47.0384549 ], [ -80.1885122, 47.0389138 ], [ -80.1883327, 47.0389672 ], [ -80.1877708, 47.0388853 ], [ -80.1871315, 47.0387174 ], [ -80.1869083, 47.0386262 ], [ -80.1867539, 47.0384911 ], [ -80.186746, 47.0383981 ], [ -80.1866654, 47.0383208 ], [ -80.1866695, 47.0381931 ], [ -80.1867491, 47.038041 ], [ -80.1867495, 47.0378851 ], [ -80.1868305, 47.0378065 ], [ -80.1868479, 47.0377177 ], [ -80.1870097, 47.0375605 ], [ -80.1869878, 47.0373919 ], [ -80.1866599, 47.0372928 ], [ -80.1863745, 47.0372649 ], [ -80.18632, 47.0372286 ], [ -80.1860921, 47.0372283 ], [ -80.1860075, 47.0372787 ], [ -80.1859903, 47.0375603 ], [ -80.1858422, 47.0376004 ], [ -80.1853446, 47.0375656 ], [ -80.1853452, 47.0376024 ], [ -80.1851647, 47.0377748 ], [ -80.1849598, 47.0378241 ], [ -80.184571, 47.037862 ], [ -80.1842912, 47.0379725 ], [ -80.1842266, 47.0380813 ], [ -80.184254, 47.0381957 ], [ -80.1845048, 47.0385941 ], [ -80.184507, 47.0388971 ], [ -80.1842905, 47.0393663 ], [ -80.1842616, 47.0395267 ], [ -80.1844638, 47.0396787 ], [ -80.1849266, 47.0398914 ], [ -80.1853393, 47.0401325 ], [ -80.1852936, 47.0404186 ], [ -80.1854092, 47.0405107 ], [ -80.1857539, 47.0404841 ], [ -80.1859554, 47.0405993 ], [ -80.1860111, 47.0407092 ], [ -80.1859937, 47.0407981 ], [ -80.1853342, 47.0409204 ], [ -80.1849644, 47.0411356 ], [ -80.1843531, 47.04166 ], [ -80.1837863, 47.0420175 ], [ -80.183463, 47.042176 ], [ -80.1830397, 47.0422358 ], [ -80.1816659, 47.0422514 ], [ -80.18123, 47.0423091 ], [ -80.1803114, 47.0422885 ], [ -80.1799898, 47.0423647 ], [ -80.1795281, 47.0425741 ], [ -80.1790631, 47.0425995 ], [ -80.1786633, 47.042553 ], [ -80.1785225, 47.0426494 ], [ -80.1785759, 47.0428048 ], [ -80.1783946, 47.0429405 ], [ -80.1782302, 47.0429505 ], [ -80.1773902, 47.0428967 ], [ -80.1772173, 47.0429696 ], [ -80.1772145, 47.0431709 ], [ -80.1771389, 47.0431953 ], [ -80.1768481, 47.0432215 ], [ -80.1762959, 47.0431502 ], [ -80.1760208, 47.0431698 ], [ -80.175883, 47.0432575 ], [ -80.1759013, 47.043398 ], [ -80.1757303, 47.0435812 ], [ -80.1756294, 47.0436015 ], [ -80.1756083, 47.0436623 ], [ -80.1753163, 47.0438075 ], [ -80.1749596, 47.0438689 ], [ -80.1749725, 47.0440635 ], [ -80.1751395, 47.0442007 ], [ -80.1751348, 47.0442917 ], [ -80.1750629, 47.0443442 ], [ -80.1750491, 47.0444612 ], [ -80.1748969, 47.0446291 ], [ -80.1748759, 47.0448825 ], [ -80.175069, 47.0450605 ], [ -80.1750395, 47.0451842 ], [ -80.1748001, 47.0452554 ], [ -80.1744578, 47.0452365 ], [ -80.1740487, 47.0455645 ], [ -80.1727085, 47.0460624 ], [ -80.1727552, 47.0461983 ], [ -80.1731999, 47.0464631 ], [ -80.173336, 47.0464577 ], [ -80.1736303, 47.046267 ], [ -80.173877, 47.046252 ], [ -80.1741296, 47.046027 ], [ -80.1743376, 47.045969 ], [ -80.1744725, 47.0460827 ], [ -80.1746867, 47.0462 ], [ -80.1749812, 47.0462019 ], [ -80.1751543, 47.0463217 ], [ -80.1751339, 47.0464193 ], [ -80.1747303, 47.0468857 ], [ -80.1746024, 47.0471768 ], [ -80.1744, 47.0473732 ], [ -80.1740971, 47.0474341 ], [ -80.1739604, 47.0474028 ], [ -80.1737106, 47.0474265 ], [ -80.1735565, 47.047484 ], [ -80.1735106, 47.0475774 ], [ -80.1738132, 47.047865 ], [ -80.173892, 47.0480245 ], [ -80.1743846, 47.0483062 ], [ -80.1743513, 47.0489428 ], [ -80.1742947, 47.0491446 ], [ -80.17407, 47.0495209 ], [ -80.1740164, 47.0497139 ], [ -80.1740544, 47.0502612 ], [ -80.1739295, 47.0505436 ], [ -80.1730463, 47.0516568 ], [ -80.172787, 47.0518624 ], [ -80.1725857, 47.0519398 ], [ -80.1720511, 47.0519722 ], [ -80.1714653, 47.0523449 ], [ -80.1713038, 47.0523463 ], [ -80.1709129, 47.052081 ], [ -80.1705359, 47.0518914 ], [ -80.1705025, 47.0517943 ], [ -80.1705364, 47.0517356 ], [ -80.171093, 47.0513307 ], [ -80.1710935, 47.0511748 ], [ -80.1709562, 47.0511067 ], [ -80.1708044, 47.0511187 ], [ -80.1702936, 47.0514302 ], [ -80.1701605, 47.051427 ], [ -80.1701103, 47.0514555 ], [ -80.1699542, 47.0514027 ], [ -80.1696927, 47.0511126 ], [ -80.1695842, 47.050884 ], [ -80.1692187, 47.0506229 ], [ -80.1687203, 47.0505512 ], [ -80.1679958, 47.0505895 ], [ -80.1675451, 47.0505347 ], [ -80.1670286, 47.050515 ], [ -80.166869, 47.0506267 ], [ -80.1669351, 47.0507842 ], [ -80.167323, 47.0510581 ], [ -80.167346, 47.0511077 ], [ -80.1674586, 47.0519423 ], [ -80.1673274, 47.0520494 ], [ -80.1670365, 47.0520755 ], [ -80.1667073, 47.0519029 ], [ -80.1666063, 47.0519231 ], [ -80.166321, 47.0520878 ], [ -80.1661184, 47.0520916 ], [ -80.165808, 47.0519036 ], [ -80.1650421, 47.0517517 ], [ -80.1649326, 47.0516422 ], [ -80.1648665, 47.0514848 ], [ -80.1649541, 47.051233 ], [ -80.165026, 47.0511805 ], [ -80.1651051, 47.0509915 ], [ -80.1651859, 47.0507203 ], [ -80.1651834, 47.0505731 ], [ -80.1649425, 47.0503781 ], [ -80.1647574, 47.050293 ], [ -80.1644779, 47.0502477 ], [ -80.1641901, 47.0502651 ], [ -80.1630174, 47.0494693 ], [ -80.1623501, 47.04915 ], [ -80.1616871, 47.0488956 ], [ -80.1615013, 47.0487737 ], [ -80.1612937, 47.0484832 ], [ -80.16091, 47.0480815 ], [ -80.1608814, 47.0478934 ], [ -80.1609709, 47.047752 ], [ -80.1609931, 47.0475722 ], [ -80.1607849, 47.0472449 ], [ -80.1602496, 47.0472405 ], [ -80.1600391, 47.0471512 ], [ -80.1599109, 47.047057 ], [ -80.1596518, 47.0467215 ], [ -80.1592085, 47.0467228 ], [ -80.1590036, 47.0467721 ], [ -80.1587441, 47.046785 ], [ -80.1579838, 47.0465789 ], [ -80.1573319, 47.0466014 ], [ -80.1571203, 47.0466312 ], [ -80.1569921, 47.0467296 ], [ -80.1570315, 47.0468094 ], [ -80.1572342, 47.0469983 ], [ -80.1571471, 47.0470942 ], [ -80.156869, 47.0471224 ], [ -80.1566632, 47.0469422 ], [ -80.1565296, 47.0469021 ], [ -80.1563276, 47.0469427 ], [ -80.156186, 47.0468096 ], [ -80.1562893, 47.0465512 ], [ -80.156253, 47.0464628 ], [ -80.1560763, 47.0463148 ], [ -80.1559021, 47.0463141 ], [ -80.1557292, 47.0463869 ], [ -80.1554413, 47.0464043 ], [ -80.1551038, 47.0462944 ], [ -80.154485, 47.0460288 ], [ -80.1538487, 47.0456594 ], [ -80.1536587, 47.0454726 ], [ -80.1535588, 47.0451812 ], [ -80.1535725, 47.0448715 ], [ -80.1536438, 47.0447822 ], [ -80.1537187, 47.0445284 ], [ -80.1537101, 47.044206 ], [ -80.1533871, 47.0440159 ], [ -80.1532328, 47.0438808 ], [ -80.1531305, 47.0436349 ], [ -80.1527675, 47.0433282 ], [ -80.1524767, 47.0433543 ], [ -80.1523981, 47.0433874 ], [ -80.1522112, 47.0433846 ], [ -80.1519293, 47.043192 ], [ -80.1518948, 47.0430213 ], [ -80.1519323, 47.0429907 ], [ -80.151899, 47.0428935 ], [ -80.1520022, 47.0424425 ], [ -80.1520117, 47.042068 ], [ -80.1518997, 47.0418114 ], [ -80.1513939, 47.0411054 ], [ -80.1507829, 47.0405475 ], [ -80.1505053, 47.0404199 ], [ -80.150472, 47.0403227 ], [ -80.1506225, 47.0400445 ], [ -80.1507573, 47.0399655 ], [ -80.1509816, 47.0399378 ], [ -80.1511726, 47.0398129 ], [ -80.151262, 47.0396715 ], [ -80.1512232, 47.0392433 ], [ -80.151414, 47.0387332 ], [ -80.1516224, 47.0383268 ], [ -80.1519711, 47.0377873 ], [ -80.1520895, 47.0376781 ], [ -80.1521167, 47.0376 ], [ -80.1524273, 47.0372469 ], [ -80.1525167, 47.0371056 ], [ -80.1527911, 47.0368567 ], [ -80.1533122, 47.0365928 ], [ -80.1533816, 47.0363932 ], [ -80.1532377, 47.0363056 ], [ -80.1531391, 47.0362804 ], [ -80.1528893, 47.0361114 ], [ -80.1527035, 47.0357968 ], [ -80.1525977, 47.0357154 ], [ -80.152455, 47.0357014 ], [ -80.1522096, 47.0357899 ], [ -80.151798, 47.0361633 ], [ -80.1515562, 47.0362799 ], [ -80.1515865, 47.0363857 ], [ -80.1517232, 47.0364171 ], [ -80.1518163, 47.0364964 ], [ -80.1518115, 47.0365874 ], [ -80.151557, 47.0367019 ], [ -80.1506997, 47.0367368 ], [ -80.1504614, 47.0366889 ], [ -80.1502885, 47.0365691 ], [ -80.1502449, 47.0364244 ], [ -80.1502454, 47.0362686 ], [ -80.1503777, 47.0360424 ], [ -80.1504151, 47.0358192 ], [ -80.1505855, 47.0355993 ], [ -80.1506271, 47.0352483 ], [ -80.1505315, 47.0350218 ], [ -80.1503821, 47.0349884 ], [ -80.1501349, 47.0351592 ], [ -80.1500049, 47.0351472 ], [ -80.1495484, 47.034917 ], [ -80.1491166, 47.0346542 ], [ -80.1489225, 47.0345951 ], [ -80.1486952, 47.0346316 ], [ -80.1480762, 47.034907 ], [ -80.1476633, 47.0350141 ], [ -80.14704, 47.035032 ], [ -80.1466113, 47.0349531 ], [ -80.1464505, 47.0349911 ], [ -80.1464312, 47.0351623 ], [ -80.1465213, 47.0352503 ], [ -80.1465232, 47.0353607 ], [ -80.1462299, 47.0354322 ], [ -80.1455879, 47.0354654 ], [ -80.1450014, 47.0354158 ], [ -80.1448067, 47.03532 ], [ -80.1448036, 47.035136 ], [ -80.1450666, 47.0349587 ], [ -80.1450925, 47.034807 ], [ -80.1449897, 47.0347169 ], [ -80.1445767, 47.0344387 ], [ -80.1443929, 47.0344272 ], [ -80.1443694, 47.034726 ], [ -80.1440956, 47.0348191 ], [ -80.1439256, 47.0346906 ], [ -80.1439044, 47.0345587 ], [ -80.1435561, 47.0341718 ], [ -80.143001, 47.0337238 ], [ -80.1429411, 47.033549 ], [ -80.1430414, 47.0332993 ], [ -80.143447, 47.0329434 ], [ -80.1435291, 47.0327458 ], [ -80.1435122, 47.0326788 ], [ -80.1433126, 47.0324813 ], [ -80.14337, 47.0323163 ], [ -80.1435798, 47.0321762 ], [ -80.143957, 47.03221 ], [ -80.1443869, 47.0323625 ], [ -80.1446088, 47.0323803 ], [ -80.1447502, 47.0323207 ], [ -80.1449279, 47.032157 ], [ -80.1448983, 47.032088 ], [ -80.1446485, 47.031919 ], [ -80.1440627, 47.0317136 ], [ -80.1426637, 47.0313393 ], [ -80.141463, 47.0308963 ], [ -80.1406359, 47.0304591 ], [ -80.1403342, 47.0302082 ], [ -80.1400953, 47.0299309 ], [ -80.1400058, 47.029687 ], [ -80.1399743, 47.029315 ], [ -80.1400281, 47.029122 ], [ -80.14032, 47.0285916 ], [ -80.140358, 47.0284052 ], [ -80.1401029, 47.0282903 ], [ -80.1400636, 47.0282105 ], [ -80.1401138, 47.028182 ], [ -80.1400721, 47.0281477 ], [ -80.1401143, 47.0278336 ], [ -80.1401989, 47.0277831 ], [ -80.1402116, 47.0275926 ], [ -80.1402835, 47.0275401 ], [ -80.1403222, 47.0273904 ], [ -80.1403814, 47.0273359 ], [ -80.1404049, 47.027037 ], [ -80.1404865, 47.0269953 ], [ -80.1405125, 47.0268436 ], [ -80.1408806, 47.0265183 ], [ -80.1410552, 47.0261706 ], [ -80.14069, 47.0259094 ], [ -80.1400626, 47.0256698 ], [ -80.1390192, 47.0251606 ], [ -80.1388258, 47.0251383 ], [ -80.138448, 47.0252603 ], [ -80.1382739, 47.0252594 ], [ -80.1379505, 47.0250325 ], [ -80.1379178, 47.0249722 ], [ -80.1375793, 47.0247887 ], [ -80.137381, 47.0244721 ], [ -80.1373713, 47.0240761 ], [ -80.1372033, 47.0238653 ], [ -80.1365365, 47.0233532 ], [ -80.1361877, 47.0231222 ], [ -80.1359182, 47.0230875 ], [ -80.1354413, 47.0231474 ], [ -80.1351179, 47.0229205 ], [ -80.1349511, 47.0225907 ], [ -80.1348973, 47.0223985 ], [ -80.1347703, 47.0221852 ], [ -80.1345013, 47.0219947 ], [ -80.1341756, 47.0218133 ], [ -80.1337113, 47.0211048 ], [ -80.1335923, 47.0207919 ], [ -80.133579, 47.0205605 ], [ -80.1336297, 47.0203761 ], [ -80.133834, 47.0200975 ], [ -80.1339126, 47.0198719 ], [ -80.1339228, 47.0197268 ], [ -80.1335814, 47.0193593 ], [ -80.1332901, 47.0193486 ], [ -80.1330755, 47.019387 ], [ -80.1327914, 47.0192399 ], [ -80.1324198, 47.0189593 ], [ -80.13212, 47.0186261 ], [ -80.1320444, 47.0184579 ], [ -80.1319514, 47.0183785 ], [ -80.1317471, 47.0176941 ], [ -80.1318952, 47.0174614 ], [ -80.132543, 47.0170257 ], [ -80.1326851, 47.0166178 ], [ -80.1329558, 47.0163409 ], [ -80.1331256, 47.0160842 ], [ -80.1333492, 47.0160197 ], [ -80.1337136, 47.0160515 ], [ -80.1340073, 47.0158242 ], [ -80.1343596, 47.0156981 ], [ -80.1344751, 47.0155977 ], [ -80.1345083, 47.0155022 ], [ -80.1344442, 47.0154551 ], [ -80.1344714, 47.015377 ], [ -80.1346062, 47.015298 ], [ -80.1355302, 47.0153017 ], [ -80.1359907, 47.0152116 ], [ -80.136378, 47.0151004 ], [ -80.1370313, 47.0149958 ], [ -80.1372126, 47.0148602 ], [ -80.1372113, 47.0145941 ], [ -80.1371327, 47.0144345 ], [ -80.1371091, 47.0141555 ], [ -80.1370475, 47.014063 ], [ -80.1370336, 47.0136021 ], [ -80.1369719, 47.0135095 ], [ -80.1369392, 47.0132566 ], [ -80.1368782, 47.0132008 ], [ -80.1368649, 47.0129693 ], [ -80.1368039, 47.0129136 ], [ -80.1367917, 47.0127557 ], [ -80.1367011, 47.0126309 ], [ -80.1365573, 47.0125432 ], [ -80.1362594, 47.0125131 ], [ -80.1360545, 47.0123697 ], [ -80.135852, 47.0119882 ], [ -80.1357523, 47.0116968 ], [ -80.135776, 47.0114686 ], [ -80.1357221, 47.0113984 ], [ -80.135632, 47.0113104 ], [ -80.1350773, 47.0112476 ], [ -80.134861, 47.0111756 ], [ -80.1345637, 47.0109897 ], [ -80.1337352, 47.0102494 ], [ -80.1335449, 47.0100258 ], [ -80.1329787, 47.0096493 ], [ -80.1325436, 47.009551 ], [ -80.1321412, 47.0095129 ], [ -80.1318192, 47.0093596 ], [ -80.1309134, 47.0083408 ], [ -80.1304452, 47.0079527 ], [ -80.1300899, 47.0077022 ], [ -80.1295274, 47.0075464 ], [ -80.1292398, 47.0073711 ], [ -80.1290658, 47.0071777 ], [ -80.1287903, 47.0069677 ], [ -80.1285396, 47.0069177 ], [ -80.1282514, 47.0067057 ], [ -80.127959, 47.0060436 ], [ -80.1277361, 47.0057596 ], [ -80.1276274, 47.0054943 ], [ -80.1275247, 47.0054042 ], [ -80.1273688, 47.0053512 ], [ -80.1271531, 47.0053161 ], [ -80.1267284, 47.0054578 ], [ -80.1260722, 47.005571 ], [ -80.1259508, 47.0056888 ], [ -80.1257707, 47.0060905 ], [ -80.1256148, 47.0062302 ], [ -80.1252848, 47.0063691 ], [ -80.125, 47.0064186 ], [ -80.1243858, 47.0065252 ], [ -80.1242262, 47.0066368 ], [ -80.1241338, 47.0067868 ], [ -80.1239422, 47.0068748 ], [ -80.1229428, 47.007088 ], [ -80.1224232, 47.0072326 ], [ -80.1220274, 47.007214 ], [ -80.1217743, 47.0070168 ], [ -80.1216119, 47.0067518 ], [ -80.1215787, 47.0064621 ], [ -80.1218041, 47.0063154 ], [ -80.1219062, 47.0061761 ], [ -80.1218459, 47.0059645 ], [ -80.1217263, 47.0058075 ], [ -80.1214218, 47.0055652 ], [ -80.1209911, 47.0053391 ], [ -80.1207918, 47.0051415 ], [ -80.1207459, 47.0050423 ], [ -80.1207478, 47.0047675 ], [ -80.1208959, 47.0045348 ], [ -80.1207575, 47.004393 ], [ -80.1203902, 47.0043698 ], [ -80.1201425, 47.0043111 ], [ -80.1195916, 47.0040837 ], [ -80.1188086, 47.0041762 ], [ -80.1185609, 47.0041175 ], [ -80.1185531, 47.0040245 ], [ -80.1187023, 47.0038654 ], [ -80.1188903, 47.0035567 ], [ -80.1192529, 47.0032856 ], [ -80.1195073, 47.0031712 ], [ -80.1201689, 47.0030039 ], [ -80.1211821, 47.0028664 ], [ -80.1230532, 47.0023826 ], [ -80.1233831, 47.0022438 ], [ -80.1235154, 47.0022103 ], [ -80.1240296, 47.0019273 ], [ -80.1241813, 47.0017227 ], [ -80.1241904, 47.0015041 ], [ -80.1239935, 47.0010684 ], [ -80.1239682, 47.0008717 ], [ -80.1239199, 47.000818 ], [ -80.124179, 47.000108 ], [ -80.125, 47.0 ], [ -80.133333, 47.0 ], [ -80.149999, 47.0 ], [ -80.1666667, 47.0 ], [ -80.183333, 47.0 ], [ -80.2, 47.0 ], [ -80.2145302, 47.0000393 ], [ -80.2146007, 47.0001089 ], [ -80.2147737, 47.0002286 ], [ -80.2147698, 47.0003563 ], [ -80.214869, 47.0004182 ], [ -80.2148596, 47.0006 ], [ -80.2151442, 47.0009395 ], [ -80.215878, 47.0014526 ], [ -80.2164786, 47.0021183 ], [ -80.2167217, 47.0022677 ], [ -80.2170099, 47.0022868 ], [ -80.2174023, 47.0021211 ], [ -80.2174751, 47.0019496 ], [ -80.2173237, 47.0018059 ], [ -80.2173598, 47.0017017 ], [ -80.2176373, 47.0014807 ], [ -80.2176292, 47.0013878 ], [ -80.217713, 47.0013005 ], [ -80.2176893, 47.0012141 ], [ -80.2175453, 47.0011266 ], [ -80.2170661, 47.0010399 ], [ -80.2167789, 47.0009017 ], [ -80.2165641, 47.0007477 ], [ -80.2164412, 47.0005994 ], [ -80.2162677, 47.0000301 ], [ -80.2166667, 47.0 ], [ -80.233334, 47.0 ], [ -80.2398602, 47.0000347 ], [ -80.2399474, 47.0001305 ], [ -80.2398726, 47.0001918 ], [ -80.2398583, 47.000272 ], [ -80.2396006, 47.0003587 ], [ -80.2395235, 47.0004654 ], [ -80.239542, 47.0006059 ], [ -80.2396225, 47.0006831 ], [ -80.2396147, 47.0009385 ], [ -80.239311, 47.0012744 ], [ -80.239359, 47.0016397 ], [ -80.2396895, 47.0018857 ], [ -80.23972, 47.0019915 ], [ -80.2396579, 47.0020548 ], [ -80.2397338, 47.0022229 ], [ -80.2394726, 47.0026299 ], [ -80.2391854, 47.0035002 ], [ -80.2391912, 47.0036386 ], [ -80.2392814, 47.0037266 ], [ -80.2392835, 47.0038369 ], [ -80.2395819, 47.0040593 ], [ -80.2397886, 47.0041203 ], [ -80.2401069, 47.0040525 ], [ -80.2403632, 47.0038923 ], [ -80.2405209, 47.0038628 ], [ -80.2409053, 47.0039524 ], [ -80.2410412, 47.0039469 ], [ -80.2410818, 47.0037518 ], [ -80.2410454, 47.0036634 ], [ -80.2407797, 47.0035012 ], [ -80.2406161, 47.0035481 ], [ -80.2402903, 47.0037155 ], [ -80.240123, 47.0037343 ], [ -80.2400305, 47.0036918 ], [ -80.2399492, 47.0035778 ], [ -80.2400355, 47.0032893 ], [ -80.2401389, 47.0030676 ], [ -80.2401495, 47.0029593 ], [ -80.2403518, 47.0024511 ], [ -80.2403714, 47.0018126 ], [ -80.2405561, 47.0005407 ], [ -80.2405473, 47.0004109 ], [ -80.2408829, 47.0000509 ], [ -80.25, 47.0 ], [ -80.25, 47.0173894 ], [ -80.249824, 47.0174031 ], [ -80.2497836, 47.0174424 ], [ -80.2499298, 47.0176402 ], [ -80.2499686, 47.0176831 ], [ -80.25, 47.0176882 ], [ -80.25, 47.0180599 ], [ -80.2499705, 47.0179493 ], [ -80.2498407, 47.0177817 ], [ -80.2498169, 47.0176953 ], [ -80.2496145, 47.0176993 ], [ -80.2494827, 47.0179255 ], [ -80.24917, 47.0182876 ], [ -80.2492296, 47.0184256 ], [ -80.2498783, 47.0182553 ], [ -80.25, 47.0181157 ], [ -80.25, 47.0323041 ], [ -80.2497795, 47.0322848 ], [ -80.2493559, 47.0321522 ], [ -80.2488206, 47.0317999 ], [ -80.2483284, 47.0315554 ], [ -80.2475703, 47.0313046 ], [ -80.2467793, 47.0309935 ], [ -80.2463791, 47.0307547 ], [ -80.2463892, 47.0304538 ], [ -80.2464963, 47.0302602 ], [ -80.2463014, 47.0301645 ], [ -80.2460922, 47.0301491 ], [ -80.2458463, 47.0302011 ], [ -80.2455935, 47.0303894 ], [ -80.2455155, 47.0306152 ], [ -80.2455146, 47.0307343 ], [ -80.2455816, 47.0309284 ], [ -80.2459511, 47.0312173 ], [ -80.2460075, 47.0315198 ], [ -80.2462747, 47.0317555 ], [ -80.2463477, 47.0319324 ], [ -80.2462584, 47.0322297 ], [ -80.2459618, 47.0327777 ], [ -80.2458635, 47.0331011 ], [ -80.2458264, 47.0334801 ], [ -80.2458366, 47.0336835 ], [ -80.246788, 47.0354325 ], [ -80.2470721, 47.0358909 ], [ -80.2472503, 47.0362681 ], [ -80.2474633, 47.036816 ], [ -80.2475469, 47.0375446 ], [ -80.247667, 47.0377015 ], [ -80.2480673, 47.0379404 ], [ -80.2482511, 47.0386118 ], [ -80.2482341, 47.0390492 ], [ -80.2481928, 47.0392076 ], [ -80.2481799, 47.0400215 ], [ -80.2480549, 47.0407715 ], [ -80.2480266, 47.0412803 ], [ -80.2479696, 47.0414454 ], [ -80.2479238, 47.042199 ], [ -80.2479439, 47.0422572 ], [ -80.2478015, 47.0425918 ], [ -80.2476092, 47.0427991 ], [ -80.247417, 47.0428506 ], [ -80.2469948, 47.0427916 ], [ -80.2466957, 47.0428809 ], [ -80.2465185, 47.042889 ], [ -80.2459941, 47.0426209 ], [ -80.2457191, 47.0426407 ], [ -80.2453712, 47.0428321 ], [ -80.2449608, 47.0428942 ], [ -80.2441094, 47.0429125 ], [ -80.243744, 47.0428444 ], [ -80.243422, 47.0427282 ], [ -80.2432682, 47.04263 ], [ -80.2432511, 47.042563 ], [ -80.2431869, 47.042516 ], [ -80.2431945, 47.0424164 ], [ -80.242945, 47.0422844 ], [ -80.2424972, 47.0423771 ], [ -80.2422027, 47.0423754 ], [ -80.2417573, 47.0422668 ], [ -80.2416033, 47.0423244 ], [ -80.2415094, 47.043217 ], [ -80.2414336, 47.0433973 ], [ -80.2412479, 47.043624 ], [ -80.2411357, 47.0437159 ], [ -80.2409084, 47.0437526 ], [ -80.2407784, 47.0437407 ], [ -80.240355, 47.0434523 ], [ -80.2402568, 47.0431155 ], [ -80.2401373, 47.0429953 ], [ -80.2399387, 47.0428716 ], [ -80.2389298, 47.0427636 ], [ -80.2385517, 47.0426933 ], [ -80.238344, 47.0425956 ], [ -80.2381796, 47.0426057 ], [ -80.2379491, 47.0428069 ], [ -80.2378509, 47.0429744 ], [ -80.2378567, 47.0431129 ], [ -80.2379477, 47.0432376 ], [ -80.2381948, 47.0434151 ], [ -80.2384967, 47.043473 ], [ -80.2386095, 47.0435737 ], [ -80.2386624, 47.0436923 ], [ -80.2385859, 47.0438358 ], [ -80.2383457, 47.0440263 ], [ -80.2383619, 47.0442123 ], [ -80.2384395, 47.0442982 ], [ -80.2384506, 47.0443825 ], [ -80.2386118, 47.0445369 ], [ -80.2386162, 47.0446018 ], [ -80.238829, 47.0448012 ], [ -80.2390768, 47.0450154 ], [ -80.2394191, 47.0450341 ], [ -80.2396741, 47.0449561 ], [ -80.2401162, 47.0447249 ], [ -80.2403308, 47.0446862 ], [ -80.2406722, 47.0448239 ], [ -80.2406923, 47.0448821 ], [ -80.2410425, 47.0451496 ], [ -80.2416754, 47.0452977 ], [ -80.2418674, 47.045402 ], [ -80.2420601, 47.0455432 ], [ -80.2422264, 47.0457993 ], [ -80.2423112, 47.0460972 ], [ -80.2421329, 47.0463802 ], [ -80.2421815, 47.0464338 ], [ -80.2427558, 47.0468292 ], [ -80.2432032, 47.0470481 ], [ -80.2433959, 47.0471893 ], [ -80.2434488, 47.0473079 ], [ -80.2434569, 47.0474009 ], [ -80.2435436, 47.0474607 ], [ -80.2435441, 47.0476533 ], [ -80.2436374, 47.0477326 ], [ -80.2436642, 47.0478103 ], [ -80.24398, 47.0480997 ], [ -80.2446255, 47.0484056 ], [ -80.2449533, 47.0486603 ], [ -80.2452452, 47.0490191 ], [ -80.2455162, 47.0492829 ], [ -80.2458008, 47.0494298 ], [ -80.2472131, 47.0499237 ], [ -80.2475814, 47.050139 ], [ -80.2477487, 47.050276 ], [ -80.2480321, 47.0508536 ], [ -80.2492123, 47.0516309 ], [ -80.2494236, 47.0519126 ], [ -80.2494114, 47.0521032 ], [ -80.2498003, 47.0525694 ], [ -80.2498077, 47.0532858 ], [ -80.2497101, 47.0536459 ], [ -80.249648, 47.0537093 ], [ -80.2496552, 47.0539213 ], [ -80.2497717, 47.0540501 ], [ -80.2499256, 47.0541483 ], [ -80.2500768, 47.0541407 ], [ -80.2501342, 47.054127 ], [ -80.2505502, 47.0538549 ], [ -80.250684, 47.0538948 ], [ -80.2508476, 47.0540037 ], [ -80.2509401, 47.054202 ], [ -80.2509362, 47.0543298 ], [ -80.2508396, 47.0544151 ], [ -80.2508665, 47.0544927 ], [ -80.2507729, 47.0545693 ], [ -80.2504866, 47.055165 ], [ -80.2504953, 47.0554506 ], [ -80.2505482, 47.0555692 ], [ -80.2505681, 47.0557833 ], [ -80.2506084, 47.0558998 ], [ -80.2506246, 47.0560858 ], [ -80.2504695, 47.0564184 ], [ -80.2502255, 47.0565807 ], [ -80.249928, 47.0566774 ], [ -80.2498665, 47.0566878 ], [ -80.2495913, 47.0567076 ], [ -80.2494155, 47.0567893 ], [ -80.2494213, 47.0569278 ], [ -80.2492469, 47.057083 ], [ -80.2490009, 47.057135 ], [ -80.2489709, 47.0572218 ], [ -80.2489774, 47.0573971 ], [ -80.2498504, 47.0583265 ], [ -80.2499997, 47.0585157 ], [ -80.250036, 47.0585655 ], [ -80.2500832, 47.0587401 ], [ -80.2500148, 47.0589766 ], [ -80.25, 47.0589899 ], [ -80.2498591, 47.0591165 ], [ -80.2498463, 47.0592703 ], [ -80.249982, 47.0595161 ], [ -80.2500067, 47.0595438 ], [ -80.2500155, 47.0596736 ], [ -80.2499712, 47.0597087 ], [ -80.249776, 47.0599008 ], [ -80.2499103, 47.0601334 ], [ -80.2499627, 47.0601955 ], [ -80.2500425, 47.0602556 ] ], [ [ -80.201253, 47.002778 ], [ -80.2015756, 47.0027753 ], [ -80.2018538, 47.0025911 ], [ -80.2018118, 47.0023643 ], [ -80.201602, 47.0023119 ], [ -80.2011575, 47.0023958 ], [ -80.20107, 47.0024549 ], [ -80.2011181, 47.0026644 ], [ -80.201253, 47.002778 ] ], [ [ -80.1957376, 47.0097601 ], [ -80.1957356, 47.0096497 ], [ -80.1952574, 47.0094438 ], [ -80.1952571, 47.0092512 ], [ -80.1954566, 47.0089076 ], [ -80.1960105, 47.0083923 ], [ -80.1967458, 47.0079338 ], [ -80.196835, 47.0077924 ], [ -80.1968431, 47.007537 ], [ -80.1967844, 47.0074358 ], [ -80.1965382, 47.007295 ], [ -80.196424, 47.0072765 ], [ -80.1962917, 47.00731 ], [ -80.1957292, 47.0076956 ], [ -80.1954857, 47.007702 ], [ -80.1952603, 47.0076563 ], [ -80.1951213, 47.0076704 ], [ -80.1950121, 47.0077536 ], [ -80.1948326, 47.0081554 ], [ -80.1947431, 47.0089937 ], [ -80.194672, 47.009083 ], [ -80.1946529, 47.0092541 ], [ -80.1945937, 47.0093087 ], [ -80.1943685, 47.009804 ], [ -80.194175, 47.0101302 ], [ -80.1938341, 47.0105334 ], [ -80.1934135, 47.0108962 ], [ -80.1931528, 47.011184 ], [ -80.1931555, 47.0113311 ], [ -80.1932256, 47.0113609 ], [ -80.19357, 47.0113342 ], [ -80.1937096, 47.0113568 ], [ -80.1939474, 47.0115604 ], [ -80.194067, 47.0115248 ], [ -80.1943383, 47.0111287 ], [ -80.1951549, 47.0104358 ], [ -80.1955091, 47.0100715 ], [ -80.1957376, 47.0097601 ] ], [ [ -80.2207893, 47.0123605 ], [ -80.220983, 47.0122268 ], [ -80.2209974, 47.0121466 ], [ -80.2210909, 47.01207 ], [ -80.2210838, 47.011858 ], [ -80.2209234, 47.0117404 ], [ -80.2201491, 47.0116151 ], [ -80.219951, 47.0116838 ], [ -80.2196455, 47.012102 ], [ -80.2194772, 47.0122398 ], [ -80.2193349, 47.0124185 ], [ -80.2194916, 47.012508 ], [ -80.2196246, 47.0125112 ], [ -80.2199272, 47.0124501 ], [ -80.2204456, 47.012424 ], [ -80.2207893, 47.0123605 ] ], [ [ -80.2444513, 47.0140965 ], [ -80.2442423, 47.0139253 ], [ -80.2439437, 47.0138587 ], [ -80.2437705, 47.013739 ], [ -80.2437774, 47.0136026 ], [ -80.2438905, 47.0133917 ], [ -80.244319, 47.0129659 ], [ -80.2446105, 47.0128204 ], [ -80.2451933, 47.0126854 ], [ -80.2454788, 47.0125574 ], [ -80.2454771, 47.0121354 ], [ -80.2452869, 47.0119488 ], [ -80.2446615, 47.0115085 ], [ -80.2444457, 47.0114737 ], [ -80.2442731, 47.0115466 ], [ -80.2441928, 47.0118178 ], [ -80.2440523, 47.0119143 ], [ -80.2438872, 47.0118876 ], [ -80.2435701, 47.0116805 ], [ -80.2435675, 47.0113776 ], [ -80.2441484, 47.0109764 ], [ -80.2441802, 47.0106515 ], [ -80.2439339, 47.0105109 ], [ -80.2437398, 47.010452 ], [ -80.2435726, 47.010315 ], [ -80.2435781, 47.010105 ], [ -80.2436462, 47.0100243 ], [ -80.2436785, 47.009892 ], [ -80.2437743, 47.00977 ], [ -80.2440209, 47.0090948 ], [ -80.244186, 47.0084614 ], [ -80.2442691, 47.0083373 ], [ -80.2444283, 47.0082255 ], [ -80.2448444, 47.0081461 ], [ -80.2449837, 47.0078202 ], [ -80.2452163, 47.0075736 ], [ -80.2452294, 47.007264 ], [ -80.2452751, 47.0071705 ], [ -80.2456025, 47.0069209 ], [ -80.2456856, 47.0067968 ], [ -80.2456433, 47.00657 ], [ -80.2452941, 47.0063394 ], [ -80.2444505, 47.0060655 ], [ -80.2440178, 47.0057664 ], [ -80.2440039, 47.005535 ], [ -80.2436801, 47.0053085 ], [ -80.2433106, 47.0051754 ], [ -80.2428054, 47.0048921 ], [ -80.2422764, 47.0045224 ], [ -80.2421054, 47.0045131 ], [ -80.2419702, 47.0045554 ], [ -80.2420244, 47.0047475 ], [ -80.243476, 47.0060547 ], [ -80.2434587, 47.0061436 ], [ -80.2433107, 47.0061839 ], [ -80.2431233, 47.0061444 ], [ -80.2430015, 47.0062256 ], [ -80.2432317, 47.0066845 ], [ -80.2432361, 47.0072536 ], [ -80.2430393, 47.0075518 ], [ -80.2427282, 47.0078316 ], [ -80.2424278, 47.008003 ], [ -80.2422582, 47.0080673 ], [ -80.2418294, 47.0081447 ], [ -80.2412983, 47.0081689 ], [ -80.2404716, 47.0081178 ], [ -80.2392456, 47.0078646 ], [ -80.2388812, 47.0078332 ], [ -80.2380698, 47.008087 ], [ -80.2376596, 47.0081491 ], [ -80.2374699, 47.0081551 ], [ -80.2371907, 47.0081099 ], [ -80.2367965, 47.0080095 ], [ -80.2360254, 47.0077198 ], [ -80.2357776, 47.0076614 ], [ -80.2356132, 47.0076715 ], [ -80.2354794, 47.0077874 ], [ -80.2354427, 47.0078548 ], [ -80.2356275, 47.0080956 ], [ -80.2356093, 47.0083035 ], [ -80.2358622, 47.0084636 ], [ -80.2361833, 47.008543 ], [ -80.2371094, 47.0090044 ], [ -80.2373289, 47.0090674 ], [ -80.2374702, 47.0090077 ], [ -80.237551, 47.0089291 ], [ -80.237584, 47.0088336 ], [ -80.2377088, 47.0087438 ], [ -80.2379179, 47.0087592 ], [ -80.2380301, 47.0086674 ], [ -80.2380273, 47.0085202 ], [ -80.238256, 47.0084013 ], [ -80.238389, 47.0084045 ], [ -80.2384531, 47.0084515 ], [ -80.2384483, 47.0086983 ], [ -80.2381268, 47.0089305 ], [ -80.238073, 47.008931 ], [ -80.2380834, 47.0089785 ], [ -80.23817, 47.0090384 ], [ -80.2382011, 47.0091809 ], [ -80.2378863, 47.0094326 ], [ -80.2378637, 47.0095756 ], [ -80.2376694, 47.0096725 ], [ -80.2373735, 47.009753 ], [ -80.2373308, 47.0098378 ], [ -80.2374157, 47.0099799 ], [ -80.2379447, 47.0103496 ], [ -80.2379618, 47.0104166 ], [ -80.2387011, 47.0110311 ], [ -80.2387032, 47.0111415 ], [ -80.2385446, 47.01129 ], [ -80.2385377, 47.0114264 ], [ -80.2387025, 47.0116089 ], [ -80.2388172, 47.01182 ], [ -80.2391275, 47.0121635 ], [ -80.2392914, 47.0124651 ], [ -80.2392893, 47.0128589 ], [ -80.2391785, 47.0130244 ], [ -80.2390373, 47.0130841 ], [ -80.2386197, 47.0130899 ], [ -80.2384674, 47.0130653 ], [ -80.2382943, 47.0129456 ], [ -80.2383012, 47.0128092 ], [ -80.238379, 47.0127393 ], [ -80.2383305, 47.0126856 ], [ -80.2381724, 47.0125225 ], [ -80.2379649, 47.0124248 ], [ -80.2374645, 47.0123989 ], [ -80.237124, 47.0122981 ], [ -80.2369283, 47.0123214 ], [ -80.2366735, 47.0123994 ], [ -80.236471, 47.0124034 ], [ -80.2360323, 47.0121216 ], [ -80.2357941, 47.0120739 ], [ -80.2355409, 47.0120696 ], [ -80.2341938, 47.0122827 ], [ -80.2339503, 47.0122892 ], [ -80.2335711, 47.0121453 ], [ -80.2333629, 47.0120108 ], [ -80.2330165, 47.0119273 ], [ -80.232268, 47.0119988 ], [ -80.2314746, 47.0120447 ], [ -80.2313438, 47.0121519 ], [ -80.2312904, 47.012345 ], [ -80.2313596, 47.0124937 ], [ -80.2314076, 47.012859 ], [ -80.2314902, 47.0130465 ], [ -80.2319373, 47.0132655 ], [ -80.2319557, 47.013406 ], [ -80.2317097, 47.0136138 ], [ -80.2315146, 47.0136739 ], [ -80.2306899, 47.0137331 ], [ -80.2303746, 47.0137921 ], [ -80.2301154, 47.0138052 ], [ -80.2298645, 47.0137554 ], [ -80.2293696, 47.0135195 ], [ -80.2289758, 47.0136117 ], [ -80.2286838, 47.0135645 ], [ -80.2285576, 47.0135807 ], [ -80.2284424, 47.0136813 ], [ -80.2283461, 47.0141149 ], [ -80.2280208, 47.014319 ], [ -80.2274299, 47.014361 ], [ -80.2269416, 47.0146487 ], [ -80.2268675, 47.0147468 ], [ -80.2268612, 47.01492 ], [ -80.2269448, 47.0149885 ], [ -80.2269438, 47.0151075 ], [ -80.2265033, 47.0154122 ], [ -80.2263149, 47.0154917 ], [ -80.2260624, 47.0155242 ], [ -80.2257771, 47.0154964 ], [ -80.2250009, 47.0151049 ], [ -80.2247694, 47.0150766 ], [ -80.2243779, 47.0151233 ], [ -80.2241087, 47.0152815 ], [ -80.2238513, 47.0155607 ], [ -80.2238443, 47.0156971 ], [ -80.2237679, 47.0158406 ], [ -80.2237706, 47.0159877 ], [ -80.2238511, 47.016065 ], [ -80.2238852, 47.0161988 ], [ -80.2239905, 47.0162434 ], [ -80.2241035, 47.0165367 ], [ -80.2241039, 47.0167293 ], [ -80.2243405, 47.0168593 ], [ -80.2251793, 47.0168758 ], [ -80.2252572, 47.0168059 ], [ -80.2252604, 47.0166414 ], [ -80.2251956, 47.0165575 ], [ -80.2246085, 47.0161233 ], [ -80.2246422, 47.0160646 ], [ -80.2248052, 47.0159809 ], [ -80.22503, 47.0159898 ], [ -80.2254196, 47.0161812 ], [ -80.2257697, 47.0162929 ], [ -80.2261693, 47.0163392 ], [ -80.2261871, 47.0164429 ], [ -80.2261097, 47.0167054 ], [ -80.226223, 47.0168429 ], [ -80.2265337, 47.0168749 ], [ -80.2266853, 47.0168627 ], [ -80.2269012, 47.0168976 ], [ -80.2269496, 47.0169513 ], [ -80.2269427, 47.0170877 ], [ -80.2271121, 47.0171793 ], [ -80.2274311, 47.0171484 ], [ -80.2276022, 47.0171577 ], [ -80.2277813, 47.0172601 ], [ -80.2278505, 47.0174088 ], [ -80.2278232, 47.0176427 ], [ -80.2279339, 47.0179816 ], [ -80.2277056, 47.018293 ], [ -80.2277286, 47.0183426 ], [ -80.2280163, 47.0183249 ], [ -80.2289372, 47.017988 ], [ -80.229128, 47.0173587 ], [ -80.229324, 47.0171795 ], [ -80.2296273, 47.0171552 ], [ -80.2298613, 47.0174865 ], [ -80.2298775, 47.0176724 ], [ -80.2300312, 47.0177707 ], [ -80.2301067, 47.0177462 ], [ -80.2303657, 47.0173847 ], [ -80.2305788, 47.0172724 ], [ -80.2308628, 47.0172267 ], [ -80.2311688, 47.0173495 ], [ -80.231606, 47.0177136 ], [ -80.2321173, 47.0179796 ], [ -80.2322971, 47.0181187 ], [ -80.2324686, 47.0183207 ], [ -80.2343784, 47.0185744 ], [ -80.2345524, 47.0185751 ], [ -80.2346226, 47.0186048 ], [ -80.234796, 47.0185686 ], [ -80.234977, 47.0184328 ], [ -80.2349816, 47.0183419 ], [ -80.2351471, 47.0180569 ], [ -80.2354731, 47.0178896 ], [ -80.2357704, 47.0178827 ], [ -80.2364911, 47.0180083 ], [ -80.2367667, 47.0180254 ], [ -80.2371395, 47.017994 ], [ -80.238016, 47.0183282 ], [ -80.2381377, 47.0184029 ], [ -80.2381906, 47.0185214 ], [ -80.2381315, 47.018576 ], [ -80.2381356, 47.0187968 ], [ -80.2384274, 47.0189998 ], [ -80.2386978, 47.019071 ], [ -80.238951, 47.0190752 ], [ -80.2391394, 47.0189957 ], [ -80.2391537, 47.0189155 ], [ -80.2392255, 47.0188629 ], [ -80.2390502, 47.0186329 ], [ -80.2391661, 47.0185691 ], [ -80.2393021, 47.0185636 ], [ -80.2395775, 47.0187364 ], [ -80.2398024, 47.0187453 ], [ -80.2398956, 47.0188245 ], [ -80.2398984, 47.0189716 ], [ -80.2401156, 47.0190801 ], [ -80.2405607, 47.0191887 ], [ -80.2417446, 47.0193708 ], [ -80.2418983, 47.019469 ], [ -80.2418279, 47.0195952 ], [ -80.2415327, 47.0197125 ], [ -80.2416728, 47.0199277 ], [ -80.2417848, 47.0199916 ], [ -80.2422015, 47.0201048 ], [ -80.2427722, 47.0201603 ], [ -80.2437755, 47.0201666 ], [ -80.2439911, 47.0203573 ], [ -80.2442399, 47.0209567 ], [ -80.244498, 47.0212184 ], [ -80.2448713, 47.0213796 ], [ -80.2453181, 47.0214059 ], [ -80.2456237, 47.0213361 ], [ -80.2459549, 47.0211146 ], [ -80.2463577, 47.020492 ], [ -80.2469464, 47.0198354 ], [ -80.2471722, 47.0197251 ], [ -80.2473462, 47.0197257 ], [ -80.2475351, 47.0198388 ], [ -80.2476524, 47.0198485 ], [ -80.2477489, 47.0197633 ], [ -80.2477968, 47.0196243 ], [ -80.2480697, 47.0194942 ], [ -80.2482841, 47.0194555 ], [ -80.2488739, 47.019184 ], [ -80.2491266, 47.0189957 ], [ -80.2491972, 47.0187137 ], [ -80.2490838, 47.0185762 ], [ -80.2488917, 47.0186277 ], [ -80.2487669, 47.0187175 ], [ -80.2485557, 47.019096 ], [ -80.2483935, 47.0192165 ], [ -80.2482388, 47.0192373 ], [ -80.2479819, 47.019205 ], [ -80.2477808, 47.0192825 ], [ -80.2475221, 47.0194883 ], [ -80.2473951, 47.0194678 ], [ -80.2472824, 47.0193671 ], [ -80.2472782, 47.0191463 ], [ -80.2473426, 47.0190376 ], [ -80.2476163, 47.0187884 ], [ -80.2480918, 47.0184985 ], [ -80.2480897, 47.0183881 ], [ -80.2478828, 47.0183272 ], [ -80.2474705, 47.018279 ], [ -80.2473413, 47.0183039 ], [ -80.2470739, 47.0182241 ], [ -80.2467172, 47.0179372 ], [ -80.2463416, 47.0178216 ], [ -80.2461781, 47.0177126 ], [ -80.2462025, 47.0173315 ], [ -80.2457145, 47.0169593 ], [ -80.2456258, 47.0167891 ], [ -80.245623, 47.016642 ], [ -80.2455403, 47.0164544 ], [ -80.2454547, 47.0156155 ], [ -80.2452827, 47.015221 ], [ -80.2451746, 47.0150293 ], [ -80.2449523, 47.0148192 ], [ -80.2446545, 47.0146336 ], [ -80.244444, 47.0145446 ], [ -80.2443927, 47.0143438 ], [ -80.2444513, 47.0140965 ] ], [ [ -80.1955121, 47.0146658 ], [ -80.1954998, 47.014508 ], [ -80.1953799, 47.014351 ], [ -80.195271, 47.0142783 ], [ -80.1951381, 47.0142751 ], [ -80.1949316, 47.0144067 ], [ -80.1949075, 47.0144761 ], [ -80.1947909, 47.0145031 ], [ -80.1945694, 47.014678 ], [ -80.1945079, 47.0147781 ], [ -80.1944942, 47.0148951 ], [ -80.1946702, 47.0150061 ], [ -80.1954107, 47.0151904 ], [ -80.1963489, 47.0158102 ], [ -80.1965961, 47.0158319 ], [ -80.1967689, 47.015759 ], [ -80.1967609, 47.015666 ], [ -80.1961082, 47.0152668 ], [ -80.1960591, 47.0151763 ], [ -80.1955962, 47.0147712 ], [ -80.1955121, 47.0146658 ] ], [ [ -80.2220867, 47.0173289 ], [ -80.2222189, 47.0172953 ], [ -80.2222751, 47.0172494 ], [ -80.2222686, 47.0170742 ], [ -80.2223495, 47.0169956 ], [ -80.2223497, 47.0168397 ], [ -80.2221319, 47.0166945 ], [ -80.2216622, 47.0166184 ], [ -80.2214353, 47.0164992 ], [ -80.2214212, 47.0164236 ], [ -80.2213474, 47.0163658 ], [ -80.221341, 47.0161906 ], [ -80.2212574, 47.016122 ], [ -80.2212704, 47.0159683 ], [ -80.2211802, 47.0158803 ], [ -80.2211631, 47.0158134 ], [ -80.2209333, 47.0157028 ], [ -80.2205501, 47.0156866 ], [ -80.2195653, 47.0158207 ], [ -80.2193338, 47.0157924 ], [ -80.219148, 47.0156706 ], [ -80.2188302, 47.0150782 ], [ -80.2188298, 47.0148856 ], [ -80.2189016, 47.014833 ], [ -80.218949, 47.0146573 ], [ -80.2189089, 47.0145408 ], [ -80.2187506, 47.0145335 ], [ -80.218492, 47.0145834 ], [ -80.2179105, 47.0147918 ], [ -80.217696, 47.0148304 ], [ -80.2173098, 47.0148229 ], [ -80.2168088, 47.0147601 ], [ -80.2160601, 47.0144831 ], [ -80.2155807, 47.0143963 ], [ -80.2154394, 47.0144559 ], [ -80.2153055, 47.0145718 ], [ -80.2152216, 47.0146591 ], [ -80.2151946, 47.0147372 ], [ -80.2150159, 47.0148275 ], [ -80.2147664, 47.0148513 ], [ -80.2141413, 47.0147592 ], [ -80.2129634, 47.0147152 ], [ -80.2127724, 47.0146476 ], [ -80.2125104, 47.0145135 ], [ -80.212149, 47.0144733 ], [ -80.2118807, 47.0145124 ], [ -80.2115544, 47.014487 ], [ -80.2110429, 47.0143767 ], [ -80.2107867, 47.014381 ], [ -80.2100364, 47.0145346 ], [ -80.2097074, 47.0147105 ], [ -80.2095113, 47.0148896 ], [ -80.209028, 47.0156274 ], [ -80.2087921, 47.0158826 ], [ -80.208415, 47.0161975 ], [ -80.2078711, 47.0165678 ], [ -80.2076356, 47.0166672 ], [ -80.2067857, 47.0169146 ], [ -80.2062271, 47.0171726 ], [ -80.205743, 47.0171767 ], [ -80.2053652, 47.0174547 ], [ -80.2050826, 47.017574 ], [ -80.2046579, 47.0177161 ], [ -80.2042821, 47.0177561 ], [ -80.2039951, 47.0178104 ], [ -80.2036099, 47.0180323 ], [ -80.2034462, 47.0180791 ], [ -80.2016174, 47.0180945 ], [ -80.2010655, 47.0180234 ], [ -80.2004291, 47.0180028 ], [ -80.2002841, 47.0180343 ], [ -80.2000245, 47.0182032 ], [ -80.1998662, 47.0181958 ], [ -80.1993437, 47.0180011 ], [ -80.1987283, 47.0179197 ], [ -80.1966464, 47.0179307 ], [ -80.1962174, 47.0180079 ], [ -80.1957964, 47.018178 ], [ -80.1951859, 47.0185467 ], [ -80.1951748, 47.0188108 ], [ -80.1952239, 47.0189013 ], [ -80.1958291, 47.0194763 ], [ -80.1958514, 47.0198375 ], [ -80.1956729, 47.0201203 ], [ -80.195437, 47.0203755 ], [ -80.1954159, 47.0204363 ], [ -80.1950115, 47.0208292 ], [ -80.1943595, 47.0213562 ], [ -80.1941656, 47.0218383 ], [ -80.193941, 47.022022 ], [ -80.1937586, 47.0220841 ], [ -80.193524, 47.0220644 ], [ -80.1932598, 47.0219757 ], [ -80.1930446, 47.0219775 ], [ -80.1924961, 47.0217418 ], [ -80.1922579, 47.021694 ], [ -80.1920724, 47.0217648 ], [ -80.191918, 47.0219782 ], [ -80.1917863, 47.0220486 ], [ -80.1917485, 47.022235 ], [ -80.1918236, 47.0223664 ], [ -80.1922138, 47.0225947 ], [ -80.1925471, 47.0228322 ], [ -80.1927496, 47.0228283 ], [ -80.1930239, 47.0227719 ], [ -80.1931642, 47.0228314 ], [ -80.1931705, 47.0230066 ], [ -80.1930064, 47.0232092 ], [ -80.1931287, 47.0233208 ], [ -80.193278, 47.0233541 ], [ -80.1935881, 47.0233494 ], [ -80.1938551, 47.0232368 ], [ -80.1939784, 47.0232293 ], [ -80.1946355, 47.023345 ], [ -80.1951431, 47.0232347 ], [ -80.1955106, 47.0232576 ], [ -80.1957693, 47.0232078 ], [ -80.1958565, 47.022956 ], [ -80.1960547, 47.0228873 ], [ -80.1963564, 47.0229454 ], [ -80.1967323, 47.0229054 ], [ -80.1968605, 47.0229996 ], [ -80.1967713, 47.023141 ], [ -80.1970182, 47.0233186 ], [ -80.197535, 47.0233748 ], [ -80.1977676, 47.0232841 ], [ -80.1981208, 47.0230388 ], [ -80.199153, 47.0228851 ], [ -80.1999, 47.0228962 ], [ -80.2003007, 47.0228235 ], [ -80.2006963, 47.0226492 ], [ -80.2009519, 47.0226081 ], [ -80.2014427, 47.0226235 ], [ -80.201575, 47.0225899 ], [ -80.2018697, 47.0224359 ], [ -80.2022938, 47.0219086 ], [ -80.2024194, 47.0218556 ], [ -80.2027916, 47.0217875 ], [ -80.2032981, 47.0217962 ], [ -80.2035778, 47.0216857 ], [ -80.2037957, 47.0214826 ], [ -80.2043075, 47.0214371 ], [ -80.2043697, 47.0213738 ], [ -80.2044178, 47.0212349 ], [ -80.2042077, 47.02099 ], [ -80.2041646, 47.0208821 ], [ -80.2042417, 47.0207754 ], [ -80.204786, 47.0205977 ], [ -80.2048004, 47.0205175 ], [ -80.2050333, 47.020271 ], [ -80.205041, 47.0201713 ], [ -80.2052852, 47.0198533 ], [ -80.2052996, 47.0197731 ], [ -80.2055609, 47.019522 ], [ -80.2058772, 47.019344 ], [ -80.2064542, 47.0192266 ], [ -80.2082874, 47.0189275 ], [ -80.2088413, 47.0187605 ], [ -80.2088931, 47.0186497 ], [ -80.2088516, 47.0184596 ], [ -80.2088774, 47.0183079 ], [ -80.2090304, 47.0180209 ], [ -80.2094272, 47.0175717 ], [ -80.2100439, 47.0170298 ], [ -80.2103409, 47.0168303 ], [ -80.2104732, 47.0167967 ], [ -80.2108166, 47.016889 ], [ -80.211432, 47.0169703 ], [ -80.2122605, 47.0169395 ], [ -80.2128882, 47.0168302 ], [ -80.2131033, 47.0168284 ], [ -80.2138918, 47.0170294 ], [ -80.2144707, 47.0170223 ], [ -80.2148906, 47.0169711 ], [ -80.2152828, 47.0169612 ], [ -80.2158852, 47.0171963 ], [ -80.2164826, 47.0173296 ], [ -80.216558, 47.0173052 ], [ -80.2165771, 47.017134 ], [ -80.2165262, 47.0167774 ], [ -80.2167263, 47.0164705 ], [ -80.216911, 47.0163629 ], [ -80.2173436, 47.0163137 ], [ -80.2175717, 47.0161581 ], [ -80.2176625, 47.0159344 ], [ -80.2178345, 47.0158247 ], [ -80.2180677, 47.0157708 ], [ -80.2183717, 47.0157833 ], [ -80.2185672, 47.0159158 ], [ -80.2185849, 47.0160196 ], [ -80.2186617, 47.0160687 ], [ -80.2186698, 47.0161617 ], [ -80.2189063, 47.0162916 ], [ -80.2190393, 47.0162948 ], [ -80.219088, 47.0161927 ], [ -80.219066, 47.0160241 ], [ -80.2191662, 47.0159669 ], [ -80.2194044, 47.0160147 ], [ -80.2197679, 47.0161652 ], [ -80.2201607, 47.0161921 ], [ -80.220581, 47.0163335 ], [ -80.2212914, 47.0167602 ], [ -80.2220867, 47.0173289 ] ], [ [ -80.2416283, 47.0219191 ], [ -80.2415791, 47.0218287 ], [ -80.2415015, 47.0217428 ], [ -80.2412962, 47.0215996 ], [ -80.2406355, 47.0213003 ], [ -80.2404367, 47.0213323 ], [ -80.2400523, 47.0215911 ], [ -80.2397716, 47.0219767 ], [ -80.23937, 47.0223243 ], [ -80.23934, 47.0224112 ], [ -80.2390301, 47.0227645 ], [ -80.2390179, 47.0229551 ], [ -80.2394628, 47.0232195 ], [ -80.2396847, 47.023237 ], [ -80.2400818, 47.0229803 ], [ -80.2403627, 47.0229432 ], [ -80.2405151, 47.0229678 ], [ -80.240758, 47.0229245 ], [ -80.2414909, 47.0223553 ], [ -80.2416287, 47.0221117 ], [ -80.2416283, 47.0219191 ] ], [ [ -80.2239725, 47.026372 ], [ -80.223722, 47.0256621 ], [ -80.2236791, 47.0253984 ], [ -80.2237641, 47.0246878 ], [ -80.2237463, 47.0245841 ], [ -80.2238551, 47.0243083 ], [ -80.2238504, 47.0240508 ], [ -80.2237998, 47.0238868 ], [ -80.2236237, 47.0237758 ], [ -80.2231717, 47.0238035 ], [ -80.2227701, 47.0239952 ], [ -80.2224979, 47.0241621 ], [ -80.2220739, 47.024341 ], [ -80.2213513, 47.0248018 ], [ -80.2211659, 47.0248726 ], [ -80.2208308, 47.025066 ], [ -80.220625, 47.0252344 ], [ -80.2204938, 47.0254974 ], [ -80.2205496, 47.0256073 ], [ -80.2206803, 47.025656 ], [ -80.2212644, 47.0257505 ], [ -80.2215077, 47.0258999 ], [ -80.2216769, 47.0261473 ], [ -80.2216352, 47.0264615 ], [ -80.2213794, 47.0270069 ], [ -80.2211673, 47.0273485 ], [ -80.2211901, 47.0275539 ], [ -80.2212586, 47.0276659 ], [ -80.2213288, 47.0276956 ], [ -80.2215847, 47.0274986 ], [ -80.2218492, 47.0270829 ], [ -80.2219181, 47.027039 ], [ -80.2220897, 47.0267367 ], [ -80.2221742, 47.0266862 ], [ -80.2223285, 47.0264728 ], [ -80.2223526, 47.0264033 ], [ -80.2225209, 47.0262655 ], [ -80.2227692, 47.0261681 ], [ -80.2229941, 47.026177 ], [ -80.2231672, 47.0262967 ], [ -80.2233875, 47.026745 ], [ -80.2235928, 47.0268882 ], [ -80.2236786, 47.0269113 ], [ -80.2238424, 47.0268644 ], [ -80.2239225, 47.026749 ], [ -80.224008, 47.0265794 ], [ -80.2239725, 47.026372 ] ], [ [ -80.1934686, 47.0278325 ], [ -80.1935833, 47.0276952 ], [ -80.193446, 47.0276271 ], [ -80.1930052, 47.0275831 ], [ -80.192328, 47.0274092 ], [ -80.1921769, 47.027458 ], [ -80.1917257, 47.027715 ], [ -80.1915426, 47.0277403 ], [ -80.191169, 47.0277348 ], [ -80.1908368, 47.0279193 ], [ -80.1907535, 47.0280434 ], [ -80.1907164, 47.0282666 ], [ -80.1908787, 47.0284947 ], [ -80.1911733, 47.0286892 ], [ -80.1914333, 47.028713 ], [ -80.1920432, 47.028656 ], [ -80.1925542, 47.0283812 ], [ -80.1928814, 47.0280949 ], [ -80.1934686, 47.0278325 ] ], [ [ -80.2398067, 47.0320402 ], [ -80.2393504, 47.0318472 ], [ -80.2391191, 47.0316631 ], [ -80.2389041, 47.0315092 ], [ -80.2389154, 47.0314377 ], [ -80.2390666, 47.0312329 ], [ -80.2390303, 47.0309887 ], [ -80.2385771, 47.0307871 ], [ -80.2381866, 47.0305589 ], [ -80.2380642, 47.0304475 ], [ -80.2378917, 47.0303646 ], [ -80.2372267, 47.0303488 ], [ -80.2370988, 47.0304473 ], [ -80.2370858, 47.0306011 ], [ -80.2371387, 47.0307197 ], [ -80.2375569, 47.0309064 ], [ -80.2378781, 47.0309859 ], [ -80.238155, 47.0312323 ], [ -80.238022, 47.0317334 ], [ -80.2378282, 47.0318672 ], [ -80.2375181, 47.0318721 ], [ -80.2374052, 47.0319272 ], [ -80.2374394, 47.032061 ], [ -80.2376059, 47.0321613 ], [ -80.2382222, 47.0322792 ], [ -80.2385852, 47.0323929 ], [ -80.238718, 47.0325519 ], [ -80.2388815, 47.0326608 ], [ -80.2389695, 47.0327942 ], [ -80.2391457, 47.0329052 ], [ -80.2392443, 47.0329303 ], [ -80.2397558, 47.0326921 ], [ -80.2398149, 47.0326374 ], [ -80.239813, 47.0323712 ], [ -80.2398624, 47.0323059 ], [ -80.2398067, 47.0320402 ] ], [ [ -80.22628, 47.0309813 ], [ -80.2263796, 47.0308874 ], [ -80.2264651, 47.0307178 ], [ -80.2265097, 47.030395 ], [ -80.2264635, 47.0302958 ], [ -80.2262576, 47.0301158 ], [ -80.2259926, 47.0299904 ], [ -80.2258693, 47.029998 ], [ -80.2253845, 47.0303138 ], [ -80.2251312, 47.0303095 ], [ -80.2246138, 47.0300608 ], [ -80.224436, 47.0300321 ], [ -80.2242409, 47.0300922 ], [ -80.2241196, 47.0302101 ], [ -80.2241364, 47.0304329 ], [ -80.2241976, 47.0304886 ], [ -80.2242003, 47.0306358 ], [ -80.2236153, 47.0310088 ], [ -80.2231916, 47.0310319 ], [ -80.2226246, 47.0313528 ], [ -80.2224545, 47.0315729 ], [ -80.2224614, 47.0319407 ], [ -80.2222452, 47.0320616 ], [ -80.2221212, 47.0320324 ], [ -80.2218712, 47.0318636 ], [ -80.2216262, 47.0317965 ], [ -80.2212048, 47.0317741 ], [ -80.2207068, 47.0315469 ], [ -80.220561, 47.0315416 ], [ -80.2204862, 47.0316029 ], [ -80.2205354, 47.0316933 ], [ -80.2209475, 47.0318976 ], [ -80.2210407, 47.0319768 ], [ -80.2210328, 47.0322323 ], [ -80.2209132, 47.0322679 ], [ -80.2205465, 47.0321261 ], [ -80.2201041, 47.0321645 ], [ -80.2197755, 47.0320289 ], [ -80.2192838, 47.0316284 ], [ -80.2190566, 47.031665 ], [ -80.2181835, 47.0322114 ], [ -80.2175129, 47.0327539 ], [ -80.2175223, 47.0329205 ], [ -80.2178973, 47.0333479 ], [ -80.2184, 47.0334843 ], [ -80.2193258, 47.0335607 ], [ -80.2200758, 47.0337188 ], [ -80.2205406, 47.0336931 ], [ -80.2210389, 47.0337646 ], [ -80.2212809, 47.0338404 ], [ -80.2214417, 47.0338022 ], [ -80.2216204, 47.0337119 ], [ -80.221745, 47.0334295 ], [ -80.2222095, 47.0332112 ], [ -80.2227097, 47.0330446 ], [ -80.222991, 47.0328517 ], [ -80.2237988, 47.0320287 ], [ -80.2243658, 47.0317078 ], [ -80.2257301, 47.0313692 ], [ -80.22628, 47.0309813 ] ], [ [ -80.2332309, 47.0314725 ], [ -80.233157, 47.0314148 ], [ -80.2331497, 47.0313585 ], [ -80.2329832, 47.0312583 ], [ -80.2327456, 47.0312474 ], [ -80.232655, 47.0313153 ], [ -80.2325539, 47.0314915 ], [ -80.232444, 47.0315379 ], [ -80.2321532, 47.0315642 ], [ -80.2319911, 47.0315289 ], [ -80.2318166, 47.0313356 ], [ -80.2318134, 47.0309958 ], [ -80.2316008, 47.0307964 ], [ -80.2314096, 47.0307288 ], [ -80.2309845, 47.0306784 ], [ -80.230557, 47.0306735 ], [ -80.230412, 47.0307051 ], [ -80.2301278, 47.0309067 ], [ -80.2294792, 47.0317737 ], [ -80.2294251, 47.03193 ], [ -80.2296807, 47.0323931 ], [ -80.2300511, 47.032563 ], [ -80.2302379, 47.0325657 ], [ -80.2304727, 47.0324295 ], [ -80.2306051, 47.0323959 ], [ -80.2307328, 47.0324532 ], [ -80.2307369, 47.0326739 ], [ -80.2306438, 47.0329431 ], [ -80.230438, 47.0331116 ], [ -80.2301366, 47.0332462 ], [ -80.2300618, 47.0333075 ], [ -80.2300264, 47.0334485 ], [ -80.2300694, 47.0337121 ], [ -80.2302229, 47.0339662 ], [ -80.2301561, 47.0341204 ], [ -80.2301529, 47.0342849 ], [ -80.2302198, 47.0344791 ], [ -80.2305655, 47.0346817 ], [ -80.2306641, 47.0347068 ], [ -80.2308315, 47.0346881 ], [ -80.2309738, 47.0345093 ], [ -80.2309958, 47.0343295 ], [ -80.2310676, 47.0342769 ], [ -80.2313203, 47.0337401 ], [ -80.2317383, 47.0330742 ], [ -80.2319104, 47.0329645 ], [ -80.2323147, 47.0329198 ], [ -80.2326902, 47.0326871 ], [ -80.2328235, 47.0325345 ], [ -80.233163, 47.0319017 ], [ -80.2331536, 47.0317351 ], [ -80.233221, 47.0316176 ], [ -80.2332309, 47.0314725 ] ], [ [ -80.2086748, 47.0331022 ], [ -80.2091708, 47.0328707 ], [ -80.2093766, 47.0327023 ], [ -80.209404, 47.0324683 ], [ -80.2093335, 47.032246 ], [ -80.2091433, 47.0320593 ], [ -80.2089605, 47.0319288 ], [ -80.2088081, 47.0319042 ], [ -80.2087139, 47.0319439 ], [ -80.208621, 47.0320573 ], [ -80.2083516, 47.0325638 ], [ -80.2081598, 47.0328079 ], [ -80.2078179, 47.0329817 ], [ -80.2073932, 47.0331239 ], [ -80.2073003, 47.0332372 ], [ -80.2073263, 47.0332781 ], [ -80.2072451, 47.0335125 ], [ -80.207078, 47.0337239 ], [ -80.2070733, 47.0338148 ], [ -80.2069393, 47.0339307 ], [ -80.2068935, 47.0340241 ], [ -80.2069092, 47.034366 ], [ -80.207099, 47.0347085 ], [ -80.2071121, 47.0349031 ], [ -80.2070586, 47.0350962 ], [ -80.2069754, 47.0352203 ], [ -80.2066752, 47.0354285 ], [ -80.2062789, 47.035566 ], [ -80.2061569, 47.0356471 ], [ -80.206075, 47.0358448 ], [ -80.2062324, 47.0359711 ], [ -80.2060803, 47.0361391 ], [ -80.2061682, 47.0362725 ], [ -80.2061345, 47.0363312 ], [ -80.2062501, 47.0364233 ], [ -80.2064092, 47.0364674 ], [ -80.2067554, 47.0363584 ], [ -80.2067608, 47.0363043 ], [ -80.2077387, 47.0361142 ], [ -80.2081732, 47.0359828 ], [ -80.2084603, 47.0359284 ], [ -80.2085134, 47.0358912 ], [ -80.2086043, 47.0356675 ], [ -80.2085208, 47.0355989 ], [ -80.208369, 47.0352626 ], [ -80.2085315, 47.0351422 ], [ -80.20859, 47.0350508 ], [ -80.2085903, 47.0348949 ], [ -80.2087557, 47.0347658 ], [ -80.2089074, 47.0347537 ], [ -80.2090889, 47.0348106 ], [ -80.2093643, 47.0349836 ], [ -80.2094375, 47.0350046 ], [ -80.2095886, 47.0349557 ], [ -80.2096283, 47.0348796 ], [ -80.2096514, 47.0345807 ], [ -80.2095939, 47.0342046 ], [ -80.2095514, 47.0341336 ], [ -80.2094365, 47.0340783 ], [ -80.2092336, 47.0338895 ], [ -80.2089542, 47.0338443 ], [ -80.2086955, 47.0338941 ], [ -80.2084987, 47.0340365 ], [ -80.2083664, 47.0340701 ], [ -80.2082835, 47.0340383 ], [ -80.2082343, 47.0339478 ], [ -80.2083206, 47.0338151 ], [ -80.208494, 47.033779 ], [ -80.2088219, 47.0335294 ], [ -80.2088586, 47.033462 ], [ -80.2088433, 47.0333128 ], [ -80.2086538, 47.0331629 ], [ -80.2086748, 47.0331022 ] ], [ [ -80.2010417, 47.0355063 ], [ -80.2020212, 47.035931 ], [ -80.2021543, 47.0359342 ], [ -80.2021844, 47.0358473 ], [ -80.2020527, 47.0355693 ], [ -80.2020694, 47.0354436 ], [ -80.2024254, 47.0349969 ], [ -80.2028041, 47.0347556 ], [ -80.2031367, 47.0347636 ], [ -80.2033014, 47.0345978 ], [ -80.2034218, 47.0342505 ], [ -80.2037199, 47.0342804 ], [ -80.2038486, 47.0342187 ], [ -80.2039071, 47.0341273 ], [ -80.203726, 47.0339146 ], [ -80.2033012, 47.0337082 ], [ -80.2029731, 47.0334167 ], [ -80.2027505, 47.0333623 ], [ -80.2025516, 47.0333942 ], [ -80.2023795, 47.0335039 ], [ -80.2022308, 47.0335073 ], [ -80.2020039, 47.033388 ], [ -80.2019371, 47.0331938 ], [ -80.2024278, 47.0323196 ], [ -80.2024165, 47.0320427 ], [ -80.2018063, 47.0315587 ], [ -80.2015343, 47.0315697 ], [ -80.2010493, 47.0318854 ], [ -80.2007241, 47.0319336 ], [ -80.2005864, 47.0320213 ], [ -80.2003822, 47.0324559 ], [ -80.1992565, 47.0328787 ], [ -80.1990306, 47.0329889 ], [ -80.1989721, 47.0330802 ], [ -80.1989657, 47.0332534 ], [ -80.1990342, 47.0333654 ], [ -80.1990291, 47.0336122 ], [ -80.1987082, 47.0340737 ], [ -80.1986233, 47.03428 ], [ -80.1987837, 47.0343977 ], [ -80.1990544, 47.0343132 ], [ -80.1991814, 47.0343338 ], [ -80.1993351, 47.0344321 ], [ -80.199302, 47.0345276 ], [ -80.1992532, 47.0346297 ], [ -80.1990466, 47.0347613 ], [ -80.1985823, 47.0351721 ], [ -80.1983276, 47.0354426 ], [ -80.1979743, 47.035688 ], [ -80.1975899, 47.0357907 ], [ -80.1970354, 47.0357651 ], [ -80.19649, 47.0357134 ], [ -80.196118, 47.0356256 ], [ -80.1957103, 47.0354861 ], [ -80.1954854, 47.0354772 ], [ -80.1952745, 47.0355439 ], [ -80.1951471, 47.0356792 ], [ -80.195108, 47.035792 ], [ -80.1951571, 47.0358825 ], [ -80.1956821, 47.0360318 ], [ -80.1957091, 47.0363021 ], [ -80.1952495, 47.0366219 ], [ -80.1949546, 47.0367759 ], [ -80.194737, 47.0368232 ], [ -80.1944045, 47.0368151 ], [ -80.1940349, 47.0366819 ], [ -80.1938801, 47.0367026 ], [ -80.1936929, 47.0368557 ], [ -80.1936848, 47.0371112 ], [ -80.1938555, 47.0372764 ], [ -80.1946877, 47.0374296 ], [ -80.1950369, 47.0376604 ], [ -80.1951218, 47.0378026 ], [ -80.1955031, 47.0380569 ], [ -80.1957093, 47.0380812 ], [ -80.1958814, 47.0379715 ], [ -80.1957782, 47.0376889 ], [ -80.1957201, 47.0376244 ], [ -80.1957071, 47.0374297 ], [ -80.1966117, 47.0366776 ], [ -80.1966298, 47.0366255 ], [ -80.1973782, 47.0361691 ], [ -80.1976363, 47.0360825 ], [ -80.1981229, 47.036033 ], [ -80.1985387, 47.035917 ], [ -80.1989191, 47.0355935 ], [ -80.1993028, 47.0354539 ], [ -80.1998693, 47.0354448 ], [ -80.2000077, 47.0353938 ], [ -80.2003075, 47.0353415 ], [ -80.200625, 47.035393 ], [ -80.2010417, 47.0355063 ] ], [ [ -80.2264682, 47.0388881 ], [ -80.2266246, 47.038785 ], [ -80.2267161, 47.0385981 ], [ -80.2267601, 47.0382384 ], [ -80.2267342, 47.0380417 ], [ -80.2264842, 47.0378729 ], [ -80.2263982, 47.0378498 ], [ -80.2263958, 47.0375468 ], [ -80.2264415, 47.0374534 ], [ -80.2263836, 47.0372331 ], [ -80.2261435, 47.0369192 ], [ -80.2258874, 47.0367678 ], [ -80.2256999, 47.0367283 ], [ -80.2255653, 47.0368074 ], [ -80.2253784, 47.0368047 ], [ -80.2250726, 47.0368744 ], [ -80.2243926, 47.0372504 ], [ -80.2242102, 47.0373126 ], [ -80.2240571, 47.0372512 ], [ -80.2241128, 47.0370126 ], [ -80.2240726, 47.0368961 ], [ -80.2237912, 47.0367405 ], [ -80.2234482, 47.036685 ], [ -80.2229476, 47.0366591 ], [ -80.2226358, 47.0367462 ], [ -80.2224613, 47.0369014 ], [ -80.2223675, 47.0371338 ], [ -80.2223344, 47.0372293 ], [ -80.2221307, 47.0375081 ], [ -80.2218918, 47.037772 ], [ -80.2216321, 47.0379409 ], [ -80.2215837, 47.0382357 ], [ -80.2216958, 47.0386481 ], [ -80.2216852, 47.0387564 ], [ -80.2216394, 47.0388499 ], [ -80.2214673, 47.0389596 ], [ -80.221459, 47.0390224 ], [ -80.2213871, 47.039075 ], [ -80.2213952, 47.039168 ], [ -80.221304, 47.0391991 ], [ -80.2213134, 47.0393656 ], [ -80.2213806, 47.039404 ], [ -80.2217051, 47.039319 ], [ -80.222037, 47.0392901 ], [ -80.222295, 47.0392035 ], [ -80.2224317, 47.0392348 ], [ -80.2227509, 47.0392039 ], [ -80.2230105, 47.039035 ], [ -80.2230937, 47.0389109 ], [ -80.2233873, 47.038179 ], [ -80.2237649, 47.0380567 ], [ -80.2242365, 47.0380504 ], [ -80.2244718, 47.0381068 ], [ -80.2247715, 47.0385587 ], [ -80.2248913, 47.0388715 ], [ -80.2250972, 47.0390515 ], [ -80.225275, 47.0390803 ], [ -80.2254762, 47.0390028 ], [ -80.2254906, 47.0389226 ], [ -80.2256844, 47.0387889 ], [ -80.2258518, 47.0387701 ], [ -80.2263135, 47.0389089 ], [ -80.2264682, 47.0388881 ] ], [ [ -80.2174382, 47.0397107 ], [ -80.21749, 47.0395999 ], [ -80.2173612, 47.0393131 ], [ -80.2173555, 47.0391747 ], [ -80.2174374, 47.038977 ], [ -80.2173257, 47.0387572 ], [ -80.2173584, 47.038469 ], [ -80.2174132, 47.0383495 ], [ -80.217375, 47.0379949 ], [ -80.2174565, 47.0379531 ], [ -80.2176501, 47.0379752 ], [ -80.2178226, 47.0380582 ], [ -80.218114, 47.0380686 ], [ -80.2183556, 47.0379519 ], [ -80.2184134, 47.0378237 ], [ -80.2182403, 47.0377039 ], [ -80.2174879, 47.0375914 ], [ -80.2171422, 47.0373887 ], [ -80.2170239, 47.0371495 ], [ -80.2170181, 47.0366626 ], [ -80.2170645, 47.0366059 ], [ -80.2171126, 47.0361185 ], [ -80.217044, 47.0360066 ], [ -80.216784, 47.0359828 ], [ -80.2165915, 47.0358416 ], [ -80.2164494, 47.0358645 ], [ -80.2163371, 47.0359564 ], [ -80.2163519, 47.0360688 ], [ -80.2160287, 47.0362274 ], [ -80.2151454, 47.0365704 ], [ -80.2147297, 47.0366865 ], [ -80.2140967, 47.0366941 ], [ -80.213858, 47.0368022 ], [ -80.2139262, 47.03707 ], [ -80.2137548, 47.0372165 ], [ -80.2136753, 47.0373687 ], [ -80.2133899, 47.0376893 ], [ -80.2133358, 47.0378456 ], [ -80.2133816, 47.0381006 ], [ -80.2133515, 47.0381874 ], [ -80.2130544, 47.0383869 ], [ -80.2127292, 47.0384351 ], [ -80.2126022, 47.0384146 ], [ -80.2125059, 47.038344 ], [ -80.2125002, 47.0382055 ], [ -80.2127606, 47.0380734 ], [ -80.2128064, 47.03798 ], [ -80.2127632, 47.0378721 ], [ -80.2125974, 47.0378086 ], [ -80.2120249, 47.0378351 ], [ -80.2116656, 47.0377495 ], [ -80.2115042, 47.0377508 ], [ -80.2114233, 47.0378294 ], [ -80.211416, 47.0381217 ], [ -80.2115025, 47.0381815 ], [ -80.2115196, 47.0382485 ], [ -80.212165, 47.0387473 ], [ -80.2123165, 47.038891 ], [ -80.2125063, 47.0392335 ], [ -80.2124993, 47.0393699 ], [ -80.2126013, 47.039579 ], [ -80.2127611, 47.0396599 ], [ -80.2138444, 47.0398627 ], [ -80.2140567, 47.0398696 ], [ -80.2143595, 47.0398085 ], [ -80.2145149, 47.0398245 ], [ -80.215146, 47.040055 ], [ -80.2157688, 47.0403484 ], [ -80.2161602, 47.0404576 ], [ -80.2163494, 47.0404148 ], [ -80.2164363, 47.0403188 ], [ -80.2164014, 47.0397997 ], [ -80.2164394, 47.0394574 ], [ -80.2166617, 47.0393191 ], [ -80.2168732, 47.0392892 ], [ -80.2169344, 47.0393449 ], [ -80.2170237, 47.0395519 ], [ -80.2172768, 47.0397121 ], [ -80.2174382, 47.0397107 ] ], [ [ -80.2426738, 47.0571956 ], [ -80.242699, 47.0573555 ], [ -80.2429656, 47.0575545 ], [ -80.2431114, 47.0575597 ], [ -80.2432179, 47.0573293 ], [ -80.2430342, 47.0571621 ], [ -80.2427359, 47.0571323 ], [ -80.2426738, 47.0571956 ] ], [ [ -80.2355249, 47.0617263 ], [ -80.2357957, 47.0616417 ], [ -80.2359746, 47.0615514 ], [ -80.2360624, 47.0613363 ], [ -80.2359968, 47.0612156 ], [ -80.2355004, 47.0610988 ], [ -80.234764, 47.0610165 ], [ -80.2340978, 47.0609639 ], [ -80.2337958, 47.060906 ], [ -80.2326548, 47.0608683 ], [ -80.2318178, 47.060999 ], [ -80.2316172, 47.0611133 ], [ -80.2314899, 47.0612487 ], [ -80.2314044, 47.0614182 ], [ -80.2313928, 47.0616456 ], [ -80.2314783, 47.0619804 ], [ -80.2318921, 47.0622582 ], [ -80.2324125, 47.0623056 ], [ -80.2330071, 47.0622549 ], [ -80.2331448, 47.0621671 ], [ -80.2333782, 47.0621131 ], [ -80.2334651, 47.0620171 ], [ -80.2338452, 47.0618493 ], [ -80.2340913, 47.0617973 ], [ -80.2344234, 47.0617684 ], [ -80.234712, 47.0617876 ], [ -80.2349327, 47.0617315 ], [ -80.2355249, 47.0617263 ] ], [ [ -80.1737268, 47.005198 ], [ -80.1733315, 47.0050238 ], [ -80.1730081, 47.004797 ], [ -80.1726825, 47.0042673 ], [ -80.1724419, 47.0040723 ], [ -80.1721864, 47.0041134 ], [ -80.1719203, 47.0044553 ], [ -80.1716733, 47.0046261 ], [ -80.1713713, 47.0047237 ], [ -80.1713412, 47.0048105 ], [ -80.1711727, 47.0049482 ], [ -80.1709667, 47.0049239 ], [ -80.1707437, 47.0048327 ], [ -80.1705824, 47.004834 ], [ -80.170293, 47.0049337 ], [ -80.1701536, 47.0051036 ], [ -80.1701649, 47.0055731 ], [ -80.1702977, 47.0061174 ], [ -80.1705133, 47.0066935 ], [ -80.1706247, 47.0069133 ], [ -80.1709281, 47.0070818 ], [ -80.170927, 47.0072008 ], [ -80.1707199, 47.0072956 ], [ -80.1705484, 47.0074419 ], [ -80.1705352, 47.0075957 ], [ -80.1706249, 47.0078395 ], [ -80.1706836, 47.0079407 ], [ -80.1708728, 47.0080907 ], [ -80.1711817, 47.008205 ], [ -80.1713329, 47.0083488 ], [ -80.1715143, 47.0085984 ], [ -80.1716733, 47.0086425 ], [ -80.1717512, 47.0085726 ], [ -80.1718416, 47.0083122 ], [ -80.1719134, 47.0082597 ], [ -80.1721352, 47.0082774 ], [ -80.172745, 47.0084131 ], [ -80.1731281, 47.0084295 ], [ -80.1733015, 47.0083934 ], [ -80.1740604, 47.0078289 ], [ -80.1741708, 47.0076268 ], [ -80.1741743, 47.0074623 ], [ -80.1741125, 47.0073697 ], [ -80.1741079, 47.0069196 ], [ -80.174138, 47.0068328 ], [ -80.1741017, 47.0067444 ], [ -80.1741451, 47.0066964 ], [ -80.1741088, 47.006608 ], [ -80.1740911, 47.0057707 ], [ -80.1739227, 47.0053674 ], [ -80.1737268, 47.005198 ] ], [ [ -80.1456406, 47.009867 ], [ -80.1458393, 47.0096426 ], [ -80.1458218, 47.0095388 ], [ -80.1456912, 47.0094901 ], [ -80.1453843, 47.009486 ], [ -80.1451136, 47.0095704 ], [ -80.1448133, 47.0095857 ], [ -80.1434646, 47.0095313 ], [ -80.1426356, 47.0093322 ], [ -80.1423552, 47.0092132 ], [ -80.1420615, 47.0090553 ], [ -80.1419249, 47.0090239 ], [ -80.1414765, 47.0086942 ], [ -80.1409165, 47.0092633 ], [ -80.1408863, 47.0093501 ], [ -80.1408023, 47.0094373 ], [ -80.1408048, 47.0095845 ], [ -80.140594, 47.0098436 ], [ -80.1405607, 47.0099391 ], [ -80.1406127, 47.010021 ], [ -80.1406725, 47.0100032 ], [ -80.140942, 47.0100379 ], [ -80.1417366, 47.0100663 ], [ -80.1420666, 47.01012 ], [ -80.1422358, 47.0102117 ], [ -80.1426558, 47.0105461 ], [ -80.1427954, 47.0107614 ], [ -80.1428783, 47.0109858 ], [ -80.1429146, 47.0114595 ], [ -80.1430204, 47.0115409 ], [ -80.1431594, 47.0115268 ], [ -80.1433345, 47.011216 ], [ -80.1436318, 47.0110167 ], [ -80.14383, 47.0109481 ], [ -80.1442994, 47.0106393 ], [ -80.1447888, 47.0103888 ], [ -80.1456406, 47.009867 ] ], [ [ -80.1701209, 47.010527 ], [ -80.1702489, 47.0104286 ], [ -80.1702571, 47.0101732 ], [ -80.1700788, 47.0101075 ], [ -80.1699108, 47.0100894 ], [ -80.1694414, 47.0102057 ], [ -80.1692499, 47.0102939 ], [ -80.1691286, 47.0104117 ], [ -80.1690429, 47.0105812 ], [ -80.1689792, 47.0109193 ], [ -80.1690934, 47.0109379 ], [ -80.1692637, 47.0109105 ], [ -80.1701209, 47.010527 ] ], [ [ -80.1487727, 47.0140083 ], [ -80.1492791, 47.0138247 ], [ -80.1496005, 47.0137486 ], [ -80.14974, 47.0135787 ], [ -80.1496028, 47.013318 ], [ -80.1494813, 47.0132432 ], [ -80.149106, 47.0131271 ], [ -80.1489585, 47.0130114 ], [ -80.1489022, 47.0128647 ], [ -80.1488545, 47.0128477 ], [ -80.1487663, 47.0128701 ], [ -80.1481463, 47.0128793 ], [ -80.1476901, 47.0130343 ], [ -80.1471523, 47.0130386 ], [ -80.1463521, 47.0128717 ], [ -80.1457357, 47.0125238 ], [ -80.145364, 47.0124358 ], [ -80.1449489, 47.0123958 ], [ -80.1445917, 47.0124202 ], [ -80.1441905, 47.0124558 ], [ -80.1440812, 47.0125389 ], [ -80.14408, 47.0126579 ], [ -80.1443871, 47.0130472 ], [ -80.1448706, 47.0133919 ], [ -80.1453668, 47.013546 ], [ -80.1457572, 47.0136186 ], [ -80.1469011, 47.0137222 ], [ -80.1473622, 47.0138614 ], [ -80.1478191, 47.0139358 ], [ -80.1480385, 47.013999 ], [ -80.1483963, 47.0140113 ], [ -80.1487727, 47.0140083 ] ], [ [ -80.1550499, 47.0145431 ], [ -80.1559288, 47.0139432 ], [ -80.1560894, 47.0137125 ], [ -80.1561231, 47.0134612 ], [ -80.1560403, 47.0134294 ], [ -80.1558669, 47.0134654 ], [ -80.1557286, 47.0135163 ], [ -80.1552997, 47.0137858 ], [ -80.1551166, 47.0138111 ], [ -80.1549196, 47.0139533 ], [ -80.1547947, 47.0142357 ], [ -80.154631, 47.0142824 ], [ -80.1542018, 47.0141668 ], [ -80.1540054, 47.0141532 ], [ -80.1538858, 47.0141887 ], [ -80.1537052, 47.0143611 ], [ -80.1541393, 47.014771 ], [ -80.1544663, 47.0148334 ], [ -80.1546457, 47.01478 ], [ -80.1550499, 47.0145431 ] ], [ [ -80.1528791, 47.0156575 ], [ -80.1528742, 47.0155558 ], [ -80.1526349, 47.0154343 ], [ -80.1525575, 47.0153484 ], [ -80.1527145, 47.0150896 ], [ -80.1527501, 47.0149487 ], [ -80.1526944, 47.0148387 ], [ -80.1524968, 47.0147516 ], [ -80.1522472, 47.0147752 ], [ -80.1518587, 47.0150055 ], [ -80.1517167, 47.0150283 ], [ -80.151585, 47.0150985 ], [ -80.1515488, 47.0152027 ], [ -80.1517537, 47.0153461 ], [ -80.1518009, 47.0155188 ], [ -80.1515744, 47.0157846 ], [ -80.1515262, 47.0159235 ], [ -80.1517407, 47.0158851 ], [ -80.1520355, 47.0157312 ], [ -80.1521618, 47.0157151 ], [ -80.1524918, 47.0157688 ], [ -80.152722, 47.0157236 ], [ -80.1528791, 47.0156575 ] ], [ [ -80.1593116, 47.0167491 ], [ -80.1590228, 47.0168856 ], [ -80.1588077, 47.0168873 ], [ -80.1585997, 47.0167526 ], [ -80.1584698, 47.0167406 ], [ -80.1581351, 47.0169705 ], [ -80.158137, 47.0170809 ], [ -80.1582331, 47.0171515 ], [ -80.1583787, 47.0171569 ], [ -80.1585287, 47.0172271 ], [ -80.1584792, 47.0172924 ], [ -80.1585137, 47.0174631 ], [ -80.1586322, 47.0175466 ], [ -80.1588837, 47.0176333 ], [ -80.1591309, 47.0176551 ], [ -80.1596929, 47.0175814 ], [ -80.160496, 47.0175469 ], [ -80.1606658, 47.0174827 ], [ -80.1618702, 47.0164863 ], [ -80.1626114, 47.0159739 ], [ -80.1625622, 47.0156908 ], [ -80.1630027, 47.0155423 ], [ -80.1631464, 47.0154373 ], [ -80.1632327, 47.0153046 ], [ -80.1632205, 47.0151467 ], [ -80.1631595, 47.0150909 ], [ -80.1631441, 47.0147491 ], [ -80.1630212, 47.0144081 ], [ -80.1628937, 47.0143507 ], [ -80.1628345, 47.0144053 ], [ -80.1628575, 47.0144549 ], [ -80.1627742, 47.0145789 ], [ -80.1624992, 47.0145984 ], [ -80.1624818, 47.0146873 ], [ -80.1623851, 47.0147725 ], [ -80.1620715, 47.014749 ], [ -80.1618121, 47.0145693 ], [ -80.1616561, 47.0145165 ], [ -80.161296, 47.0145496 ], [ -80.1606465, 47.0146825 ], [ -80.1602168, 47.0147227 ], [ -80.1601467, 47.014693 ], [ -80.159824, 47.0146956 ], [ -80.1596856, 47.0147464 ], [ -80.1597226, 47.0148717 ], [ -80.1601349, 47.0151129 ], [ -80.1601567, 47.0152816 ], [ -80.1599321, 47.0154651 ], [ -80.15952, 47.0156091 ], [ -80.1591792, 47.0156637 ], [ -80.1589767, 47.0156675 ], [ -80.1586498, 47.0156052 ], [ -80.1584684, 47.0155482 ], [ -80.1581831, 47.0153276 ], [ -80.1580495, 47.0152875 ], [ -80.1576893, 47.0153207 ], [ -80.1574881, 47.015398 ], [ -80.1574906, 47.0155452 ], [ -80.1575463, 47.0156551 ], [ -80.1578916, 47.0160506 ], [ -80.1578893, 47.0162886 ], [ -80.1578133, 47.0164689 ], [ -80.1571869, 47.0170365 ], [ -80.1572656, 47.017196 ], [ -80.1574795, 47.0171208 ], [ -80.1581808, 47.0166845 ], [ -80.1582375, 47.0164828 ], [ -80.1583559, 47.0163736 ], [ -80.1588116, 47.0163743 ], [ -80.1593879, 47.0160278 ], [ -80.1596284, 47.0160302 ], [ -80.1597977, 47.0161219 ], [ -80.1598026, 47.0162236 ], [ -80.1597175, 47.0164299 ], [ -80.1593116, 47.0167491 ] ], [ [ -80.1760974, 47.0176049 ], [ -80.1765967, 47.0177502 ], [ -80.1769231, 47.0177756 ], [ -80.1770862, 47.0176921 ], [ -80.1771574, 47.0176028 ], [ -80.1770019, 47.0173941 ], [ -80.1772376, 47.0174874 ], [ -80.1781658, 47.017363 ], [ -80.1786178, 47.0173355 ], [ -80.1790929, 47.0173575 ], [ -80.1794401, 47.0171296 ], [ -80.1795877, 47.0167042 ], [ -80.1795483, 47.0166245 ], [ -80.1795002, 47.0162224 ], [ -80.179359, 47.0159335 ], [ -80.1792769, 47.0153975 ], [ -80.1790809, 47.0152281 ], [ -80.1789062, 47.0151906 ], [ -80.1784138, 47.0152574 ], [ -80.1782197, 47.0151984 ], [ -80.1778551, 47.0149741 ], [ -80.1776841, 47.0149647 ], [ -80.1772058, 47.0152997 ], [ -80.1767871, 47.0154243 ], [ -80.1761963, 47.0156585 ], [ -80.1761886, 47.0157582 ], [ -80.1763241, 47.0159085 ], [ -80.1764041, 47.0161416 ], [ -80.1763583, 47.016235 ], [ -80.1763574, 47.0165467 ], [ -80.1762606, 47.0164393 ], [ -80.1761681, 47.0163967 ], [ -80.1759947, 47.0164328 ], [ -80.1758255, 47.0165337 ], [ -80.1757513, 47.0166317 ], [ -80.1757134, 47.0168181 ], [ -80.1757541, 47.0169715 ], [ -80.1757052, 47.0170736 ], [ -80.1758476, 47.017436 ], [ -80.1760974, 47.0176049 ] ], [ [ -80.1503592, 47.0174671 ], [ -80.1505773, 47.0172641 ], [ -80.1509839, 47.0169817 ], [ -80.1509935, 47.0167999 ], [ -80.1508732, 47.0167987 ], [ -80.1504135, 47.0171182 ], [ -80.1502872, 47.0171344 ], [ -80.1501052, 47.0170406 ], [ -80.1499632, 47.0170634 ], [ -80.1498786, 47.0171138 ], [ -80.1499943, 47.0177838 ], [ -80.1498948, 47.0182628 ], [ -80.1499565, 47.0183554 ], [ -80.1500423, 47.0183785 ], [ -80.150162, 47.018343 ], [ -80.1501958, 47.0182843 ], [ -80.1504018, 47.018116 ], [ -80.1505425, 47.0178271 ], [ -80.1503738, 47.0175795 ], [ -80.1503592, 47.0174671 ] ], [ [ -80.1673407, 47.0256379 ], [ -80.1685179, 47.0259942 ], [ -80.1688443, 47.0260197 ], [ -80.1689857, 47.0259601 ], [ -80.1689367, 47.0258696 ], [ -80.1687213, 47.0256787 ], [ -80.1677156, 47.0249835 ], [ -80.1675496, 47.0245346 ], [ -80.1673409, 47.0243632 ], [ -80.1670035, 47.0242534 ], [ -80.1668439, 47.0241724 ], [ -80.1666063, 47.0241613 ], [ -80.1662982, 47.0242764 ], [ -80.1660987, 47.0242715 ], [ -80.1660056, 47.0241921 ], [ -80.166053, 47.0238238 ], [ -80.166004, 47.0237333 ], [ -80.165848, 47.0236805 ], [ -80.1655198, 47.0237372 ], [ -80.1653229, 47.0238795 ], [ -80.1653018, 47.0239403 ], [ -80.1650722, 47.0240222 ], [ -80.1645336, 47.0239897 ], [ -80.1642592, 47.024046 ], [ -80.1639071, 47.0243648 ], [ -80.1633746, 47.0245076 ], [ -80.1632369, 47.0245953 ], [ -80.1634546, 47.0247407 ], [ -80.1635852, 47.0247894 ], [ -80.164082, 47.0247876 ], [ -80.164206, 47.0248169 ], [ -80.1643983, 47.0249582 ], [ -80.1645073, 47.0252235 ], [ -80.1645811, 47.0252814 ], [ -80.1645914, 47.0253289 ], [ -80.1649978, 47.0255875 ], [ -80.1654336, 47.0255299 ], [ -80.1657051, 47.0256749 ], [ -80.1658314, 47.0256587 ], [ -80.1659601, 47.0255971 ], [ -80.1659987, 47.0254474 ], [ -80.1659604, 47.0252486 ], [ -80.1661326, 47.025139 ], [ -80.1662178, 47.0251254 ], [ -80.1665873, 47.0252587 ], [ -80.1673407, 47.0256379 ] ], [ [ -80.1555948, 47.0199967 ], [ -80.1555041, 47.0198719 ], [ -80.1551995, 47.0198224 ], [ -80.1551795, 47.0197641 ], [ -80.1553825, 47.0196045 ], [ -80.1553836, 47.0194855 ], [ -80.1545544, 47.0194791 ], [ -80.1542148, 47.0196073 ], [ -80.1539181, 47.0196508 ], [ -80.1537912, 47.0196301 ], [ -80.1535954, 47.0196533 ], [ -80.1534202, 47.0197716 ], [ -80.1533779, 47.0198931 ], [ -80.1530433, 47.0203156 ], [ -80.15263, 47.0205785 ], [ -80.1523393, 47.0206046 ], [ -80.1517953, 47.0204336 ], [ -80.151707, 47.020456 ], [ -80.1514973, 47.0204035 ], [ -80.1512803, 47.0202949 ], [ -80.1510838, 47.0202813 ], [ -80.1508639, 47.0203739 ], [ -80.1505351, 47.0203938 ], [ -80.1501513, 47.0203406 ], [ -80.149825, 47.0205076 ], [ -80.1494581, 47.0205213 ], [ -80.1493234, 47.0206003 ], [ -80.1492957, 47.0208342 ], [ -80.1494716, 47.0209454 ], [ -80.1498227, 47.0209383 ], [ -80.1502024, 47.0211193 ], [ -80.1505342, 47.0210907 ], [ -80.1506974, 47.0211998 ], [ -80.1507785, 47.0213138 ], [ -80.1507206, 47.0216346 ], [ -80.1506596, 47.0217714 ], [ -80.1504022, 47.0220872 ], [ -80.1502089, 47.0222576 ], [ -80.1498686, 47.022349 ], [ -80.1493972, 47.0223548 ], [ -80.1490949, 47.0222598 ], [ -80.1488737, 47.0220863 ], [ -80.1487926, 47.0219722 ], [ -80.1487436, 47.0216891 ], [ -80.1487719, 47.0214919 ], [ -80.1489097, 47.0214043 ], [ -80.1490286, 47.0211393 ], [ -80.1491096, 47.0210608 ], [ -80.1491108, 47.0209417 ], [ -80.1487033, 47.0208021 ], [ -80.148441, 47.020631 ], [ -80.1482088, 47.0203731 ], [ -80.1479918, 47.0202645 ], [ -80.1476992, 47.0201802 ], [ -80.1473668, 47.0199794 ], [ -80.1472343, 47.0198203 ], [ -80.1470354, 47.0196595 ], [ -80.1468487, 47.0196567 ], [ -80.1466982, 47.0197422 ], [ -80.1465242, 47.0197414 ], [ -80.1462981, 47.0196588 ], [ -80.1459645, 47.019577 ], [ -80.144662, 47.0196586 ], [ -80.1441828, 47.0195715 ], [ -80.1440534, 47.0195963 ], [ -80.1440649, 47.0197174 ], [ -80.144311, 47.0200509 ], [ -80.1445613, 47.0202567 ], [ -80.1449996, 47.0207316 ], [ -80.1451525, 47.0207931 ], [ -80.1455581, 47.0208224 ], [ -80.1457238, 47.0210787 ], [ -80.1457226, 47.0211977 ], [ -80.1458496, 47.021411 ], [ -80.1460583, 47.0221603 ], [ -80.1462337, 47.0224273 ], [ -80.1463499, 47.0227488 ], [ -80.1466026, 47.0229092 ], [ -80.1470589, 47.0229467 ], [ -80.1472282, 47.0230384 ], [ -80.1480651, 47.0242568 ], [ -80.1481867, 47.0245242 ], [ -80.1482715, 47.024859 ], [ -80.1484867, 47.0250499 ], [ -80.1487025, 47.025085 ], [ -80.1488174, 47.0251404 ], [ -80.1488664, 47.0252309 ], [ -80.1488622, 47.0253586 ], [ -80.1487758, 47.0254913 ], [ -80.1483196, 47.025839 ], [ -80.147931, 47.0260693 ], [ -80.1471791, 47.0263414 ], [ -80.146157, 47.026542 ], [ -80.1457751, 47.0267917 ], [ -80.1455962, 47.0268819 ], [ -80.1453973, 47.0269137 ], [ -80.144814, 47.0268555 ], [ -80.1444186, 47.0266811 ], [ -80.1441049, 47.0266576 ], [ -80.1429225, 47.0267404 ], [ -80.1426922, 47.0267855 ], [ -80.1426711, 47.0268463 ], [ -80.1427642, 47.0269256 ], [ -80.1432696, 47.0270537 ], [ -80.1434709, 47.027169 ], [ -80.143613, 47.0273389 ], [ -80.143607, 47.0275488 ], [ -80.1437612, 47.027684 ], [ -80.1440719, 47.0277162 ], [ -80.1445259, 47.0279918 ], [ -80.1451776, 47.028162 ], [ -80.1460221, 47.0281251 ], [ -80.146687, 47.0279489 ], [ -80.1470357, 47.0277947 ], [ -80.147321, 47.0276302 ], [ -80.1476177, 47.0273941 ], [ -80.1477343, 47.0271746 ], [ -80.1476943, 47.0268654 ], [ -80.147745, 47.0266811 ], [ -80.1478544, 47.026598 ], [ -80.1485501, 47.0265644 ], [ -80.1488692, 47.0263411 ], [ -80.1490209, 47.0261365 ], [ -80.1490257, 47.0260456 ], [ -80.1491127, 47.0259496 ], [ -80.1491048, 47.0258566 ], [ -80.1491906, 47.0256872 ], [ -80.1494033, 47.0255383 ], [ -80.1495544, 47.0254895 ], [ -80.1497768, 47.025544 ], [ -80.1499618, 47.0256292 ], [ -80.1500531, 47.0255981 ], [ -80.1501231, 47.0254353 ], [ -80.15027, 47.0253216 ], [ -80.1504054, 47.0252794 ], [ -80.1506653, 47.0253033 ], [ -80.1508346, 47.025395 ], [ -80.151002, 47.0253764 ], [ -80.151121, 47.025304 ], [ -80.1512794, 47.0253115 ], [ -80.1513695, 47.0253995 ], [ -80.1514513, 47.0257429 ], [ -80.151539, 47.0258764 ], [ -80.1522469, 47.0260007 ], [ -80.1526199, 47.0261622 ], [ -80.1529495, 47.0265643 ], [ -80.1529472, 47.0268024 ], [ -80.1528065, 47.0270914 ], [ -80.1530097, 47.027317 ], [ -80.1530273, 47.0274208 ], [ -80.152976, 47.0275683 ], [ -80.152808, 47.0277428 ], [ -80.1524194, 47.0279731 ], [ -80.1520883, 47.0282311 ], [ -80.1520871, 47.0283501 ], [ -80.152228, 47.0284464 ], [ -80.1524245, 47.02846 ], [ -80.1525394, 47.0285154 ], [ -80.1526495, 47.0286617 ], [ -80.1527542, 47.0290547 ], [ -80.1529647, 47.0293366 ], [ -80.1533941, 47.0296449 ], [ -80.1537242, 47.0296985 ], [ -80.1540083, 47.029653 ], [ -80.154221, 47.0295041 ], [ -80.1544663, 47.029223 ], [ -80.1545677, 47.0290469 ], [ -80.1545864, 47.028839 ], [ -80.1547108, 47.0287125 ], [ -80.1548396, 47.0286508 ], [ -80.1552071, 47.0286739 ], [ -80.1553764, 47.0287656 ], [ -80.1555119, 47.028916 ], [ -80.1560144, 47.0292454 ], [ -80.1560103, 47.0293731 ], [ -80.1556103, 47.0296749 ], [ -80.1555228, 47.0301193 ], [ -80.1556088, 47.030335 ], [ -80.155737, 47.0304292 ], [ -80.1558821, 47.0303978 ], [ -80.1561395, 47.0302745 ], [ -80.1564357, 47.0301943 ], [ -80.1574767, 47.0301709 ], [ -80.1579784, 47.0300781 ], [ -80.1581965, 47.0298751 ], [ -80.1582834, 47.0295866 ], [ -80.1583085, 47.0292055 ], [ -80.1584679, 47.0289012 ], [ -80.159327, 47.0280503 ], [ -80.1593245, 47.0279032 ], [ -80.1591987, 47.0277635 ], [ -80.1591684, 47.0276577 ], [ -80.1591889, 47.0275601 ], [ -80.1594204, 47.0275886 ], [ -80.1596974, 47.0276794 ], [ -80.1599724, 47.0276599 ], [ -80.1604093, 47.0274833 ], [ -80.160815, 47.0275125 ], [ -80.1609092, 47.0274728 ], [ -80.1608716, 47.0273108 ], [ -80.1602771, 47.0267832 ], [ -80.1594983, 47.0263998 ], [ -80.1580648, 47.025855 ], [ -80.1571863, 47.0255655 ], [ -80.1561501, 47.0253054 ], [ -80.1557341, 47.025036 ], [ -80.1555461, 47.0249596 ], [ -80.155398, 47.0249997 ], [ -80.1553425, 47.0250824 ], [ -80.1553486, 47.0252576 ], [ -80.1551383, 47.025361 ], [ -80.1549164, 47.0253433 ], [ -80.1547145, 47.0251912 ], [ -80.154568, 47.0247639 ], [ -80.1544301, 47.0246589 ], [ -80.1536702, 47.0244529 ], [ -80.1533982, 47.0244637 ], [ -80.1521659, 47.0247677 ], [ -80.1519701, 47.0247909 ], [ -80.1517887, 47.0247339 ], [ -80.1516224, 47.0246335 ], [ -80.1515541, 47.0245215 ], [ -80.1515793, 47.0241404 ], [ -80.1518759, 47.0237117 ], [ -80.1521301, 47.0230194 ], [ -80.1521366, 47.0228462 ], [ -80.1520053, 47.022568 ], [ -80.1521341, 47.0225064 ], [ -80.1522773, 47.0225572 ], [ -80.1523879, 47.0225477 ], [ -80.1524592, 47.0224584 ], [ -80.1525884, 47.0220483 ], [ -80.1527268, 47.0219975 ], [ -80.1529987, 47.0219867 ], [ -80.1531395, 47.0218903 ], [ -80.1532192, 47.0217382 ], [ -80.1538789, 47.0210751 ], [ -80.1542934, 47.0208857 ], [ -80.1547576, 47.0208236 ], [ -80.1555948, 47.0199967 ] ], [ [ -80.1878364, 47.0272127 ], [ -80.1884306, 47.0277034 ], [ -80.1885316, 47.0276831 ], [ -80.1886596, 47.0275846 ], [ -80.1884271, 47.0273268 ], [ -80.1885665, 47.0271569 ], [ -80.1885459, 47.0270618 ], [ -80.1882538, 47.0270145 ], [ -80.1879287, 47.0270626 ], [ -80.1878254, 47.0271284 ], [ -80.1878364, 47.0272127 ] ], [ [ -80.1722512, 47.0293791 ], [ -80.1722686, 47.0292903 ], [ -80.1722848, 47.0291278 ], [ -80.1725014, 47.0286586 ], [ -80.1724136, 47.0285251 ], [ -80.1722757, 47.0284202 ], [ -80.1720598, 47.0283851 ], [ -80.17187, 47.028391 ], [ -80.1713038, 47.0285925 ], [ -80.1710905, 47.0287046 ], [ -80.1710429, 47.029614 ], [ -80.1711494, 47.0297322 ], [ -80.1714277, 47.0298966 ], [ -80.171707, 47.0299419 ], [ -80.1721887, 47.0297908 ], [ -80.1723499, 47.0295969 ], [ -80.1722512, 47.0293791 ] ], [ [ -80.1675914, 47.0298973 ], [ -80.1674281, 47.0297882 ], [ -80.1674828, 47.0294761 ], [ -80.1677207, 47.0291387 ], [ -80.1675919, 47.0290078 ], [ -80.1674365, 47.0289917 ], [ -80.1671403, 47.029072 ], [ -80.1670074, 47.0290687 ], [ -80.1667999, 47.0289708 ], [ -80.1667666, 47.0288737 ], [ -80.1668095, 47.028789 ], [ -80.1667127, 47.0286815 ], [ -80.1664641, 47.0285862 ], [ -80.1658317, 47.0284376 ], [ -80.1650741, 47.0281861 ], [ -80.1647513, 47.0281887 ], [ -80.1642563, 47.0283009 ], [ -80.1638386, 47.0283064 ], [ -80.1634347, 47.028195 ], [ -80.1633228, 47.0281309 ], [ -80.1629861, 47.0280579 ], [ -80.162847, 47.028072 ], [ -80.1625751, 47.0282754 ], [ -80.162458, 47.0284582 ], [ -80.1630114, 47.0287957 ], [ -80.1632811, 47.0290229 ], [ -80.1639286, 47.0291281 ], [ -80.1641705, 47.0292041 ], [ -80.1644934, 47.0293941 ], [ -80.1649102, 47.0297002 ], [ -80.1653391, 47.0301643 ], [ -80.1656624, 47.0307395 ], [ -80.1658047, 47.031102 ], [ -80.1658541, 47.0315777 ], [ -80.1657991, 47.0316972 ], [ -80.1657631, 47.031994 ], [ -80.1659718, 47.0321655 ], [ -80.1661075, 47.0325085 ], [ -80.1661003, 47.0326449 ], [ -80.1662135, 47.0327825 ], [ -80.1663592, 47.0327878 ], [ -80.1664311, 47.0327353 ], [ -80.1664278, 47.0323587 ], [ -80.1665275, 47.0322649 ], [ -80.1667481, 47.032209 ], [ -80.1672577, 47.0322092 ], [ -80.1676359, 47.0319313 ], [ -80.1676382, 47.0316932 ], [ -80.1675569, 47.0313866 ], [ -80.1676747, 47.0312406 ], [ -80.1678826, 47.0311827 ], [ -80.1681111, 47.0312198 ], [ -80.1685854, 47.0315536 ], [ -80.1687347, 47.031587 ], [ -80.169757, 47.0315787 ], [ -80.1700622, 47.0314724 ], [ -80.1701866, 47.0313458 ], [ -80.1700941, 47.0313033 ], [ -80.1694526, 47.0311808 ], [ -80.1692535, 47.0310201 ], [ -80.1692412, 47.0306696 ], [ -80.1693148, 47.0305348 ], [ -80.1693153, 47.030379 ], [ -80.1683941, 47.0298259 ], [ -80.1681402, 47.0297846 ], [ -80.167725, 47.0299373 ], [ -80.1675914, 47.0298973 ] ], [ [ -80.1777934, 47.0340846 ], [ -80.1777885, 47.0339829 ], [ -80.177711, 47.033897 ], [ -80.1777121, 47.0337779 ], [ -80.1776019, 47.0336317 ], [ -80.1773025, 47.0335281 ], [ -80.1767048, 47.0337429 ], [ -80.1764702, 47.0337231 ], [ -80.1763353, 47.0336095 ], [ -80.1763418, 47.0334363 ], [ -80.1760082, 47.0330062 ], [ -80.1757883, 47.0325578 ], [ -80.1757046, 47.0322966 ], [ -80.1757021, 47.0321495 ], [ -80.1756433, 47.0320482 ], [ -80.1756163, 47.0315853 ], [ -80.1755551, 47.0315295 ], [ -80.1755481, 47.0311249 ], [ -80.17562, 47.0310723 ], [ -80.1757023, 47.0305263 ], [ -80.1757487, 47.0304696 ], [ -80.1757906, 47.0299628 ], [ -80.176026, 47.0296709 ], [ -80.1760035, 47.0294655 ], [ -80.1758866, 47.0292998 ], [ -80.1755793, 47.0291032 ], [ -80.1754965, 47.0290714 ], [ -80.1752529, 47.0290777 ], [ -80.1748795, 47.0292647 ], [ -80.1746324, 47.0294355 ], [ -80.1744966, 47.0296336 ], [ -80.1744113, 47.0296473 ], [ -80.1743638, 47.029823 ], [ -80.1743732, 47.0301821 ], [ -80.1742106, 47.0308436 ], [ -80.1741569, 47.0315777 ], [ -80.1742788, 47.0320377 ], [ -80.1742894, 47.0330115 ], [ -80.1742038, 47.033181 ], [ -80.1738062, 47.0334375 ], [ -80.1737997, 47.0336107 ], [ -80.1739099, 47.033757 ], [ -80.1742165, 47.0339168 ], [ -80.174375, 47.0339242 ], [ -80.1747458, 47.0341311 ], [ -80.175044, 47.0343537 ], [ -80.1751409, 47.0344612 ], [ -80.1752142, 47.0346748 ], [ -80.1752273, 47.0350621 ], [ -80.1753381, 47.0352452 ], [ -80.1756394, 47.0354592 ], [ -80.175882, 47.0355719 ], [ -80.1764734, 47.0357229 ], [ -80.1773944, 47.0358907 ], [ -80.1786353, 47.0360645 ], [ -80.1793882, 47.0362142 ], [ -80.1800722, 47.0364077 ], [ -80.1803038, 47.0364361 ], [ -80.1804441, 47.0364956 ], [ -80.1814928, 47.0367207 ], [ -80.1820629, 47.0367399 ], [ -80.1824637, 47.0366673 ], [ -80.1823408, 47.036519 ], [ -80.1818888, 47.036198 ], [ -80.18183, 47.0360968 ], [ -80.1814034, 47.03578 ], [ -80.1810737, 47.0355706 ], [ -80.1792393, 47.0349428 ], [ -80.1786749, 47.0347137 ], [ -80.1781795, 47.0344407 ], [ -80.1779006, 47.0342395 ], [ -80.1777934, 47.0340846 ] ], [ [ -80.173828, 47.0405211 ], [ -80.173779, 47.0404306 ], [ -80.173373, 47.0402088 ], [ -80.1731679, 47.0400655 ], [ -80.1731146, 47.0399101 ], [ -80.1731663, 47.0396067 ], [ -80.1733422, 47.0395251 ], [ -80.1735858, 47.0395188 ], [ -80.1736353, 47.0394535 ], [ -80.1736274, 47.0393605 ], [ -80.1734998, 47.0393031 ], [ -80.1732174, 47.0392664 ], [ -80.172774, 47.0390752 ], [ -80.1724982, 47.039058 ], [ -80.1720339, 47.0391202 ], [ -80.1708276, 47.039117 ], [ -80.1702127, 47.0390722 ], [ -80.1701227, 47.0391768 ], [ -80.1701965, 47.0392346 ], [ -80.1702074, 47.039319 ], [ -80.1704472, 47.039633 ], [ -80.1705657, 47.0397165 ], [ -80.1705435, 47.0398963 ], [ -80.1704505, 47.0400096 ], [ -80.1698213, 47.0402376 ], [ -80.1697065, 47.0403749 ], [ -80.1694931, 47.040487 ], [ -80.1686478, 47.0404873 ], [ -80.1684399, 47.0405453 ], [ -80.1683208, 47.0406177 ], [ -80.168316, 47.0407086 ], [ -80.1687316, 47.0409412 ], [ -80.1691206, 47.041096 ], [ -80.1692041, 47.0411646 ], [ -80.1692411, 47.0412898 ], [ -80.1691976, 47.0413378 ], [ -80.1692938, 47.0414085 ], [ -80.1696916, 47.0413446 ], [ -80.1699323, 47.041347 ], [ -80.1699534, 47.0412862 ], [ -80.1701082, 47.0412655 ], [ -80.1702358, 47.0413229 ], [ -80.1703718, 47.0413175 ], [ -80.1706069, 47.0411814 ], [ -80.1707055, 47.0412066 ], [ -80.1707449, 47.0412863 ], [ -80.1709675, 47.0413408 ], [ -80.1711089, 47.0412812 ], [ -80.1719886, 47.0405252 ], [ -80.1721234, 47.0404462 ], [ -80.1724704, 47.0403742 ], [ -80.1726071, 47.0404055 ], [ -80.1728884, 47.0405612 ], [ -80.1729629, 47.0406559 ], [ -80.1732162, 47.0406603 ], [ -80.1734788, 47.0408313 ], [ -80.1738015, 47.0406361 ], [ -80.173828, 47.0405211 ] ], [ [ -80.1805707, 47.0568854 ], [ -80.1806643, 47.0568089 ], [ -80.1806557, 47.0566791 ], [ -80.1804188, 47.0563564 ], [ -80.180253, 47.0562928 ], [ -80.1800401, 47.0562491 ], [ -80.1798193, 47.056305 ], [ -80.1790741, 47.0562483 ], [ -80.1788279, 47.0563001 ], [ -80.1773735, 47.0571648 ], [ -80.1763882, 47.0573352 ], [ -80.175945, 47.0575293 ], [ -80.1761666, 47.0577028 ], [ -80.1765691, 47.0578965 ], [ -80.1768171, 47.0579551 ], [ -80.1772218, 47.0579107 ], [ -80.1782563, 47.0580234 ], [ -80.1786616, 47.0580158 ], [ -80.178987, 47.0579677 ], [ -80.1801529, 47.0576248 ], [ -80.180466, 47.0574188 ], [ -80.1805838, 47.0572728 ], [ -80.1805782, 47.0571343 ], [ -80.1805037, 47.0570397 ], [ -80.1805707, 47.0568854 ] ] ] } },
{ "type": "Feature", "properties": { "element": "relation", "id": 5644588, "natural": "wood", "source": "NRCan-CanVec-10.0", "type": "multipolygon" }, "geometry": { "type": "Polygon", "coordinates": [ [ [ -80.1794646, 46.9379348 ], [ -80.1784784, 46.938077 ], [ -80.1746875, 46.9385883 ], [ -80.1739029, 46.938149 ], [ -80.173633, 46.9378658 ], [ -80.1736293, 46.937857 ], [ -80.1733201, 46.9375134 ], [ -80.1732991, 46.9375 ], [ -80.173262, 46.9374764 ], [ -80.1729313, 46.9371293 ], [ -80.1709361, 46.9368231 ], [ -80.1707828, 46.9367248 ], [ -80.170616, 46.9363952 ], [ -80.1702836, 46.9363503 ], [ -80.1701716, 46.9359012 ], [ -80.1698392, 46.9358563 ], [ -80.1691051, 46.9365069 ], [ -80.1678535, 46.9366425 ], [ -80.1677879, 46.9368702 ], [ -80.1670653, 46.9369085 ], [ -80.1676435, 46.9372868 ], [ -80.1677087, 46.9374074 ], [ -80.1677334, 46.9375 ], [ -80.1658759, 46.9375 ], [ -80.1658773, 46.9374395 ], [ -80.165426, 46.9375 ], [ -80.125, 46.9375 ], [ -80.125, 46.9661126 ], [ -80.1247205, 46.9659895 ], [ -80.1244621, 46.9660391 ], [ -80.1243408, 46.9661569 ], [ -80.1243434, 46.9663197 ], [ -80.1240782, 46.9663341 ], [ -80.1239851, 46.967239 ], [ -80.1238115, 46.9673539 ], [ -80.1232769, 46.9674047 ], [ -80.1231984, 46.9676303 ], [ -80.1239324, 46.9676767 ], [ -80.1239867, 46.9679056 ], [ -80.125, 46.9683458 ], [ -80.125, 46.96875 ], [ -80.125, 46.9825042 ], [ -80.124938, 46.982495 ], [ -80.1238576, 46.9823514 ], [ -80.1231869, 46.9819436 ], [ -80.1229569, 46.9819061 ], [ -80.1226628, 46.9814088 ], [ -80.1226659, 46.9812075 ], [ -80.1246455, 46.9802556 ], [ -80.1249813, 46.9795216 ], [ -80.1241632, 46.9793699 ], [ -80.1240165, 46.979291 ], [ -80.1238192, 46.9784334 ], [ -80.1227819, 46.978411 ], [ -80.1226539, 46.9783168 ], [ -80.1226418, 46.9781589 ], [ -80.1217567, 46.9779687 ], [ -80.1210667, 46.9773335 ], [ -80.1201498, 46.9767346 ], [ -80.1196863, 46.9760262 ], [ -80.11879, 46.9749446 ], [ -80.117984, 46.9729882 ], [ -80.1172626, 46.9729438 ], [ -80.1172102, 46.9724401 ], [ -80.1168964, 46.9721871 ], [ -80.116161, 46.9706824 ], [ -80.1154206, 46.9698463 ], [ -80.1150418, 46.96875 ], [ -80.1149135, 46.9683788 ], [ -80.1146012, 46.9681923 ], [ -80.1146228, 46.9677903 ], [ -80.1145991, 46.9676383 ], [ -80.1149297, 46.9670242 ], [ -80.1149432, 46.9664853 ], [ -80.1146649, 46.9664476 ], [ -80.1146602, 46.9663749 ], [ -80.1145478, 46.9661668 ], [ -80.114356, 46.9651725 ], [ -80.1145214, 46.9648117 ], [ -80.1144523, 46.9645815 ], [ -80.1151665, 46.9636514 ], [ -80.1159883, 46.9628685 ], [ -80.1161901, 46.9624429 ], [ -80.1155824, 46.9619953 ], [ -80.1155494, 46.9618957 ], [ -80.1155729, 46.9615994 ], [ -80.1153413, 46.961149 ], [ -80.1152784, 46.9610763 ], [ -80.1150212, 46.9602989 ], [ -80.1148437, 46.9602699 ], [ -80.1145215, 46.9602958 ], [ -80.1144834, 46.9602662 ], [ -80.1142294, 46.960188 ], [ -80.1140622, 46.9602066 ], [ -80.1138473, 46.9603499 ], [ -80.1131657, 46.9604046 ], [ -80.1131646, 46.9603994 ], [ -80.1130253, 46.960184 ], [ -80.1130169, 46.9600543 ], [ -80.1138302, 46.9593342 ], [ -80.1138731, 46.9592284 ], [ -80.1138851, 46.9592148 ], [ -80.1138813, 46.9592083 ], [ -80.1140187, 46.9588698 ], [ -80.1138389, 46.9586937 ], [ -80.1135613, 46.9585292 ], [ -80.1134738, 46.9585101 ], [ -80.1133231, 46.9582519 ], [ -80.1129091, 46.9579879 ], [ -80.1129347, 46.9574824 ], [ -80.1128702, 46.9573985 ], [ -80.1124708, 46.9572748 ], [ -80.1123479, 46.9567447 ], [ -80.111847, 46.9566446 ], [ -80.1116527, 46.9565487 ], [ -80.1115936, 46.9564878 ], [ -80.1115804, 46.9563718 ], [ -80.1113325, 46.9562188 ], [ -80.1107853, 46.9556551 ], [ -80.1095605, 46.9552951 ], [ -80.1095592, 46.9552532 ], [ -80.1093578, 46.955101 ], [ -80.1093293, 46.9550868 ], [ -80.1092239, 46.9548316 ], [ -80.1084901, 46.9547851 ], [ -80.1084349, 46.9542901 ], [ -80.1079223, 46.954178 ], [ -80.1078351, 46.9541279 ], [ -80.1067241, 46.9537346 ], [ -80.1064889, 46.9529177 ], [ -80.1060111, 46.9526746 ], [ -80.1058953, 46.9525456 ], [ -80.1056038, 46.9513818 ], [ -80.1058021, 46.9510448 ], [ -80.1055933, 46.9510291 ], [ -80.1054791, 46.9510668 ], [ -80.1050186, 46.9504492 ], [ -80.1050887, 46.9502271 ], [ -80.1052156, 46.9501145 ], [ -80.1052067, 46.9498533 ], [ -80.1055325, 46.9488215 ], [ -80.1055502, 46.948803 ], [ -80.1057933, 46.9486867 ], [ -80.106447, 46.9483739 ], [ -80.106693, 46.9477887 ], [ -80.1069434, 46.9476916 ], [ -80.1070788, 46.9473555 ], [ -80.1076358, 46.9471261 ], [ -80.1077017, 46.9469055 ], [ -80.1078856, 46.9469469 ], [ -80.1083471, 46.9471598 ], [ -80.1085324, 46.9470892 ], [ -80.1086405, 46.9469326 ], [ -80.1085228, 46.9468859 ], [ -80.1080625, 46.9467465 ], [ -80.1078817, 46.9464969 ], [ -80.1079014, 46.9462373 ], [ -80.1079598, 46.946042 ], [ -80.1093965, 46.9457998 ], [ -80.109766, 46.9453925 ], [ -80.1097806, 46.9451198 ], [ -80.1090579, 46.944965 ], [ -80.108924, 46.9448882 ], [ -80.108924, 46.944888 ], [ -80.1089511, 46.9448101 ], [ -80.1089006, 46.9447582 ], [ -80.1086226, 46.9432159 ], [ -80.1078329, 46.9432153 ], [ -80.1070337, 46.9428188 ], [ -80.1069499, 46.9427134 ], [ -80.1076316, 46.9409301 ], [ -80.1079181, 46.9408175 ], [ -80.1079791, 46.9406808 ], [ -80.1080536, 46.9406214 ], [ -80.1087563, 46.940574 ], [ -80.1086897, 46.9406777 ], [ -80.1088985, 46.9406934 ], [ -80.1089381, 46.9405617 ], [ -80.1094518, 46.940527 ], [ -80.1095293, 46.9400354 ], [ -80.1098538, 46.9399875 ], [ -80.1101222, 46.9393402 ], [ -80.1102144, 46.9392211 ], [ -80.1104024, 46.9391081 ], [ -80.1122148, 46.9392819 ], [ -80.1124211, 46.9393431 ], [ -80.1124958, 46.9394745 ], [ -80.1126161, 46.9402828 ], [ -80.1125901, 46.9416264 ], [ -80.1132198, 46.9420869 ], [ -80.1138474, 46.9430146 ], [ -80.1120879, 46.9436076 ], [ -80.1120902, 46.9437547 ], [ -80.1125459, 46.9445994 ], [ -80.1128191, 46.9448915 ], [ -80.1131643, 46.9461308 ], [ -80.1133223, 46.9463308 ], [ -80.113467, 46.946371 ], [ -80.1134622, 46.9463903 ], [ -80.1135913, 46.9465581 ], [ -80.1140637, 46.9466628 ], [ -80.1141605, 46.9465639 ], [ -80.1142013, 46.9465752 ], [ -80.1142852, 46.946488 ], [ -80.1143038, 46.9464173 ], [ -80.1143963, 46.9463228 ], [ -80.1145207, 46.9460038 ], [ -80.1146368, 46.9453625 ], [ -80.1147799, 46.9452208 ], [ -80.1150676, 46.9452403 ], [ -80.1153446, 46.9451755 ], [ -80.1153658, 46.9449222 ], [ -80.1151109, 46.9441929 ], [ -80.1151003, 46.9435309 ], [ -80.1153021, 46.9427203 ], [ -80.1153463, 46.942324 ], [ -80.1153406, 46.9423126 ], [ -80.1153844, 46.9421377 ], [ -80.1155378, 46.9407497 ], [ -80.1157633, 46.9405491 ], [ -80.1159669, 46.9396562 ], [ -80.1160096, 46.938572 ], [ -80.1157846, 46.9385261 ], [ -80.1157835, 46.9385266 ], [ -80.1157955, 46.9384178 ], [ -80.1152949, 46.9381252 ], [ -80.1154488, 46.9378753 ], [ -80.1157113, 46.9376981 ], [ -80.116371, 46.9375 ], [ -80.116384, 46.9374961 ], [ -80.116756, 46.9369682 ], [ -80.1167733, 46.9369545 ], [ -80.1170315, 46.9366121 ], [ -80.1183861, 46.9358974 ], [ -80.1195472, 46.9340606 ], [ -80.1198066, 46.9338921 ], [ -80.1206071, 46.9335918 ], [ -80.1208003, 46.9330365 ], [ -80.121409, 46.9327875 ], [ -80.1214361, 46.9327704 ], [ -80.1218644, 46.9326326 ], [ -80.1222837, 46.9323893 ], [ -80.1220684, 46.9322977 ], [ -80.1219672, 46.9318376 ], [ -80.1219683, 46.9318335 ], [ -80.1219431, 46.9316368 ], [ -80.1219137, 46.9315945 ], [ -80.1218219, 46.931177 ], [ -80.1216857, 46.9311548 ], [ -80.1216924, 46.9305873 ], [ -80.1216478, 46.9305617 ], [ -80.1212684, 46.9305365 ], [ -80.1209732, 46.9306187 ], [ -80.1207165, 46.9305839 ], [ -80.1206612, 46.9300889 ], [ -80.1209827, 46.9298572 ], [ -80.1223941, 46.9294549 ], [ -80.1225805, 46.9292653 ], [ -80.1228158, 46.9285614 ], [ -80.1229154, 46.9284948 ], [ -80.1231253, 46.9283915 ], [ -80.1232448, 46.9281634 ], [ -80.1230476, 46.9278837 ], [ -80.1230461, 46.9278727 ], [ -80.1232462, 46.9272743 ], [ -80.1240679, 46.9259506 ], [ -80.1235311, 46.9252247 ], [ -80.1235622, 46.924557 ], [ -80.1236323, 46.9244012 ], [ -80.1240174, 46.9236429 ], [ -80.1244882, 46.9230486 ], [ -80.125, 46.9225746 ], [ -80.1255738, 46.9220431 ], [ -80.1259641, 46.9217321 ], [ -80.1271556, 46.9212652 ], [ -80.1274099, 46.9211988 ], [ -80.1282121, 46.9211901 ], [ -80.1290027, 46.920879 ], [ -80.1301243, 46.9209245 ], [ -80.1306676, 46.9207472 ], [ -80.1308992, 46.9204275 ], [ -80.1309534, 46.9200788 ], [ -80.131384, 46.9197639 ], [ -80.1313798, 46.9196991 ], [ -80.1311557, 46.9195841 ], [ -80.1312996, 46.9192368 ], [ -80.1324971, 46.918717 ], [ -80.1325516, 46.9186882 ], [ -80.133653, 46.9183555 ], [ -80.1342499, 46.9179853 ], [ -80.1349604, 46.9177276 ], [ -80.1366135, 46.9174104 ], [ -80.1369337, 46.9174238 ], [ -80.1371037, 46.9173965 ], [ -80.1372208, 46.9172939 ], [ -80.1374203, 46.9172556 ], [ -80.1383874, 46.9171291 ], [ -80.138804, 46.9165461 ], [ -80.1389709, 46.9164351 ], [ -80.1391332, 46.9164073 ], [ -80.1392766, 46.9163565 ], [ -80.1405977, 46.9161969 ], [ -80.1406222, 46.9156119 ], [ -80.1409439, 46.9153945 ], [ -80.1409979, 46.9153912 ], [ -80.1410098, 46.9153499 ], [ -80.1411878, 46.9152296 ], [ -80.1413176, 46.9151502 ], [ -80.1417858, 46.9151255 ], [ -80.1424405, 46.9144346 ], [ -80.1431304, 46.9126403 ], [ -80.1434143, 46.912439 ], [ -80.1444062, 46.9115992 ], [ -80.1447838, 46.9114614 ], [ -80.1448579, 46.9113029 ], [ -80.1457911, 46.9111031 ], [ -80.1463511, 46.9108001 ], [ -80.14691, 46.91019 ], [ -80.1469718, 46.9101679 ], [ -80.1472749, 46.9098901 ], [ -80.1488821, 46.9096359 ], [ -80.1489716, 46.9095956 ], [ -80.1496832, 46.909409 ], [ -80.1500389, 46.9091148 ], [ -80.1501822, 46.9090503 ], [ -80.1504795, 46.9087969 ], [ -80.1509851, 46.9087411 ], [ -80.1511635, 46.908651 ], [ -80.1511646, 46.908532 ], [ -80.1512241, 46.9085007 ], [ -80.1523352, 46.9083194 ], [ -80.1523552, 46.9082805 ], [ -80.1525733, 46.9082115 ], [ -80.1529705, 46.9079921 ], [ -80.1531944, 46.9074236 ], [ -80.1529985, 46.90741 ], [ -80.1527659, 46.9076562 ], [ -80.1525586, 46.9077141 ], [ -80.1523756, 46.907907 ], [ -80.151045, 46.9077867 ], [ -80.1509328, 46.9076967 ], [ -80.1507799, 46.9073258 ], [ -80.1507384, 46.9071254 ], [ -80.1508143, 46.9068432 ], [ -80.1507424, 46.9065106 ], [ -80.1508038, 46.9064107 ], [ -80.1508599, 46.9063648 ], [ -80.1512096, 46.9065134 ], [ -80.1514229, 46.9064382 ], [ -80.1513613, 46.9061532 ], [ -80.151467, 46.9058101 ], [ -80.1517807, 46.905754 ], [ -80.1519569, 46.9047835 ], [ -80.1523732, 46.904393 ], [ -80.1524895, 46.9041736 ], [ -80.1527748, 46.9023171 ], [ -80.1528334, 46.9022955 ], [ -80.1535778, 46.9024626 ], [ -80.1537435, 46.902178 ], [ -80.1539646, 46.9020032 ], [ -80.1544281, 46.9019779 ], [ -80.1545691, 46.9019183 ], [ -80.1546389, 46.9017555 ], [ -80.1546916, 46.9016859 ], [ -80.1551867, 46.9014588 ], [ -80.1554603, 46.901431 ], [ -80.1558664, 46.9011855 ], [ -80.1559538, 46.901107 ], [ -80.1562322, 46.9009793 ], [ -80.1564039, 46.9008307 ], [ -80.1568426, 46.9006846 ], [ -80.1572054, 46.9003917 ], [ -80.1582213, 46.9001026 ], [ -80.1591544, 46.8983755 ], [ -80.1594678, 46.898133 ], [ -80.159751, 46.8981976 ], [ -80.1598661, 46.8980972 ], [ -80.1598878, 46.8979682 ], [ -80.1599082, 46.8979758 ], [ -80.1604051, 46.8984325 ], [ -80.1610199, 46.8985877 ], [ -80.1605857, 46.8971787 ], [ -80.1597294, 46.8954442 ], [ -80.1597745, 46.8953141 ], [ -80.1602269, 46.895012 ], [ -80.1605063, 46.8945534 ], [ -80.1606591, 46.8921506 ], [ -80.161599, 46.8920182 ], [ -80.1619526, 46.8918466 ], [ -80.1618887, 46.8917996 ], [ -80.1616795, 46.8917472 ], [ -80.1611589, 46.8917449 ], [ -80.1608822, 46.8916173 ], [ -80.160566, 46.8918462 ], [ -80.1600314, 46.8907546 ], [ -80.1603627, 46.8896445 ], [ -80.1603173, 46.8893896 ], [ -80.1597545, 46.8883905 ], [ -80.1587329, 46.8878665 ], [ -80.1586605, 46.8876898 ], [ -80.1589059, 46.8870973 ], [ -80.1591016, 46.8869184 ], [ -80.1603416, 46.8867354 ], [ -80.1612555, 46.8868843 ], [ -80.1612846, 46.8869074 ], [ -80.1622814, 46.8870789 ], [ -80.1628814, 46.8869365 ], [ -80.1633765, 46.8869391 ], [ -80.16413, 46.8870684 ], [ -80.1647844, 46.8871475 ], [ -80.1658898, 46.8868509 ], [ -80.1660366, 46.8865815 ], [ -80.166433, 46.8865178 ], [ -80.1664481, 46.8864744 ], [ -80.166313, 46.8863241 ], [ -80.166252, 46.8863194 ], [ -80.1662424, 46.8862576 ], [ -80.1661146, 46.8861634 ], [ -80.1641739, 46.8861315 ], [ -80.1639744, 46.8860898 ], [ -80.1639152, 46.8859519 ], [ -80.1639315, 46.8850563 ], [ -80.1634361, 46.8848656 ], [ -80.163146, 46.8845067 ], [ -80.1618938, 46.8841469 ], [ -80.1615845, 46.8839591 ], [ -80.1608457, 46.8837379 ], [ -80.1594122, 46.8823586 ], [ -80.1593458, 46.8821644 ], [ -80.1594423, 46.8813461 ], [ -80.1587685, 46.8804652 ], [ -80.1588302, 46.8804123 ], [ -80.1588685, 46.880359 ], [ -80.1605834, 46.8796348 ], [ -80.1608644, 46.8790939 ], [ -80.160276, 46.878439 ], [ -80.1599778, 46.8774097 ], [ -80.1597186, 46.8771933 ], [ -80.1588739, 46.8770465 ], [ -80.1576424, 46.8765891 ], [ -80.1570424, 46.8760542 ], [ -80.1570457, 46.8759969 ], [ -80.1570197, 46.875956 ], [ -80.1568685, 46.875943 ], [ -80.1552702, 46.8755276 ], [ -80.1550905, 46.875275 ], [ -80.1551779, 46.875 ], [ -80.2157559, 46.875 ], [ -80.2156559, 46.8751653 ], [ -80.2156509, 46.8751903 ], [ -80.2154482, 46.8755347 ], [ -80.2155255, 46.8758153 ], [ -80.2154333, 46.8762746 ], [ -80.2148341, 46.8773136 ], [ -80.2149943, 46.8776637 ], [ -80.2148285, 46.8778717 ], [ -80.2151936, 46.8781692 ], [ -80.2151266, 46.8783632 ], [ -80.2125175, 46.8777531 ], [ -80.2122048, 46.8777298 ], [ -80.210304, 46.877971 ], [ -80.2087222, 46.8787588 ], [ -80.2077168, 46.8791545 ], [ -80.2067351, 46.8792883 ], [ -80.2061303, 46.8807297 ], [ -80.2059371, 46.8808632 ], [ -80.2055275, 46.8808883 ], [ -80.2050679, 46.8802455 ], [ -80.2033718, 46.880474 ], [ -80.2007555, 46.8805805 ], [ -80.2005514, 46.8806298 ], [ -80.1996902, 46.8823869 ], [ -80.1995909, 46.8824807 ], [ -80.1971627, 46.8823519 ], [ -80.1969646, 46.8823839 ], [ -80.1969183, 46.8824405 ], [ -80.1967707, 46.8837179 ], [ -80.1968233, 46.8837613 ], [ -80.1968223, 46.8839554 ], [ -80.1970673, 46.8842518 ], [ -80.1974513, 46.8843783 ], [ -80.1976089, 46.8844101 ], [ -80.1977377, 46.8845165 ], [ -80.1987378, 46.8848715 ], [ -80.1988983, 46.8850259 ], [ -80.1987351, 46.8860292 ], [ -80.198653, 46.8861224 ], [ -80.1987043, 46.8862187 ], [ -80.198364, 46.8883116 ], [ -80.1981378, 46.8885406 ], [ -80.1981254, 46.8890793 ], [ -80.1981129, 46.889618 ], [ -80.1983694, 46.8896526 ], [ -80.1983427, 46.8897653 ], [ -80.1981934, 46.8918214 ], [ -80.1980493, 46.8925862 ], [ -80.1979638, 46.8934521 ], [ -80.1977335, 46.8941571 ], [ -80.197684, 46.894696 ], [ -80.1966888, 46.8952063 ], [ -80.1957915, 46.8960228 ], [ -80.1946923, 46.8964949 ], [ -80.1940789, 46.896606 ], [ -80.1940664, 46.8971447 ], [ -80.1943003, 46.8971644 ], [ -80.1944408, 46.8972606 ], [ -80.194447, 46.897784 ], [ -80.1943863, 46.8979207 ], [ -80.1942984, 46.8979431 ], [ -80.1937186, 46.8979955 ], [ -80.1935754, 46.8989896 ], [ -80.1933868, 46.8990323 ], [ -80.1916793, 46.8990206 ], [ -80.1865477, 46.8993596 ], [ -80.1864638, 46.8992543 ], [ -80.1861519, 46.8980304 ], [ -80.1862156, 46.8978849 ], [ -80.1865709, 46.8976311 ], [ -80.1865133, 46.8974109 ], [ -80.1861812, 46.8973661 ], [ -80.1853938, 46.8976322 ], [ -80.1853651, 46.8977925 ], [ -80.1852404, 46.8978822 ], [ -80.1842086, 46.8978886 ], [ -80.1838707, 46.8980536 ], [ -80.1822371, 46.898292 ], [ -80.1820931, 46.8983602 ], [ -80.1822088, 46.898743 ], [ -80.1821629, 46.8987382 ], [ -80.1816443, 46.8984981 ], [ -80.1814707, 46.8984973 ], [ -80.1814276, 46.8987378 ], [ -80.1817209, 46.8990879 ], [ -80.1821444, 46.8994868 ], [ -80.182488, 46.9000009 ], [ -80.1827311, 46.9001871 ], [ -80.1830482, 46.9002754 ], [ -80.1833232, 46.900222 ], [ -80.1842437, 46.9003758 ], [ -80.1844916, 46.9007026 ], [ -80.1848107, 46.9009011 ], [ -80.1853062, 46.9008992 ], [ -80.1856887, 46.9007597 ], [ -80.1858466, 46.9007671 ], [ -80.1864773, 46.9009154 ], [ -80.1867682, 46.9007702 ], [ -80.1868318, 46.9006386 ], [ -80.1875379, 46.9006984 ], [ -80.1879842, 46.9010046 ], [ -80.1887112, 46.9010678 ], [ -80.1889966, 46.901325 ], [ -80.1890148, 46.9018137 ], [ -80.1890507, 46.9018434 ], [ -80.1890846, 46.9021916 ], [ -80.187466, 46.9034683 ], [ -80.1870827, 46.9044601 ], [ -80.1869297, 46.9045544 ], [ -80.1864675, 46.9046534 ], [ -80.1861898, 46.9048374 ], [ -80.1854173, 46.9050601 ], [ -80.1855262, 46.905866 ], [ -80.183292, 46.9062544 ], [ -80.182894, 46.9065929 ], [ -80.1808714, 46.9075289 ], [ -80.1803649, 46.9079874 ], [ -80.1801179, 46.9081213 ], [ -80.1801067, 46.9083853 ], [ -80.1795758, 46.9090689 ], [ -80.1784722, 46.9093203 ], [ -80.1781194, 46.9097212 ], [ -80.1781066, 46.9108007 ], [ -80.1782074, 46.9119699 ], [ -80.178031, 46.912255 ], [ -80.1780239, 46.9123913 ], [ -80.1782446, 46.9124016 ], [ -80.1782452, 46.912409 ], [ -80.1783194, 46.9125036 ], [ -80.1816934, 46.9121081 ], [ -80.181802, 46.9121808 ], [ -80.1820166, 46.9127198 ], [ -80.1819898, 46.914072 ], [ -80.1822416, 46.9165512 ], [ -80.1824756, 46.9165709 ], [ -80.1839253, 46.9162474 ], [ -80.1841597, 46.9161114 ], [ -80.1846369, 46.9168581 ], [ -80.1848329, 46.9168716 ], [ -80.1857398, 46.9167321 ], [ -80.1858819, 46.9167396 ], [ -80.1866392, 46.9172569 ], [ -80.1869052, 46.9173001 ], [ -80.1871136, 46.9171231 ], [ -80.186918, 46.9169539 ], [ -80.1863468, 46.9167877 ], [ -80.186092, 46.9166074 ], [ -80.1861753, 46.916549 ], [ -80.1864717, 46.9158052 ], [ -80.1867535, 46.9157525 ], [ -80.1868986, 46.9158508 ], [ -80.1872682, 46.9164058 ], [ -80.187938, 46.9167896 ], [ -80.1880838, 46.91718 ], [ -80.188074, 46.9175175 ], [ -80.1880134, 46.9177029 ], [ -80.1879952, 46.9177064 ], [ -80.1879943, 46.9177613 ], [ -80.1878697, 46.9181428 ], [ -80.187753, 46.9182903 ], [ -80.1877533, 46.9184992 ], [ -80.1876767, 46.9187338 ], [ -80.1873703, 46.9189665 ], [ -80.1861813, 46.9193107 ], [ -80.1861509, 46.9192857 ], [ -80.1860099, 46.9193453 ], [ -80.1860148, 46.919376 ], [ -80.1849302, 46.9200681 ], [ -80.1852192, 46.9207017 ], [ -80.1856061, 46.9209754 ], [ -80.1856623, 46.921122 ], [ -80.1857871, 46.9235439 ], [ -80.185773, 46.9243574 ], [ -80.1859768, 46.9248122 ], [ -80.1865125, 46.9254676 ], [ -80.187094, 46.9274595 ], [ -80.1878243, 46.927914 ], [ -80.1878273, 46.9279289 ], [ -80.1874714, 46.9288042 ], [ -80.187267, 46.9288534 ], [ -80.1857087, 46.9289486 ], [ -80.1849222, 46.9289399 ], [ -80.1848567, 46.9291676 ], [ -80.1841855, 46.929251 ], [ -80.1840913, 46.9301799 ], [ -80.1839539, 46.9302676 ], [ -80.1837205, 46.9302846 ], [ -80.1836968, 46.9316283 ], [ -80.1834877, 46.9328501 ], [ -80.1826806, 46.9332873 ], [ -80.1823113, 46.934199 ], [ -80.1818588, 46.9346938 ], [ -80.181477, 46.9363368 ], [ -80.1798643, 46.9371289 ], [ -80.1796802, 46.9375 ], [ -80.1794646, 46.9379348 ] ], [ [ -80.1688423, 46.8815122 ], [ -80.1687047, 46.8815809 ], [ -80.1687164, 46.8816846 ], [ -80.1686513, 46.8817738 ], [ -80.168675, 46.8820526 ], [ -80.1688324, 46.8822157 ], [ -80.1689994, 46.8823896 ], [ -80.169156, 46.8830567 ], [ -80.169373, 46.883202 ], [ -80.169535, 46.8830817 ], [ -80.16984, 46.8824428 ], [ -80.1698654, 46.8826681 ], [ -80.1703545, 46.8824911 ], [ -80.1705038, 46.8823687 ], [ -80.1707886, 46.8815078 ], [ -80.1709709, 46.88129 ], [ -80.1722142, 46.8804017 ], [ -80.1730509, 46.880263 ], [ -80.1733876, 46.880217 ], [ -80.1734531, 46.8799894 ], [ -80.1738508, 46.8794584 ], [ -80.1738689, 46.8791991 ], [ -80.1743426, 46.8790802 ], [ -80.1746812, 46.8791445 ], [ -80.1752079, 46.8793218 ], [ -80.1753904, 46.8792966 ], [ -80.1755854, 46.8789304 ], [ -80.1758383, 46.8789295 ], [ -80.1767198, 46.8784681 ], [ -80.1764496, 46.8776268 ], [ -80.1763664, 46.8775583 ], [ -80.1748556, 46.8782134 ], [ -80.1748418, 46.8782174 ], [ -80.1734701, 46.8782416 ], [ -80.1732179, 46.8784297 ], [ -80.1729477, 46.8788584 ], [ -80.1718786, 46.8790548 ], [ -80.1717353, 46.8791598 ], [ -80.1714214, 46.8796596 ], [ -80.1713726, 46.8797056 ], [ -80.1709433, 46.8800573 ], [ -80.1707061, 46.880202 ], [ -80.1700856, 46.8802568 ], [ -80.1697677, 46.88048 ], [ -80.1695963, 46.880782 ], [ -80.1695922, 46.8809097 ], [ -80.1694008, 46.8811535 ], [ -80.1688547, 46.8814953 ], [ -80.1688423, 46.8815122 ] ], [ [ -80.1902431, 46.8890263 ], [ -80.1902852, 46.8890412 ], [ -80.1903438, 46.8895468 ], [ -80.1902495, 46.8897422 ], [ -80.190467, 46.8906207 ], [ -80.190286, 46.8909121 ], [ -80.1897485, 46.8913838 ], [ -80.1893877, 46.8914993 ], [ -80.1892553, 46.8916885 ], [ -80.1892423, 46.8918422 ], [ -80.1895954, 46.8918263 ], [ -80.1898236, 46.8917076 ], [ -80.1901468, 46.8914302 ], [ -80.1909811, 46.8902552 ], [ -80.1914682, 46.8899678 ], [ -80.191661, 46.8895254 ], [ -80.19192, 46.8894731 ], [ -80.1921789, 46.8893043 ], [ -80.1929454, 46.8884517 ], [ -80.1930989, 46.8883449 ], [ -80.1931641, 46.8881972 ], [ -80.1936051, 46.8875382 ], [ -80.1944731, 46.8864971 ], [ -80.1943311, 46.8857866 ], [ -80.1930693, 46.8852608 ], [ -80.1924405, 46.8853785 ], [ -80.1923476, 46.8854185 ], [ -80.1923465, 46.8854182 ], [ -80.1923393, 46.8854221 ], [ -80.1914824, 46.885791 ], [ -80.1914273, 46.8878441 ], [ -80.1912901, 46.8879318 ], [ -80.1903225, 46.8879853 ], [ -80.1902618, 46.888122 ], [ -80.1902504, 46.8886751 ], [ -80.1902432, 46.8886781 ], [ -80.1902492, 46.8887301 ], [ -80.1902431, 46.8890263 ] ], [ [ -80.1662564, 46.8894587 ], [ -80.1665504, 46.8901762 ], [ -80.1665149, 46.890379 ], [ -80.1663591, 46.890667 ], [ -80.166328, 46.8908727 ], [ -80.1667722, 46.8910184 ], [ -80.1671973, 46.8913351 ], [ -80.1674161, 46.8913982 ], [ -80.1679155, 46.8912687 ], [ -80.1682163, 46.8913268 ], [ -80.1684586, 46.8914763 ], [ -80.1689483, 46.8918768 ], [ -80.1693262, 46.8920208 ], [ -80.1698023, 46.8919975 ], [ -80.1707529, 46.8916848 ], [ -80.170775, 46.8916667 ], [ -80.1713096, 46.8915829 ], [ -80.1709891, 46.8909258 ], [ -80.1689153, 46.889965 ], [ -80.1680856, 46.8892341 ], [ -80.1675943, 46.8881825 ], [ -80.1669946, 46.8879841 ], [ -80.1669145, 46.8880993 ], [ -80.1668788, 46.8883029 ], [ -80.1664378, 46.8888191 ], [ -80.1662564, 46.8894587 ] ], [ [ -80.1853517, 46.8947016 ], [ -80.1857904, 46.8947088 ], [ -80.1858951, 46.8945608 ], [ -80.1859738, 46.894372 ], [ -80.1855878, 46.8941351 ], [ -80.185266, 46.8941377 ], [ -80.1850601, 46.8942692 ], [ -80.1850622, 46.8943772 ], [ -80.1850423, 46.8945138 ], [ -80.1853517, 46.8947016 ] ], [ [ -80.1804039, 46.8974073 ], [ -80.1807236, 46.8971018 ], [ -80.1811518, 46.896869 ], [ -80.1812287, 46.8965699 ], [ -80.1810701, 46.8965257 ], [ -80.1808279, 46.8965688 ], [ -80.1806719, 46.8966718 ], [ -80.1800922, 46.8972649 ], [ -80.1800767, 46.897464 ], [ -80.1804039, 46.8974073 ] ], [ [ -80.1644239, 46.8992612 ], [ -80.1644886, 46.8990184 ], [ -80.1652826, 46.8990985 ], [ -80.1657699, 46.8991328 ], [ -80.1656703, 46.8992533 ], [ -80.1660464, 46.899287 ], [ -80.1664897, 46.8991834 ], [ -80.1672699, 46.8992382 ], [ -80.1676944, 46.8995095 ], [ -80.1680874, 46.8996102 ], [ -80.1682968, 46.8998551 ], [ -80.1685107, 46.8998166 ], [ -80.1685413, 46.8998 ], [ -80.1688158, 46.8999395 ], [ -80.1695384, 46.8992047 ], [ -80.1695449, 46.8990316 ], [ -80.1684628, 46.897948 ], [ -80.1672699, 46.897763 ], [ -80.1663129, 46.8986338 ], [ -80.1644461, 46.8983482 ], [ -80.1641725, 46.8984044 ], [ -80.1637997, 46.8987858 ], [ -80.1628183, 46.8993022 ], [ -80.1628811, 46.8994682 ], [ -80.1630879, 46.8995661 ], [ -80.1635586, 46.8995969 ], [ -80.1641341, 46.8994798 ], [ -80.1644239, 46.8992612 ] ], [ [ -80.1739921, 46.9007087 ], [ -80.1739629, 46.9004839 ], [ -80.1737863, 46.9002875 ], [ -80.1739399, 46.8997011 ], [ -80.1735518, 46.8991613 ], [ -80.172429, 46.8991986 ], [ -80.172365, 46.8996923 ], [ -80.1723569, 46.9000319 ], [ -80.172305, 46.9000583 ], [ -80.1723541, 46.9001492 ], [ -80.1723522, 46.900231 ], [ -80.1724065, 46.900246 ], [ -80.172517, 46.9004503 ], [ -80.1733033, 46.9008441 ], [ -80.1737191, 46.9008017 ], [ -80.1739921, 46.9007087 ] ], [ [ -80.1711116, 46.9087919 ], [ -80.1704785, 46.9094222 ], [ -80.1702348, 46.9099325 ], [ -80.1702189, 46.9110207 ], [ -80.1706198, 46.9110218 ], [ -80.1710539, 46.9105282 ], [ -80.1711541, 46.9105221 ], [ -80.1712796, 46.9104624 ], [ -80.1713331, 46.9104687 ], [ -80.1719814, 46.9107209 ], [ -80.1721695, 46.9121081 ], [ -80.172168, 46.9123829 ], [ -80.1734053, 46.9127034 ], [ -80.1734115, 46.9127318 ], [ -80.173669, 46.9128379 ], [ -80.1739719, 46.9128501 ], [ -80.1740706, 46.9128757 ], [ -80.1741454, 46.9128572 ], [ -80.1750937, 46.9128955 ], [ -80.1754361, 46.9127954 ], [ -80.1757289, 46.912568 ], [ -80.1754985, 46.912189 ], [ -80.1754441, 46.9118067 ], [ -80.1747469, 46.9109234 ], [ -80.1745678, 46.9102434 ], [ -80.174343, 46.9102069 ], [ -80.174326, 46.9101307 ], [ -80.1741937, 46.9100178 ], [ -80.1741811, 46.9099697 ], [ -80.1735698, 46.9093019 ], [ -80.1734614, 46.9088319 ], [ -80.1734144, 46.9081675 ], [ -80.1730953, 46.9079689 ], [ -80.1729747, 46.907931 ], [ -80.1728603, 46.9080682 ], [ -80.1728037, 46.9080773 ], [ -80.1728727, 46.9084185 ], [ -80.172872, 46.908434 ], [ -80.1728317, 46.908421 ], [ -80.1722336, 46.9083329 ], [ -80.1720312, 46.9084924 ], [ -80.1713429, 46.9086646 ], [ -80.1711116, 46.9087919 ] ], [ [ -80.1586606, 46.9149967 ], [ -80.1586116, 46.9147137 ], [ -80.1584016, 46.914432 ], [ -80.1580969, 46.9141532 ], [ -80.158076, 46.9141189 ], [ -80.1583592, 46.9141684 ], [ -80.1574819, 46.9130721 ], [ -80.1564091, 46.9125399 ], [ -80.1556229, 46.912531 ], [ -80.1543273, 46.9126408 ], [ -80.1541893, 46.9126916 ], [ -80.1541911, 46.9127113 ], [ -80.154073, 46.9127185 ], [ -80.1541128, 46.912835 ], [ -80.1540501, 46.9128615 ], [ -80.1541292, 46.9130577 ], [ -80.1542283, 46.9131211 ], [ -80.1543069, 46.9139855 ], [ -80.1540526, 46.9141269 ], [ -80.1540774, 46.9142868 ], [ -80.1543517, 46.914478 ], [ -80.1543948, 46.9149527 ], [ -80.1549725, 46.9151385 ], [ -80.1555833, 46.9152288 ], [ -80.1563696, 46.9152377 ], [ -80.1563857, 46.9151275 ], [ -80.1569544, 46.9152871 ], [ -80.1573072, 46.9154271 ], [ -80.1579915, 46.9153827 ], [ -80.1584834, 46.9151603 ], [ -80.1586606, 46.9149967 ] ], [ [ -80.1682285, 46.918076 ], [ -80.1680569, 46.9179367 ], [ -80.1672998, 46.9171273 ], [ -80.1672587, 46.9169373 ], [ -80.1676788, 46.916034 ], [ -80.1685804, 46.915594 ], [ -80.1687211, 46.9154655 ], [ -80.1687799, 46.9154432 ], [ -80.1688768, 46.9154006 ], [ -80.1699729, 46.9152431 ], [ -80.1703642, 46.9145002 ], [ -80.1709566, 46.9142574 ], [ -80.1710191, 46.9140384 ], [ -80.1717541, 46.9140021 ], [ -80.1715621, 46.9133595 ], [ -80.171587, 46.9132875 ], [ -80.1715164, 46.9133066 ], [ -80.1710002, 46.9131278 ], [ -80.1708013, 46.913123 ], [ -80.1702975, 46.9135952 ], [ -80.170191, 46.9136103 ], [ -80.169703, 46.913925 ], [ -80.1689723, 46.9141545 ], [ -80.1682168, 46.914829 ], [ -80.167131, 46.9146523 ], [ -80.1669969, 46.9145663 ], [ -80.1667979, 46.9145614 ], [ -80.1667471, 46.9145898 ], [ -80.1665073, 46.9145508 ], [ -80.1663886, 46.9146232 ], [ -80.1662189, 46.9150355 ], [ -80.1660185, 46.9154979 ], [ -80.1658744, 46.9155661 ], [ -80.1642439, 46.9152916 ], [ -80.1642118, 46.9160013 ], [ -80.1641655, 46.916058 ], [ -80.1639641, 46.9160985 ], [ -80.1628549, 46.9160826 ], [ -80.162754, 46.916039 ], [ -80.1624404, 46.9159788 ], [ -80.1623107, 46.9159959 ], [ -80.1622921, 46.9159822 ], [ -80.1622454, 46.9156537 ], [ -80.1621175, 46.9155596 ], [ -80.1609617, 46.9155364 ], [ -80.1607603, 46.9155769 ], [ -80.1606627, 46.9165144 ], [ -80.1605252, 46.916602 ], [ -80.1602793, 46.916617 ], [ -80.1600663, 46.9174623 ], [ -80.1588872, 46.9179303 ], [ -80.1586789, 46.9184923 ], [ -80.1599862, 46.9185035 ], [ -80.1601858, 46.9185452 ], [ -80.16024, 46.9193148 ], [ -80.1602268, 46.9203944 ], [ -80.1600792, 46.9215529 ], [ -80.1598893, 46.9217145 ], [ -80.1585171, 46.9221603 ], [ -80.1568251, 46.9223707 ], [ -80.1563219, 46.9228571 ], [ -80.1555003, 46.9226544 ], [ -80.1554491, 46.9226183 ], [ -80.1554576, 46.922533 ], [ -80.1558619, 46.9219846 ], [ -80.1556321, 46.9218372 ], [ -80.1553001, 46.9212514 ], [ -80.1548657, 46.9207681 ], [ -80.15473, 46.9205351 ], [ -80.1546294, 46.9198679 ], [ -80.1545136, 46.919739 ], [ -80.1542989, 46.9197407 ], [ -80.1542716, 46.9197484 ], [ -80.1542284, 46.9196742 ], [ -80.1519, 46.9192124 ], [ -80.1498403, 46.9180151 ], [ -80.1484623, 46.9179517 ], [ -80.1483895, 46.9179162 ], [ -80.1482458, 46.9179417 ], [ -80.1464691, 46.9178599 ], [ -80.1464498, 46.918031 ], [ -80.1463124, 46.9181186 ], [ -80.1448948, 46.9181167 ], [ -80.1443241, 46.9191055 ], [ -80.1440801, 46.9200008 ], [ -80.1440657, 46.9202735 ], [ -80.144398, 46.9203185 ], [ -80.1444649, 46.9205494 ], [ -80.1464289, 46.9205578 ], [ -80.147474, 46.9207465 ], [ -80.1475826, 46.9208192 ], [ -80.1472, 46.9219211 ], [ -80.1465545, 46.9227785 ], [ -80.1463858, 46.9232644 ], [ -80.1464106, 46.9234243 ], [ -80.1465384, 46.9235185 ], [ -80.1468342, 46.9235232 ], [ -80.1467785, 46.9237134 ], [ -80.1469763, 46.9238374 ], [ -80.1472037, 46.9238377 ], [ -80.1478062, 46.9239909 ], [ -80.1482421, 46.9238144 ], [ -80.1483176, 46.9238001 ], [ -80.1483478, 46.9240883 ], [ -80.1483364, 46.9243524 ], [ -80.1486687, 46.9243973 ], [ -80.1487357, 46.9246283 ], [ -80.1495221, 46.9246372 ], [ -80.1502446, 46.9245991 ], [ -80.1503102, 46.9243714 ], [ -80.1503424, 46.9242597 ], [ -80.1510863, 46.9241403 ], [ -80.1511439, 46.9241055 ], [ -80.1520204, 46.9241091 ], [ -80.1521218, 46.9241351 ], [ -80.1522273, 46.924207 ], [ -80.1522759, 46.9243196 ], [ -80.1522593, 46.925734 ], [ -80.1522606, 46.9260001 ], [ -80.1524947, 46.9260199 ], [ -80.1526226, 46.9261141 ], [ -80.1526326, 46.9270875 ], [ -80.1532937, 46.926975 ], [ -80.1534698, 46.9271047 ], [ -80.1536802, 46.9270381 ], [ -80.1539567, 46.9263956 ], [ -80.1543183, 46.9259319 ], [ -80.1543364, 46.9259166 ], [ -80.1546216, 46.9257521 ], [ -80.1546568, 46.9256824 ], [ -80.1550997, 46.9254541 ], [ -80.1557108, 46.9248111 ], [ -80.156151, 46.9246994 ], [ -80.1562088, 46.9246642 ], [ -80.1573998, 46.9244169 ], [ -80.1583954, 46.9242856 ], [ -80.1595038, 46.923366 ], [ -80.16164, 46.9236497 ], [ -80.1618197, 46.9236331 ], [ -80.1623289, 46.9222034 ], [ -80.1627749, 46.9218818 ], [ -80.1628785, 46.9216603 ], [ -80.1628972, 46.921645 ], [ -80.1629025, 46.9216089 ], [ -80.1631892, 46.9209959 ], [ -80.1633255, 46.9209383 ], [ -80.1636251, 46.9210118 ], [ -80.1640225, 46.9209848 ], [ -80.1642642, 46.9208115 ], [ -80.1654282, 46.9206561 ], [ -80.165905, 46.9208421 ], [ -80.1659725, 46.9209038 ], [ -80.1660977, 46.9218181 ], [ -80.1660707, 46.9222166 ], [ -80.1661897, 46.9224892 ], [ -80.1662467, 46.9229052 ], [ -80.1664859, 46.9234117 ], [ -80.1667655, 46.923611 ], [ -80.1668576, 46.9237288 ], [ -80.1673976, 46.9241009 ], [ -80.167565, 46.9241282 ], [ -80.1681468, 46.9243328 ], [ -80.1682591, 46.9244336 ], [ -80.1681354, 46.9254005 ], [ -80.1677431, 46.9254588 ], [ -80.167669, 46.9255568 ], [ -80.1676063, 46.9255832 ], [ -80.1676071, 46.9258126 ], [ -80.1680446, 46.9261101 ], [ -80.1680086, 46.9263912 ], [ -80.1689548, 46.9268834 ], [ -80.1690815, 46.9270792 ], [ -80.1693114, 46.9272266 ], [ -80.1696371, 46.9272521 ], [ -80.1696881, 46.9272298 ], [ -80.1697474, 46.9272425 ], [ -80.1698507, 46.9271586 ], [ -80.1701103, 46.9270449 ], [ -80.170631, 46.9266621 ], [ -80.1707501, 46.9264277 ], [ -80.1707719, 46.92641 ], [ -80.1707722, 46.9263842 ], [ -80.1708418, 46.9262472 ], [ -80.1709006, 46.9260001 ], [ -80.1707804, 46.9256142 ], [ -80.1707864, 46.9250556 ], [ -80.170216, 46.9243853 ], [ -80.1702882, 46.9242341 ], [ -80.1706664, 46.9243211 ], [ -80.1707302, 46.9241756 ], [ -80.1707072, 46.9233927 ], [ -80.1705419, 46.9233291 ], [ -80.1703923, 46.9233456 ], [ -80.170361, 46.922291 ], [ -80.170536, 46.9220723 ], [ -80.1706298, 46.9218401 ], [ -80.1704295, 46.9210283 ], [ -80.1701783, 46.920588 ], [ -80.1698466, 46.9198151 ], [ -80.1697019, 46.9191132 ], [ -80.1695361, 46.9190826 ], [ -80.1696029, 46.9190513 ], [ -80.1696474, 46.9188844 ], [ -80.1692251, 46.918559 ], [ -80.1682285, 46.918076 ] ], [ [ -80.1773016, 46.9234753 ], [ -80.1770994, 46.9245607 ], [ -80.1776233, 46.9243617 ], [ -80.1782996, 46.9234909 ], [ -80.1779673, 46.923446 ], [ -80.1779128, 46.9232172 ], [ -80.1773016, 46.9234753 ] ], [ [ -80.158075, 46.9271762 ], [ -80.1582517, 46.9271683 ], [ -80.1578929, 46.9251939 ], [ -80.157759, 46.9251171 ], [ -80.1569985, 46.9249566 ], [ -80.1565076, 46.92506 ], [ -80.1563388, 46.9251609 ], [ -80.1557977, 46.9260262 ], [ -80.1555031, 46.9265282 ], [ -80.1554959, 46.9266646 ], [ -80.1555629, 46.926703 ], [ -80.158075, 46.9271762 ] ], [ [ -80.1734289, 46.9273922 ], [ -80.1735856, 46.927326 ], [ -80.173594, 46.9272632 ], [ -80.1731209, 46.9263887 ], [ -80.1729786, 46.9263747 ], [ -80.1719482, 46.9266838 ], [ -80.1719467, 46.9269586 ], [ -80.1721166, 46.9274721 ], [ -80.1722162, 46.9275708 ], [ -80.1734289, 46.9273922 ] ], [ [ -80.1585837, 46.92868 ], [ -80.1587803, 46.9285378 ], [ -80.1590482, 46.9277655 ], [ -80.159027, 46.9276337 ], [ -80.1581662, 46.9273377 ], [ -80.1580715, 46.9273407 ], [ -80.1579407, 46.9274477 ], [ -80.1573177, 46.9285105 ], [ -80.1564887, 46.9289714 ], [ -80.1565122, 46.9290578 ], [ -80.1569297, 46.9292816 ], [ -80.1573308, 46.9292827 ], [ -80.1577853, 46.9288984 ], [ -80.1585837, 46.92868 ] ], [ [ -80.1365818, 46.9265252 ], [ -80.1370308, 46.9260296 ], [ -80.1370983, 46.9260234 ], [ -80.1373031, 46.9260285 ], [ -80.1375696, 46.9261087 ], [ -80.1377002, 46.9259686 ], [ -80.1384724, 46.9258983 ], [ -80.1387064, 46.9259181 ], [ -80.1388373, 46.9260037 ], [ -80.1388441, 46.9269858 ], [ -80.1404182, 46.9272699 ], [ -80.1407864, 46.9267751 ], [ -80.1408547, 46.9267451 ], [ -80.1412648, 46.9263352 ], [ -80.1412044, 46.9259312 ], [ -80.1410228, 46.9256449 ], [ -80.1407907, 46.9255401 ], [ -80.1407791, 46.9254218 ], [ -80.1403746, 46.9253942 ], [ -80.1403618, 46.9253904 ], [ -80.1403411, 46.9253919 ], [ -80.1398118, 46.9253557 ], [ -80.1396809, 46.9252702 ], [ -80.1396591, 46.9251017 ], [ -80.1389203, 46.9249951 ], [ -80.1389016, 46.9247398 ], [ -80.13874, 46.9247043 ], [ -80.138658, 46.9249018 ], [ -80.1386559, 46.9249569 ], [ -80.1376967, 46.9248184 ], [ -80.1376727, 46.9251581 ], [ -80.1375502, 46.9251245 ], [ -80.136961, 46.9252026 ], [ -80.1366667, 46.9251638 ], [ -80.1362886, 46.9252122 ], [ -80.1360305, 46.9253401 ], [ -80.1357223, 46.9253399 ], [ -80.1351663, 46.9255151 ], [ -80.1345331, 46.9256043 ], [ -80.1343931, 46.9258319 ], [ -80.134357, 46.9258415 ], [ -80.1340941, 46.925982 ], [ -80.1339897, 46.9261666 ], [ -80.1342192, 46.9263402 ], [ -80.134105, 46.9272215 ], [ -80.1346803, 46.9274528 ], [ -80.1348794, 46.9280354 ], [ -80.1361416, 46.9274069 ], [ -80.1368684, 46.9272412 ], [ -80.1367948, 46.9270753 ], [ -80.1368527, 46.9270553 ], [ -80.1368599, 46.9269189 ], [ -80.1366223, 46.9266862 ], [ -80.1365872, 46.9266071 ], [ -80.1365818, 46.9265252 ] ], [ [ -80.151754, 46.9298505 ], [ -80.1518993, 46.9298559 ], [ -80.1519457, 46.9297993 ], [ -80.1524, 46.9286448 ], [ -80.1514301, 46.9284318 ], [ -80.1509244, 46.9293487 ], [ -80.1509142, 46.9294937 ], [ -80.151754, 46.9298505 ] ], [ [ -80.134741, 46.9342107 ], [ -80.1349207, 46.9341941 ], [ -80.1352072, 46.9339474 ], [ -80.1352585, 46.9336074 ], [ -80.1349352, 46.9331513 ], [ -80.13491, 46.9331434 ], [ -80.1347856, 46.9328885 ], [ -80.1324651, 46.9323634 ], [ -80.1323107, 46.932384 ], [ -80.1319452, 46.9330121 ], [ -80.1319511, 46.9330333 ], [ -80.1318059, 46.9331819 ], [ -80.1319229, 46.9333843 ], [ -80.132353, 46.9334178 ], [ -80.1328828, 46.933487 ], [ -80.1340329, 46.9338548 ], [ -80.134741, 46.9342107 ] ], [ [ -80.1351687, 46.9350597 ], [ -80.1363239, 46.9353948 ], [ -80.1364747, 46.935346 ], [ -80.1367449, 46.9350692 ], [ -80.1364125, 46.9350241 ], [ -80.1363352, 46.9343606 ], [ -80.13629, 46.9342982 ], [ -80.1360934, 46.9342478 ], [ -80.135235, 46.9342912 ], [ -80.1351687, 46.9350597 ] ], [ [ -80.1550017, 46.9355318 ], [ -80.1559219, 46.9348473 ], [ -80.1560774, 46.9335892 ], [ -80.1544441, 46.9337449 ], [ -80.1533136, 46.93357 ], [ -80.1534248, 46.9339823 ], [ -80.1538797, 46.9341756 ], [ -80.1539889, 46.934285 ], [ -80.1541877, 46.9361418 ], [ -80.1543156, 46.936236 ], [ -80.1546233, 46.9363136 ], [ -80.1547264, 46.9362479 ], [ -80.1550017, 46.9355318 ] ], [ [ -80.1243397, 46.9349161 ], [ -80.1238567, 46.9353325 ], [ -80.1237167, 46.9360431 ], [ -80.1249044, 46.9360536 ], [ -80.125, 46.9361384 ], [ -80.1252246, 46.9361058 ], [ -80.1254849, 46.9359387 ], [ -80.1261226, 46.9357047 ], [ -80.1264928, 46.9352583 ], [ -80.1264935, 46.9352144 ], [ -80.1266611, 46.9351207 ], [ -80.1266985, 46.9348976 ], [ -80.1265033, 46.9346076 ], [ -80.1265116, 46.9340878 ], [ -80.1264525, 46.9339498 ], [ -80.1262529, 46.933908 ], [ -80.125, 46.9338985 ], [ -80.1245441, 46.9338951 ], [ -80.1244503, 46.9345723 ], [ -80.1243768, 46.9346838 ], [ -80.1243732, 46.9348483 ], [ -80.1243397, 46.9349161 ] ], [ [ -80.1223083, 46.935474 ], [ -80.1226184, 46.9353138 ], [ -80.1226661, 46.9351382 ], [ -80.1226184, 46.9351212 ], [ -80.1222456, 46.9351154 ], [ -80.1220182, 46.9353075 ], [ -80.12202, 46.9354178 ], [ -80.1221062, 46.9354777 ], [ -80.1221382, 46.9355013 ], [ -80.1223083, 46.935474 ] ], [ [ -80.1513569, 46.9349657 ], [ -80.1513424, 46.9348533 ], [ -80.1511608, 46.9347596 ], [ -80.1508718, 46.9346667 ], [ -80.1505142, 46.9348101 ], [ -80.1501054, 46.9352936 ], [ -80.1498901, 46.9354511 ], [ -80.1497454, 46.935675 ], [ -80.1494541, 46.9358201 ], [ -80.1488213, 46.9357537 ], [ -80.1481499, 46.9356443 ], [ -80.1478736, 46.9355535 ], [ -80.1471853, 46.9355697 ], [ -80.1465635, 46.9357801 ], [ -80.1463301, 46.9359896 ], [ -80.1463224, 46.9362817 ], [ -80.1464816, 46.9363627 ], [ -80.1470565, 46.9361721 ], [ -80.1474576, 46.9361733 ], [ -80.1481737, 46.9365009 ], [ -80.1486208, 46.9366012 ], [ -80.1490442, 46.9366152 ], [ -80.1501348, 46.9364811 ], [ -80.1504599, 46.9362773 ], [ -80.1505013, 46.9359265 ], [ -80.150877, 46.9355385 ], [ -80.1512352, 46.9352393 ], [ -80.1513569, 46.9349657 ] ], [ [ -80.1218572, 46.9372709 ], [ -80.1221076, 46.9371284 ], [ -80.1221686, 46.9369916 ], [ -80.1220335, 46.9368412 ], [ -80.1218332, 46.9367627 ], [ -80.1216124, 46.9369742 ], [ -80.1216654, 46.9371296 ], [ -80.1218192, 46.9372647 ], [ -80.1218572, 46.9372709 ] ], [ [ -80.1233807, 46.9414348 ], [ -80.1229894, 46.9413496 ], [ -80.1228476, 46.9408893 ], [ -80.1226026, 46.9407851 ], [ -80.1214661, 46.9406272 ], [ -80.1204941, 46.9408812 ], [ -80.1204788, 46.9416947 ], [ -80.1204512, 46.9433132 ], [ -80.1218745, 46.9432245 ], [ -80.1224278, 46.9430581 ], [ -80.1226209, 46.9428879 ], [ -80.1232384, 46.9424549 ], [ -80.1233556, 46.9423024 ], [ -80.1234397, 46.9421649 ], [ -80.123515, 46.9419364 ], [ -80.1235315, 46.9415786 ], [ -80.1233807, 46.9414348 ] ], [ [ -80.1084691, 46.95027 ], [ -80.1086761, 46.9501754 ], [ -80.1095216, 46.9499008 ], [ -80.1095265, 46.9498099 ], [ -80.1094535, 46.9497888 ], [ -80.1091767, 46.9494685 ], [ -80.1089393, 46.9489937 ], [ -80.1089212, 46.948895 ], [ -80.1089134, 46.9488928 ], [ -80.1088604, 46.9486466 ], [ -80.108528, 46.9484089 ], [ -80.1083059, 46.9485469 ], [ -80.1082165, 46.9486882 ], [ -80.1082005, 46.9487 ], [ -80.1073847, 46.9486507 ], [ -80.1072349, 46.9485462 ], [ -80.1068898, 46.948499 ], [ -80.1067172, 46.9485717 ], [ -80.1067127, 46.9486101 ], [ -80.1065597, 46.9486009 ], [ -80.1066882, 46.9488722 ], [ -80.1069055, 46.9494919 ], [ -80.1070532, 46.9496444 ], [ -80.1070541, 46.9496447 ], [ -80.1071153, 46.9497738 ], [ -80.1074237, 46.9498021 ], [ -80.1080557, 46.9503033 ], [ -80.1083116, 46.9502993 ], [ -80.1084691, 46.95027 ] ], [ [ -80.1171337, 46.9531151 ], [ -80.1175634, 46.9531119 ], [ -80.1178483, 46.9529475 ], [ -80.1179696, 46.9528297 ], [ -80.117571, 46.9522053 ], [ -80.1172669, 46.9519631 ], [ -80.1169676, 46.9518226 ], [ -80.1168814, 46.9518027 ], [ -80.1166757, 46.9515457 ], [ -80.1163728, 46.951377 ], [ -80.1158266, 46.9515996 ], [ -80.1154891, 46.9522231 ], [ -80.1155759, 46.9523198 ], [ -80.1161835, 46.9525749 ], [ -80.1163451, 46.9529955 ], [ -80.1167725, 46.9529081 ], [ -80.1168091, 46.9529704 ], [ -80.1171337, 46.9531151 ] ], [ [ -80.1221077, 46.9619504 ], [ -80.1225091, 46.9619517 ], [ -80.122957, 46.9617038 ], [ -80.1233103, 46.9608811 ], [ -80.1221345, 46.9608727 ], [ -80.1221282, 46.9611252 ], [ -80.1217058, 46.9615272 ], [ -80.1216871, 46.961735 ], [ -80.1217511, 46.9617822 ], [ -80.122115, 46.9616575 ], [ -80.1221077, 46.9619504 ] ], [ [ -80.1184694, 46.9675926 ], [ -80.1200467, 46.9676023 ], [ -80.1212353, 46.9676128 ], [ -80.1215929, 46.9666624 ], [ -80.1215718, 46.9665306 ], [ -80.1213968, 46.9664562 ], [ -80.1202294, 46.9661924 ], [ -80.11927, 46.9670629 ], [ -80.1192041, 46.9672906 ], [ -80.1185352, 46.9673649 ], [ -80.1184694, 46.9675926 ] ] ] } },
{ "type": "Feature", "properties": { "element": "relation", "id": 5644589, "natural": "wood", "source": "NRCan-CanVec-10.0", "type": "multipolygon" }, "geometry": { "type": "Polygon", "coordinates": [ [ [ -80.0282719, 46.9999912 ], [ -80.0277961, 46.9996654 ], [ -80.0266836, 46.9994137 ], [ -80.0266991, 46.9990342 ], [ -80.0269717, 46.998842 ], [ -80.027481, 46.9986763 ], [ -80.0274849, 46.9986785 ], [ -80.0276873, 46.9986751 ], [ -80.0277268, 46.9985963 ], [ -80.0281524, 46.9984578 ], [ -80.0288153, 46.9965665 ], [ -80.0288299, 46.9960276 ], [ -80.029023, 46.995362 ], [ -80.0294925, 46.995017 ], [ -80.0299229, 46.9941335 ], [ -80.0316204, 46.9927331 ], [ -80.0318004, 46.9927167 ], [ -80.0330121, 46.9929706 ], [ -80.0336002, 46.993856 ], [ -80.033798, 46.9939802 ], [ -80.0353295, 46.9935892 ], [ -80.0358164, 46.9924673 ], [ -80.0360122, 46.9924443 ], [ -80.0375702, 46.9925897 ], [ -80.0386215, 46.9926888 ], [ -80.0388153, 46.992748 ], [ -80.0388321, 46.992815 ], [ -80.038596, 46.9934888 ], [ -80.0385407, 46.9934553 ], [ -80.0382339, 46.9934509 ], [ -80.0377405, 46.9938673 ], [ -80.0375546, 46.9939358 ], [ -80.0371241, 46.9941312 ], [ -80.0375377, 46.9947495 ], [ -80.03832, 46.9952723 ], [ -80.0370134, 46.9961314 ], [ -80.0368991, 46.9967809 ], [ -80.0368524, 46.9968206 ], [ -80.0368074, 46.9972169 ], [ -80.0368108, 46.9972823 ], [ -80.0366885, 46.9979772 ], [ -80.0371758, 46.9979814 ], [ -80.0376929, 46.998096 ], [ -80.0380399, 46.9982539 ], [ -80.0379455, 46.9979879 ], [ -80.0383999, 46.9979918 ], [ -80.0385967, 46.9980424 ], [ -80.0386726, 46.9987062 ], [ -80.0388035, 46.9987919 ], [ -80.0390378, 46.998812 ], [ -80.0394975, 46.9991075 ], [ -80.0398188, 47.0 ], [ -80.040115, 47.0 ], [ -80.0401356, 47.0001571 ], [ -80.0399792, 47.0007186 ], [ -80.0392177, 47.0005571 ], [ -80.0391548, 47.0005835 ], [ -80.0394487, 47.0010078 ], [ -80.0394965, 47.0012542 ], [ -80.0393173, 47.0019954 ], [ -80.0392942, 47.0023678 ], [ -80.0393395, 47.0026596 ], [ -80.0393882, 47.0027502 ], [ -80.0398865, 47.0030887 ], [ -80.0399226, 47.0031772 ], [ -80.0407097, 47.0038017 ], [ -80.0409584, 47.0041636 ], [ -80.0411479, 47.0045799 ], [ -80.0413733, 47.0048554 ], [ -80.0415927, 47.0053776 ], [ -80.0416228, 47.0057128 ], [ -80.041453, 47.0060061 ], [ -80.0412248, 47.0061981 ], [ -80.0406436, 47.006479 ], [ -80.0406743, 47.006851 ], [ -80.0405845, 47.0069922 ], [ -80.0402027, 47.0072783 ], [ -80.0401596, 47.007363 ], [ -80.0400561, 47.0074286 ], [ -80.0398694, 47.0074255 ], [ -80.0397796, 47.0073374 ], [ -80.0398658, 47.007168 ], [ -80.0396968, 47.0070761 ], [ -80.0394406, 47.00708 ], [ -80.0390317, 47.0070221 ], [ -80.0388775, 47.0070794 ], [ -80.0390015, 47.0075676 ], [ -80.0389626, 47.0079466 ], [ -80.0387106, 47.0082447 ], [ -80.0384946, 47.008402 ], [ -80.0383591, 47.008444 ], [ -80.0379847, 47.0083643 ], [ -80.0378523, 47.0083976 ], [ -80.0377717, 47.0085128 ], [ -80.037623, 47.008516 ], [ -80.0367757, 47.0083312 ], [ -80.0362973, 47.0082803 ], [ -80.0359442, 47.0083692 ], [ -80.035431, 47.0087621 ], [ -80.035223, 47.0088198 ], [ -80.0351088, 47.0088011 ], [ -80.0348683, 47.0085689 ], [ -80.0347922, 47.0085565 ], [ -80.0344452, 47.008628 ], [ -80.0342347, 47.0087311 ], [ -80.0341043, 47.0089116 ], [ -80.0342277, 47.0091337 ], [ -80.0344469, 47.0091971 ], [ -80.0348644, 47.0091922 ], [ -80.0351405, 47.0092466 ], [ -80.0356555, 47.0094228 ], [ -80.0358204, 47.0094499 ], [ -80.0361166, 47.00937 ], [ -80.0363637, 47.0093922 ], [ -80.0365713, 47.0095271 ], [ -80.0367047, 47.0095673 ], [ -80.0369954, 47.0095416 ], [ -80.0373769, 47.0094482 ], [ -80.0376113, 47.0094682 ], [ -80.0378701, 47.0096483 ], [ -80.0380441, 47.0096493 ], [ -80.0381176, 47.0094779 ], [ -80.0382754, 47.0094487 ], [ -80.0385428, 47.0095659 ], [ -80.038665, 47.009485 ], [ -80.0386538, 47.0093639 ], [ -80.0387527, 47.0091966 ], [ -80.0388308, 47.0091269 ], [ -80.0389069, 47.0091393 ], [ -80.0390251, 47.0092229 ], [ -80.0390674, 47.0095235 ], [ -80.0391288, 47.0096161 ], [ -80.0391309, 47.0097632 ], [ -80.0390716, 47.0098177 ], [ -80.0390701, 47.0099368 ], [ -80.0393752, 47.0102528 ], [ -80.0396196, 47.0109718 ], [ -80.0397445, 47.0110749 ], [ -80.0399058, 47.0110738 ], [ -80.0400459, 47.0111334 ], [ -80.0403319, 47.0118868 ], [ -80.0406691, 47.0124558 ], [ -80.0404999, 47.0130153 ], [ -80.0406598, 47.0131332 ], [ -80.0407927, 47.0131367 ], [ -80.0411913, 47.0126882 ], [ -80.0418648, 47.0122206 ], [ -80.0420515, 47.0122237 ], [ -80.0421947, 47.0122746 ], [ -80.0422434, 47.0123652 ], [ -80.0422151, 47.0125991 ], [ -80.0423695, 47.0127712 ], [ -80.0424157, 47.0129072 ], [ -80.0423724, 47.0134139 ], [ -80.0422027, 47.0139366 ], [ -80.0421378, 47.0140452 ], [ -80.0421131, 47.0143072 ], [ -80.0420457, 47.0144613 ], [ -80.0420454, 47.0148833 ], [ -80.0422101, 47.0153324 ], [ -80.0421939, 47.0155316 ], [ -80.0419164, 47.0155962 ], [ -80.0418546, 47.0156961 ], [ -80.0419467, 47.0161608 ], [ -80.0423528, 47.0164567 ], [ -80.0424437, 47.0166184 ], [ -80.0424134, 47.0169346 ], [ -80.042448, 47.0171421 ], [ -80.0425359, 47.0173125 ], [ -80.0427024, 47.0174499 ], [ -80.0427046, 47.017597 ], [ -80.042487, 47.0178733 ], [ -80.0421335, 47.0181548 ], [ -80.041825, 47.0182694 ], [ -80.0415652, 47.0182452 ], [ -80.0406593, 47.0179591 ], [ -80.0402574, 47.0179575 ], [ -80.0400367, 47.0180131 ], [ -80.0399083, 47.0181113 ], [ -80.0397248, 47.018329 ], [ -80.0394864, 47.0187028 ], [ -80.0394794, 47.018876 ], [ -80.0395277, 47.0189297 ], [ -80.0398686, 47.0188755 ], [ -80.040025, 47.0189654 ], [ -80.0402816, 47.0196497 ], [ -80.0403102, 47.0201039 ], [ -80.0403601, 47.0202681 ], [ -80.0405073, 47.020384 ], [ -80.0405627, 47.020494 ], [ -80.0405176, 47.0206609 ], [ -80.0404339, 47.0207848 ], [ -80.0394337, 47.0218779 ], [ -80.0389297, 47.0227036 ], [ -80.0387249, 47.0232114 ], [ -80.0386864, 47.0233978 ], [ -80.0386367, 47.023463 ], [ -80.0385522, 47.0239722 ], [ -80.0385852, 47.0240693 ], [ -80.0385477, 47.0240999 ], [ -80.0385832, 47.0241516 ], [ -80.0385523, 47.0242016 ], [ -80.0386358, 47.0247291 ], [ -80.0383858, 47.0251744 ], [ -80.0382119, 47.0256322 ], [ -80.0381279, 47.0261781 ], [ -80.0381231, 47.0267279 ], [ -80.0382213, 47.0271752 ], [ -80.0383006, 47.0274084 ], [ -80.0382968, 47.0280317 ], [ -80.03834, 47.0281764 ], [ -80.0386741, 47.0285248 ], [ -80.0386362, 47.0287479 ], [ -80.0386576, 47.0289166 ], [ -80.0388785, 47.0290904 ], [ -80.0388466, 47.0292963 ], [ -80.0387046, 47.0295482 ], [ -80.0385414, 47.0300904 ], [ -80.0384242, 47.0303098 ], [ -80.0384503, 47.0305801 ], [ -80.0388448, 47.0309476 ], [ -80.0389273, 47.0314015 ], [ -80.0388761, 47.0315858 ], [ -80.0388701, 47.0318325 ], [ -80.0385634, 47.0325163 ], [ -80.0383738, 47.0332101 ], [ -80.0382871, 47.0333427 ], [ -80.0381526, 47.0334583 ], [ -80.0380324, 47.0336864 ], [ -80.0380361, 47.0339439 ], [ -80.0378413, 47.0342698 ], [ -80.0378377, 47.0351226 ], [ -80.0377917, 47.0356748 ], [ -80.0376397, 47.0363381 ], [ -80.0374511, 47.036876 ], [ -80.0369407, 47.0374898 ], [ -80.0369083, 47.0376588 ], [ -80.0368489, 47.0377133 ], [ -80.036698, 47.0386796 ], [ -80.0367379, 47.039255 ], [ -80.0369046, 47.0396218 ], [ -80.0374099, 47.0399799 ], [ -80.0374379, 47.040168 ], [ -80.0376395, 47.0403203 ], [ -80.0379411, 47.0403789 ], [ -80.0381579, 47.0404879 ], [ -80.0382423, 47.0406301 ], [ -80.0379951, 47.0408374 ], [ -80.0377484, 47.040852 ], [ -80.0375529, 47.0409118 ], [ -80.0374327, 47.0411398 ], [ -80.0372764, 47.0412794 ], [ -80.0372719, 47.0414071 ], [ -80.0374075, 47.0415945 ], [ -80.0375995, 47.0417361 ], [ -80.0378798, 47.0418554 ], [ -80.0390214, 47.0421984 ], [ -80.0392707, 47.0423677 ], [ -80.0392353, 47.0425454 ], [ -80.0392866, 47.0425905 ], [ -80.0392821, 47.0427183 ], [ -80.0394015, 47.0428754 ], [ -80.0394411, 47.0429921 ], [ -80.0393158, 47.0430816 ], [ -80.0391579, 47.0431108 ], [ -80.0379744, 47.0431555 ], [ -80.0374388, 47.043343 ], [ -80.037048, 47.0436919 ], [ -80.0369018, 47.043879 ], [ -80.0366761, 47.044255 ], [ -80.0362921, 47.0453116 ], [ -80.0360084, 47.0456229 ], [ -80.0358917, 47.0456497 ], [ -80.0358739, 47.0457386 ], [ -80.0357861, 47.0457976 ], [ -80.0357186, 47.0459517 ], [ -80.0355914, 47.0465824 ], [ -80.0351632, 47.0474206 ], [ -80.0348292, 47.0477605 ], [ -80.0342779, 47.048184 ], [ -80.0341384, 47.0483906 ], [ -80.0342979, 47.0487012 ], [ -80.034293, 47.0490216 ], [ -80.034257, 47.0491625 ], [ -80.0335734, 47.0503076 ], [ -80.0334846, 47.0505225 ], [ -80.0332323, 47.0508207 ], [ -80.0331491, 47.0509814 ], [ -80.0329084, 47.0512081 ], [ -80.0322743, 47.0515997 ], [ -80.0318232, 47.0526178 ], [ -80.0314868, 47.0536914 ], [ -80.0315117, 47.0538882 ], [ -80.0316113, 47.0539871 ], [ -80.0320222, 47.0541554 ], [ -80.0321188, 47.054263 ], [ -80.0321442, 47.0544965 ], [ -80.0320585, 47.0547027 ], [ -80.0316562, 47.0547011 ], [ -80.0314805, 47.0548191 ], [ -80.0313334, 47.055162 ], [ -80.0314229, 47.0556723 ], [ -80.0313935, 47.0558326 ], [ -80.0312214, 47.0559788 ], [ -80.0311752, 47.0560721 ], [ -80.03122, 47.0565567 ], [ -80.0313558, 47.0569735 ], [ -80.0315417, 47.0571325 ], [ -80.031721, 47.0570425 ], [ -80.0319418, 47.0567575 ], [ -80.0323089, 47.0565149 ], [ -80.0325903, 47.0564784 ], [ -80.0326919, 47.056495 ], [ -80.0328108, 47.0566154 ], [ -80.0328998, 47.0570889 ], [ -80.0332246, 47.057656 ], [ -80.0333056, 47.0584585 ], [ -80.0334296, 47.0587174 ], [ -80.0335678, 47.0588593 ], [ -80.0336892, 47.0589343 ], [ -80.0338035, 47.058953 ], [ -80.0342377, 47.0587488 ], [ -80.0345094, 47.0587016 ], [ -80.0346491, 47.0587244 ], [ -80.0349843, 47.0586876 ], [ -80.0353205, 47.0584949 ], [ -80.0356551, 47.0581918 ], [ -80.0358632, 47.0579047 ], [ -80.0360245, 47.0574448 ], [ -80.036023, 47.0573344 ], [ -80.03593, 47.0572549 ], [ -80.035748, 47.0569315 ], [ -80.0357134, 47.0567239 ], [ -80.0359018, 47.056608 ], [ -80.0361608, 47.0565586 ], [ -80.0366362, 47.0565814 ], [ -80.0367859, 47.0564224 ], [ -80.036857, 47.0562964 ], [ -80.0371642, 47.0560714 ], [ -80.0377045, 47.0559856 ], [ -80.0381316, 47.0559546 ], [ -80.0384486, 47.0559698 ], [ -80.0388717, 47.0561034 ], [ -80.0394239, 47.0564049 ], [ -80.039618, 47.0564642 ], [ -80.0397596, 47.0564048 ], [ -80.0395848, 47.0561376 ], [ -80.0395913, 47.0559276 ], [ -80.0397562, 47.0557252 ], [ -80.03997, 47.0556133 ], [ -80.0413112, 47.0555026 ], [ -80.0416489, 47.0554203 ], [ -80.0421932, 47.0551699 ], [ -80.0424623, 47.0549387 ], [ -80.0425541, 47.0547151 ], [ -80.0425462, 47.0541632 ], [ -80.0424377, 47.0536683 ], [ -80.0422984, 47.0534528 ], [ -80.042142, 47.053363 ], [ -80.0419358, 47.0533384 ], [ -80.0413838, 47.0534957 ], [ -80.041232, 47.0535076 ], [ -80.040975, 47.0534747 ], [ -80.0404884, 47.0533307 ], [ -80.0399174, 47.0530445 ], [ -80.0392966, 47.0525942 ], [ -80.0391346, 47.0525584 ], [ -80.0387698, 47.0522968 ], [ -80.0386717, 47.0520789 ], [ -80.0387325, 47.0519053 ], [ -80.0387177, 47.0517561 ], [ -80.0387827, 47.0516474 ], [ -80.0387704, 47.0514527 ], [ -80.0382508, 47.0512116 ], [ -80.0382242, 47.0509044 ], [ -80.0382577, 47.050809 ], [ -80.038251, 47.0505601 ], [ -80.037974, 47.05001 ], [ -80.0380124, 47.0495942 ], [ -80.0380591, 47.0495376 ], [ -80.0379671, 47.0493023 ], [ -80.0376023, 47.0490407 ], [ -80.0375621, 47.0488873 ], [ -80.0376296, 47.0487332 ], [ -80.038121, 47.0483273 ], [ -80.0383113, 47.0481291 ], [ -80.0383366, 47.0479038 ], [ -80.0384015, 47.0477952 ], [ -80.0384338, 47.0473967 ], [ -80.0385215, 47.0471083 ], [ -80.0384888, 47.0465891 ], [ -80.0384364, 47.0464704 ], [ -80.0384027, 47.0458776 ], [ -80.0384426, 47.0455721 ], [ -80.0385968, 47.0452854 ], [ -80.0387725, 47.0451673 ], [ -80.0389842, 47.0451378 ], [ -80.039241, 47.0449413 ], [ -80.0395493, 47.0441384 ], [ -80.0400143, 47.0438843 ], [ -80.0400818, 47.0437301 ], [ -80.0400736, 47.0436003 ], [ -80.0397662, 47.0431371 ], [ -80.0397269, 47.0428278 ], [ -80.0397824, 47.042057 ], [ -80.0399187, 47.0416297 ], [ -80.0398323, 47.0413402 ], [ -80.0399474, 47.0412031 ], [ -80.039958, 47.041058 ], [ -80.0397412, 47.0409491 ], [ -80.0389724, 47.0407681 ], [ -80.0387551, 47.0406224 ], [ -80.0387281, 47.0405079 ], [ -80.0390291, 47.0403002 ], [ -80.0394448, 47.0401481 ], [ -80.0401143, 47.0398082 ], [ -80.0404142, 47.039527 ], [ -80.0405907, 47.0392531 ], [ -80.0406126, 47.0383483 ], [ -80.0405867, 47.0383073 ], [ -80.0406267, 47.0382313 ], [ -80.0405785, 47.0381775 ], [ -80.0406287, 47.0381491 ], [ -80.040587, 47.0378853 ], [ -80.040171, 47.0375786 ], [ -80.0399052, 47.0369203 ], [ -80.0397523, 47.0368585 ], [ -80.0395619, 47.0368273 ], [ -80.039338, 47.0366622 ], [ -80.0391525, 47.0363106 ], [ -80.038925, 47.0361174 ], [ -80.0387309, 47.0358287 ], [ -80.0386211, 47.0354528 ], [ -80.0385625, 47.0348927 ], [ -80.0385836, 47.0346025 ], [ -80.0385349, 47.0345119 ], [ -80.0385734, 47.0343256 ], [ -80.0385317, 47.0342912 ], [ -80.0387056, 47.0338334 ], [ -80.0389141, 47.0335831 ], [ -80.0394967, 47.0331464 ], [ -80.0399311, 47.032979 ], [ -80.0403524, 47.0330021 ], [ -80.0407652, 47.0330881 ], [ -80.041246, 47.0332862 ], [ -80.0418008, 47.0333495 ], [ -80.0424913, 47.0336003 ], [ -80.0427482, 47.0336332 ], [ -80.0429649, 47.0335127 ], [ -80.0433064, 47.0332658 ], [ -80.0437548, 47.0327521 ], [ -80.0439201, 47.0323571 ], [ -80.0439351, 47.0320843 ], [ -80.0438077, 47.0320267 ], [ -80.0436397, 47.0320084 ], [ -80.0434731, 47.031871 ], [ -80.043503, 47.0317474 ], [ -80.0437293, 47.0316377 ], [ -80.0436932, 47.0315492 ], [ -80.0434262, 47.0314687 ], [ -80.0432758, 47.0313615 ], [ -80.0432559, 47.0310738 ], [ -80.0433668, 47.0306424 ], [ -80.0433464, 47.0305473 ], [ -80.0439319, 47.0301019 ], [ -80.0440029, 47.0299759 ], [ -80.0440321, 47.0295861 ], [ -80.0439289, 47.0292297 ], [ -80.0442633, 47.029156 ], [ -80.0444449, 47.0290206 ], [ -80.0445965, 47.0287794 ], [ -80.044785, 47.0282414 ], [ -80.0448565, 47.0281522 ], [ -80.0449031, 47.0278662 ], [ -80.0448578, 47.0278038 ], [ -80.044907, 47.0277017 ], [ -80.0448652, 47.027438 ], [ -80.0444408, 47.0271941 ], [ -80.0442667, 47.0271931 ], [ -80.0441921, 47.027291 ], [ -80.0440975, 47.0277526 ], [ -80.0441077, 47.0278001 ], [ -80.0443432, 47.0278938 ], [ -80.0443682, 47.0280906 ], [ -80.0437853, 47.0284905 ], [ -80.043447, 47.0289581 ], [ -80.0434323, 47.0290383 ], [ -80.0432634, 47.0291758 ], [ -80.0430564, 47.029307 ], [ -80.0427823, 47.0293997 ], [ -80.0422479, 47.0294315 ], [ -80.0420318, 47.0295887 ], [ -80.0418553, 47.0298626 ], [ -80.0418427, 47.0300899 ], [ -80.0420849, 47.030203 ], [ -80.042422, 47.0303133 ], [ -80.0426088, 47.0303164 ], [ -80.0427504, 47.030257 ], [ -80.0428767, 47.030241 ], [ -80.0430326, 47.030294 ], [ -80.0430529, 47.0303891 ], [ -80.042773, 47.0307286 ], [ -80.0427509, 47.0311746 ], [ -80.0425951, 47.031351 ], [ -80.0427617, 47.0314883 ], [ -80.042712, 47.0315536 ], [ -80.0425202, 47.0316415 ], [ -80.041673, 47.0317229 ], [ -80.0414401, 47.0318132 ], [ -80.0415012, 47.0320985 ], [ -80.041418, 47.0322592 ], [ -80.0412099, 47.0323168 ], [ -80.0406561, 47.032327 ], [ -80.0403673, 47.0322705 ], [ -80.0400708, 47.032121 ], [ -80.0398819, 47.0319708 ], [ -80.0398689, 47.0315099 ], [ -80.0401813, 47.0310014 ], [ -80.0405973, 47.0304272 ], [ -80.0408382, 47.0300079 ], [ -80.0409259, 47.0299489 ], [ -80.0411823, 47.029945 ], [ -80.0412949, 47.0298534 ], [ -80.0413461, 47.0296691 ], [ -80.0411729, 47.0295123 ], [ -80.0408414, 47.0293478 ], [ -80.0407981, 47.0292031 ], [ -80.0406691, 47.0290352 ], [ -80.0403402, 47.0290547 ], [ -80.0400737, 47.029011 ], [ -80.0397671, 47.028814 ], [ -80.0397954, 47.0285801 ], [ -80.0398329, 47.0285495 ], [ -80.039748, 47.028141 ], [ -80.0393522, 47.0274706 ], [ -80.039216, 47.0270171 ], [ -80.0392066, 47.0265843 ], [ -80.0393091, 47.0264451 ], [ -80.0393912, 47.0262108 ], [ -80.0399704, 47.025324 ], [ -80.0400544, 47.0250074 ], [ -80.0398935, 47.0248159 ], [ -80.0398453, 47.0238813 ], [ -80.0399132, 47.023764 ], [ -80.0400294, 47.0237004 ], [ -80.0403938, 47.0237326 ], [ -80.0406829, 47.0233671 ], [ -80.0407768, 47.0232907 ], [ -80.0410071, 47.0232459 ], [ -80.0411751, 47.0232643 ], [ -80.0413456, 47.0232372 ], [ -80.0416495, 47.0230209 ], [ -80.0421846, 47.0223745 ], [ -80.0424812, 47.0218726 ], [ -80.0427018, 47.0215876 ], [ -80.0430943, 47.0211565 ], [ -80.0437111, 47.0206979 ], [ -80.043948, 47.0204431 ], [ -80.0445234, 47.0195281 ], [ -80.0447382, 47.0190679 ], [ -80.0449452, 47.0189366 ], [ -80.0450848, 47.0189595 ], [ -80.0452025, 47.0190063 ], [ -80.0452999, 47.0189581 ], [ -80.0453831, 47.0187974 ], [ -80.045389, 47.0185506 ], [ -80.0452457, 47.0182702 ], [ -80.0453089, 47.0178218 ], [ -80.0454615, 47.0176542 ], [ -80.0460443, 47.0172542 ], [ -80.0461422, 47.0172427 ], [ -80.0462426, 47.0171858 ], [ -80.0464765, 47.0171691 ], [ -80.0467886, 47.0170825 ], [ -80.0470893, 47.0168749 ], [ -80.0472139, 47.0165192 ], [ -80.047289, 47.0164581 ], [ -80.0473004, 47.0161572 ], [ -80.0473725, 47.0161048 ], [ -80.0474006, 47.0156414 ], [ -80.0470493, 47.0154188 ], [ -80.0470597, 47.0150443 ], [ -80.0471514, 47.0148208 ], [ -80.0472229, 47.0147316 ], [ -80.0475029, 47.0146215 ], [ -80.0488825, 47.0146273 ], [ -80.0492304, 47.0143998 ], [ -80.0492354, 47.0143089 ], [ -80.0491831, 47.0141903 ], [ -80.0488449, 47.0137771 ], [ -80.0487955, 47.0136497 ], [ -80.0488116, 47.0134505 ], [ -80.0489339, 47.0133696 ], [ -80.0490698, 47.0133644 ], [ -80.0496854, 47.0134835 ], [ -80.0501065, 47.0135066 ], [ -80.0502241, 47.013324 ], [ -80.050155, 47.0131384 ], [ -80.0493534, 47.012631 ], [ -80.0489018, 47.0124652 ], [ -80.0486841, 47.0125122 ], [ -80.048392, 47.012657 ], [ -80.0481804, 47.0126865 ], [ -80.0479907, 47.0126922 ], [ -80.0477293, 47.0125576 ], [ -80.0477332, 47.0123931 ], [ -80.0478447, 47.0122279 ], [ -80.0483504, 47.0119713 ], [ -80.0488044, 47.0118621 ], [ -80.0489388, 47.0117465 ], [ -80.0489027, 47.011658 ], [ -80.0486515, 47.011571 ], [ -80.0486011, 47.0113701 ], [ -80.0484001, 47.0112546 ], [ -80.0482266, 47.0112904 ], [ -80.0478534, 47.0115137 ], [ -80.0475627, 47.0115395 ], [ -80.0473506, 47.0115322 ], [ -80.0472232, 47.0114747 ], [ -80.0471339, 47.0114233 ], [ -80.0471039, 47.0113175 ], [ -80.0469404, 47.0111715 ], [ -80.0467882, 47.0111465 ], [ -80.0463956, 47.0113483 ], [ -80.046218, 47.0113192 ], [ -80.0461855, 47.0112588 ], [ -80.0462245, 47.0111092 ], [ -80.0466812, 47.0105326 ], [ -80.0468161, 47.0104538 ], [ -80.0469617, 47.0104593 ], [ -80.0470652, 47.0103937 ], [ -80.0470691, 47.0102292 ], [ -80.0468935, 47.0101179 ], [ -80.0467195, 47.0101169 ], [ -80.0466439, 47.0101412 ], [ -80.0464719, 47.010058 ], [ -80.046398, 47.0095413 ], [ -80.0464284, 47.0094545 ], [ -80.0464714, 47.0093698 ], [ -80.0465972, 47.009317 ], [ -80.0468154, 47.0093069 ], [ -80.0469787, 47.0092236 ], [ -80.0471025, 47.009253 ], [ -80.0471766, 47.0093477 ], [ -80.0473953, 47.0093744 ], [ -80.047894, 47.0092909 ], [ -80.0480532, 47.0091427 ], [ -80.0485193, 47.0083475 ], [ -80.0490639, 47.0079413 ], [ -80.0497296, 47.0073806 ], [ -80.0499156, 47.0071175 ], [ -80.0499896, 47.0069829 ], [ -80.049998, 47.0066907 ], [ -80.0498278, 47.0062958 ], [ -80.0498124, 47.0061098 ], [ -80.0499507, 47.0058297 ], [ -80.0501606, 47.0056898 ], [ -80.0504188, 47.0056036 ], [ -80.0504172, 47.0054933 ], [ -80.0502898, 47.0054357 ], [ -80.0499448, 47.0054251 ], [ -80.0494391, 47.0054523 ], [ -80.0493269, 47.0053514 ], [ -80.0493297, 47.0051133 ], [ -80.0494569, 47.0049415 ], [ -80.0495918, 47.0048627 ], [ -80.0499556, 47.0048581 ], [ -80.0500899, 47.0047424 ], [ -80.0500756, 47.00463 ], [ -80.0497514, 47.0045219 ], [ -80.0497471, 47.0042276 ], [ -80.0498191, 47.0041752 ], [ -80.0498641, 47.0040082 ], [ -80.050143, 47.0038246 ], [ -80.0519155, 47.0038947 ], [ -80.0525343, 47.0038126 ], [ -80.0529085, 47.0036629 ], [ -80.0531775, 47.0032391 ], [ -80.0533185, 47.0031429 ], [ -80.0535934, 47.0031237 ], [ -80.0538824, 47.0029876 ], [ -80.0546479, 47.0023331 ], [ -80.0549708, 47.0021383 ], [ -80.0551766, 47.0019335 ], [ -80.0552244, 47.0015285 ], [ -80.0551506, 47.0012412 ], [ -80.0548651, 47.0007541 ], [ -80.0548117, 47.0005619 ], [ -80.0548272, 47.0003259 ], [ -80.054956, 47.0 ], [ -80.055347, 47.0 ], [ -80.0559748, 47.0004955 ], [ -80.0561497, 47.000992 ], [ -80.0562726, 47.0011773 ], [ -80.0566279, 47.0014648 ], [ -80.056838, 47.0015542 ], [ -80.0568528, 47.0017034 ], [ -80.0567469, 47.0018145 ], [ -80.056614, 47.0018111 ], [ -80.0562187, 47.0015996 ], [ -80.0561371, 47.0016413 ], [ -80.056252, 47.0019261 ], [ -80.0561694, 47.0021236 ], [ -80.0557629, 47.0024423 ], [ -80.0555748, 47.0025583 ], [ -80.0548237, 47.0026738 ], [ -80.0544053, 47.0028347 ], [ -80.0539267, 47.0032058 ], [ -80.0534962, 47.0034014 ], [ -80.053334, 47.0035583 ], [ -80.0531547, 47.0038408 ], [ -80.053127, 47.0041115 ], [ -80.0534288, 47.0046288 ], [ -80.0534979, 47.0048144 ], [ -80.0534666, 47.005057 ], [ -80.053261, 47.0054912 ], [ -80.0531176, 47.0056329 ], [ -80.0528704, 47.0060327 ], [ -80.0529064, 47.0061212 ], [ -80.0529831, 47.0061704 ], [ -80.0530749, 47.0061763 ], [ -80.0531231, 47.0062301 ], [ -80.0530324, 47.0062978 ], [ -80.0528239, 47.0063187 ], [ -80.0526515, 47.0064281 ], [ -80.052641, 47.0065731 ], [ -80.052905, 47.0068916 ], [ -80.0529016, 47.0070929 ], [ -80.052991, 47.0071442 ], [ -80.0532598, 47.0071424 ], [ -80.053369, 47.007252 ], [ -80.0533297, 47.0075942 ], [ -80.0535307, 47.0077096 ], [ -80.0539615, 47.0077435 ], [ -80.054208, 47.0077288 ], [ -80.0544585, 47.0075496 ], [ -80.0547964, 47.0070821 ], [ -80.0549095, 47.0070272 ], [ -80.0552576, 47.0070291 ], [ -80.0554589, 47.006952 ], [ -80.0556277, 47.0068145 ], [ -80.055649, 47.0067538 ], [ -80.0558812, 47.0066267 ], [ -80.0560775, 47.0066405 ], [ -80.0564332, 47.0067354 ], [ -80.0566671, 47.0067187 ], [ -80.0569622, 47.0065652 ], [ -80.0573059, 47.0062728 ], [ -80.0578114, 47.0060161 ], [ -80.0582127, 47.0059809 ], [ -80.0584774, 47.0059142 ], [ -80.0586995, 47.0057395 ], [ -80.0588636, 47.0055004 ], [ -80.0590137, 47.0053781 ], [ -80.059221, 47.0052837 ], [ -80.059405, 47.0051028 ], [ -80.0599563, 47.003872 ], [ -80.0600341, 47.0035728 ], [ -80.0600934, 47.0035183 ], [ -80.0601809, 47.0032299 ], [ -80.0602115, 47.0029505 ], [ -80.0602576, 47.0028572 ], [ -80.0603, 47.0020843 ], [ -80.060241, 47.0019463 ], [ -80.0600431, 47.0018221 ], [ -80.0596077, 47.0016866 ], [ -80.0593301, 47.0015219 ], [ -80.0592016, 47.0013908 ], [ -80.0590842, 47.0011514 ], [ -80.0590576, 47.0008443 ], [ -80.059375, 47.0000851 ], [ -80.0598987, 46.9988996 ], [ -80.0596845, 46.997672 ], [ -80.0599819, 46.9968217 ], [ -80.059186, 46.9956089 ], [ -80.0605688, 46.9954974 ], [ -80.0608178, 46.9958118 ], [ -80.0610191, 46.9957347 ], [ -80.0611356, 46.9954274 ], [ -80.0625, 46.9952188 ], [ -80.0627125, 46.9951863 ], [ -80.0652168, 46.9955779 ], [ -80.0653833, 46.9957152 ], [ -80.0655167, 46.9965994 ], [ -80.0660427, 46.9966671 ], [ -80.0661688, 46.996735 ], [ -80.0662179, 46.9969447 ], [ -80.0663166, 46.997634 ], [ -80.0662888, 46.9981109 ], [ -80.0667017, 46.9986555 ], [ -80.066969, 46.9988694 ], [ -80.0670477, 46.9995836 ], [ -80.0670557, 46.999584 ], [ -80.0670229, 46.9996162 ], [ -80.0671387, 46.9997452 ], [ -80.0674143, 46.9998114 ], [ -80.0676832, 47.0000393 ], [ -80.0680016, 47.0007671 ], [ -80.067955, 47.0008236 ], [ -80.067998, 47.0011609 ], [ -80.0682671, 47.0018104 ], [ -80.0683962, 47.0019783 ], [ -80.0687844, 47.0021335 ], [ -80.0689506, 47.0024635 ], [ -80.0692065, 47.0026521 ], [ -80.06937, 47.0027981 ], [ -80.0695826, 47.003264 ], [ -80.0698051, 47.0035481 ], [ -80.0701727, 47.0038009 ], [ -80.0711263, 47.0041036 ], [ -80.0718837, 47.0042 ], [ -80.0722932, 47.0042945 ], [ -80.072534, 47.0045265 ], [ -80.0726327, 47.0047812 ], [ -80.0725751, 47.0049461 ], [ -80.0724154, 47.0050575 ], [ -80.0720558, 47.0051272 ], [ -80.0717875, 47.0051658 ], [ -80.0713731, 47.0051623 ], [ -80.0710524, 47.0050823 ], [ -80.0707758, 47.0049912 ], [ -80.0706724, 47.0050568 ], [ -80.0705999, 47.0054945 ], [ -80.0699601, 47.0062888 ], [ -80.0697613, 47.0067425 ], [ -80.0698159, 47.0074302 ], [ -80.0696824, 47.007812 ], [ -80.0694904, 47.0080926 ], [ -80.0694383, 47.0082033 ], [ -80.0694334, 47.0087162 ], [ -80.0694695, 47.0088047 ], [ -80.0694369, 47.0095883 ], [ -80.0694755, 47.0100533 ], [ -80.0696131, 47.0101583 ], [ -80.069844, 47.0101502 ], [ -80.0704433, 47.0098171 ], [ -80.070604, 47.0097792 ], [ -80.0707847, 47.0097995 ], [ -80.0712102, 47.0101168 ], [ -80.0719124, 47.0105252 ], [ -80.0724427, 47.0106578 ], [ -80.0726289, 47.0106241 ], [ -80.0732541, 47.0103318 ], [ -80.0735351, 47.0102952 ], [ -80.0743073, 47.0103114 ], [ -80.0748699, 47.010275 ], [ -80.0754118, 47.0099141 ], [ -80.076112, 47.0095607 ], [ -80.0764239, 47.0094741 ], [ -80.076642, 47.0094639 ], [ -80.0767664, 47.0095301 ], [ -80.0768164, 47.0096942 ], [ -80.0766928, 47.0098942 ], [ -80.0764135, 47.0100412 ], [ -80.0756336, 47.010354 ], [ -80.0749563, 47.010757 ], [ -80.0746764, 47.0108671 ], [ -80.074191, 47.0109896 ], [ -80.0730277, 47.0110562 ], [ -80.0711893, 47.0112509 ], [ -80.0708798, 47.0112921 ], [ -80.0707039, 47.0113734 ], [ -80.0706835, 47.0125443 ], [ -80.0706145, 47.012588 ], [ -80.0704113, 47.0131694 ], [ -80.0702066, 47.0134479 ], [ -80.0701986, 47.0135475 ], [ -80.0701266, 47.0135999 ], [ -80.0700933, 47.0136954 ], [ -80.070034, 47.0137499 ], [ -80.0696746, 47.0144709 ], [ -80.0688203, 47.0159549 ], [ -80.0683779, 47.0172587 ], [ -80.0683605, 47.0175769 ], [ -80.0681961, 47.0180087 ], [ -80.0680931, 47.0185331 ], [ -80.0680843, 47.0192106 ], [ -80.0681367, 47.0193292 ], [ -80.0681667, 47.0198571 ], [ -80.0682167, 47.0200212 ], [ -80.0684188, 47.0202102 ], [ -80.0688966, 47.0204168 ], [ -80.0690069, 47.0206 ], [ -80.069018, 47.0209137 ], [ -80.0687537, 47.0218613 ], [ -80.0687614, 47.0223763 ], [ -80.0688538, 47.0228409 ], [ -80.0689749, 47.0231084 ], [ -80.0691379, 47.0232177 ], [ -80.0694899, 47.0234771 ], [ -80.0697272, 47.023681 ], [ -80.0697639, 47.0238063 ], [ -80.0696662, 47.0240472 ], [ -80.0694563, 47.0241871 ], [ -80.069195, 47.024282 ], [ -80.0691078, 47.0243779 ], [ -80.0690005, 47.0254521 ], [ -80.0689508, 47.0255173 ], [ -80.0689166, 47.0257686 ], [ -80.0688953, 47.0262514 ], [ -80.0690948, 47.0275225 ], [ -80.0691814, 47.0278119 ], [ -80.0693864, 47.0281849 ], [ -80.0694981, 47.028671 ], [ -80.0694173, 47.029401 ], [ -80.0694528, 47.0294526 ], [ -80.0694007, 47.0295634 ], [ -80.069353, 47.0299684 ], [ -80.0692213, 47.030268 ], [ -80.0691791, 47.0306189 ], [ -80.06913, 47.030721 ], [ -80.0691568, 47.0310281 ], [ -80.0692056, 47.0311187 ], [ -80.0692599, 47.0315771 ], [ -80.0698076, 47.0332722 ], [ -80.0698018, 47.033519 ], [ -80.0695676, 47.0337284 ], [ -80.0695281, 47.0338412 ], [ -80.0695612, 47.0347824 ], [ -80.06961, 47.034873 ], [ -80.0696412, 47.0354744 ], [ -80.0698551, 47.036436 ], [ -80.0699172, 47.0365654 ], [ -80.0699301, 47.0372189 ], [ -80.0696718, 47.0398374 ], [ -80.0693845, 47.0411575 ], [ -80.0693864, 47.0414973 ], [ -80.0694559, 47.0419123 ], [ -80.0695012, 47.0419748 ], [ -80.069454, 47.0428387 ], [ -80.0692136, 47.0434875 ], [ -80.0690877, 47.0439623 ], [ -80.068998, 47.0445257 ], [ -80.0687913, 47.0453085 ], [ -80.0687325, 47.0453998 ], [ -80.0686392, 47.045935 ], [ -80.0684749, 47.0465963 ], [ -80.0679518, 47.0482449 ], [ -80.0679835, 47.0484611 ], [ -80.068201, 47.0486068 ], [ -80.0683823, 47.048664 ], [ -80.0689201, 47.0486234 ], [ -80.0692121, 47.0486711 ], [ -80.0693656, 47.0487696 ], [ -80.0695745, 47.0489781 ], [ -80.0696617, 47.0493043 ], [ -80.0696118, 47.0499843 ], [ -80.0694136, 47.0507043 ], [ -80.0692504, 47.0510171 ], [ -80.0690966, 47.0515333 ], [ -80.0690561, 47.0515725 ], [ -80.0686323, 47.0535126 ], [ -80.0685687, 47.0539243 ], [ -80.0685969, 47.0541124 ], [ -80.0690742, 47.0544749 ], [ -80.0694284, 47.0546521 ], [ -80.0697611, 47.0546605 ], [ -80.0701732, 47.0544802 ], [ -80.0713059, 47.0541973 ], [ -80.07154, 47.0541805 ], [ -80.0717686, 47.0542179 ], [ -80.0718804, 47.054282 ], [ -80.0719263, 47.0543813 ], [ -80.0718868, 47.0544941 ], [ -80.0719246, 47.054693 ], [ -80.0719735, 47.0547835 ], [ -80.0721529, 47.054923 ], [ -80.072376, 47.0550145 ], [ -80.0728177, 47.0549031 ], [ -80.0731062, 47.0549228 ], [ -80.0733298, 47.055051 ], [ -80.0734922, 47.0553161 ], [ -80.0733371, 47.0559514 ], [ -80.0731963, 47.0562771 ], [ -80.0732993, 47.0565967 ], [ -80.073434, 47.0567104 ], [ -80.0737181, 47.0568578 ], [ -80.0745652, 47.0571613 ], [ -80.0749018, 47.0574274 ], [ -80.0749711, 47.057613 ], [ -80.0749847, 47.0578813 ], [ -80.0751291, 47.0580058 ], [ -80.0752561, 47.0580266 ], [ -80.0754662, 47.0578866 ], [ -80.0756531, 47.0578896 ], [ -80.076147, 47.0580895 ], [ -80.0764704, 47.0583167 ], [ -80.0766327, 47.0585818 ], [ -80.0768076, 47.0594636 ], [ -80.0767948, 47.0600763 ], [ -80.0767288, 47.0605335 ], [ -80.0768098, 47.0606476 ], [ -80.0770456, 47.0607412 ], [ -80.0776486, 47.0608213 ], [ -80.0784979, 47.0608499 ], [ -80.0787804, 47.0608869 ], [ -80.0789116, 47.0609725 ], [ -80.0789477, 47.061061 ], [ -80.0787443, 47.0612205 ], [ -80.0782202, 47.0613367 ], [ -80.0779908, 47.0614552 ], [ -80.0779284, 47.0615185 ], [ -80.0779743, 47.0616177 ], [ -80.0783926, 47.061842 ], [ -80.0789979, 47.0620693 ], [ -80.0796662, 47.0622702 ], [ -80.0801289, 47.0622907 ], [ -80.0802639, 47.0622118 ], [ -80.08031, 47.0621184 ], [ -80.0804414, 47.0620114 ], [ -80.0806623, 47.0619557 ], [ -80.0811088, 47.0619461 ], [ -80.0813672, 47.0618598 ], [ -80.0815855, 47.0614275 ], [ -80.081792, 47.0612594 ], [ -80.0819935, 47.0611822 ], [ -80.0822023, 47.0611612 ], [ -80.0825477, 47.0611717 ], [ -80.0828749, 47.0612343 ], [ -80.0830544, 47.0613737 ], [ -80.0832743, 47.0616665 ], [ -80.0832821, 47.0617596 ], [ -80.083264, 47.0622337 ], [ -80.0832016, 47.0622969 ], [ -80.0831905, 47.0625 ], [ -80.0602487, 47.0625 ], [ -80.0601433, 47.0621905 ], [ -80.0599776, 47.0621267 ], [ -80.0593945, 47.0621048 ], [ -80.0592796, 47.0620493 ], [ -80.059084, 47.0614576 ], [ -80.0592483, 47.0612183 ], [ -80.0592564, 47.0611187 ], [ -80.0591841, 47.0609417 ], [ -80.0591728, 47.0608206 ], [ -80.0591118, 47.0607647 ], [ -80.0590958, 47.0605419 ], [ -80.0590221, 47.060484 ], [ -80.0590205, 47.0603736 ], [ -80.0589498, 47.060307 ], [ -80.0588729, 47.0600283 ], [ -80.0586082, 47.0594803 ], [ -80.0585472, 47.0594245 ], [ -80.0585338, 47.0591562 ], [ -80.0587748, 47.0589662 ], [ -80.0588696, 47.0587339 ], [ -80.0588621, 47.0577968 ], [ -80.0587904, 47.0576566 ], [ -80.0587381, 47.0571158 ], [ -80.0587876, 47.0568211 ], [ -80.0588596, 47.0567687 ], [ -80.0589182, 47.0564479 ], [ -80.0588286, 47.0561672 ], [ -80.0588568, 47.0559332 ], [ -80.05913, 47.0553448 ], [ -80.0592021, 47.0552923 ], [ -80.0591989, 47.0546495 ], [ -80.0590438, 47.0544406 ], [ -80.0588318, 47.0542408 ], [ -80.0586358, 47.0542638 ], [ -80.0585414, 47.0543034 ], [ -80.0583801, 47.0545339 ], [ -80.0581521, 47.0545334 ], [ -80.0580321, 47.0543394 ], [ -80.0578557, 47.0541912 ], [ -80.0576876, 47.0541729 ], [ -80.0574474, 47.054207 ], [ -80.0571255, 47.0549343 ], [ -80.0566955, 47.0556256 ], [ -80.0565217, 47.0560835 ], [ -80.0565233, 47.0561938 ], [ -80.0564462, 47.0563372 ], [ -80.0564393, 47.0565104 ], [ -80.0561794, 47.0567157 ], [ -80.0560154, 47.0567623 ], [ -80.0556471, 47.056702 ], [ -80.0552383, 47.056681 ], [ -80.0548682, 47.0569324 ], [ -80.0541707, 47.0573138 ], [ -80.0541058, 47.0574225 ], [ -80.0541791, 47.0576731 ], [ -80.0542274, 47.0577269 ], [ -80.05425, 47.0579691 ], [ -80.0543085, 47.0580705 ], [ -80.054262, 47.0583565 ], [ -80.0540833, 47.0584832 ], [ -80.0540509, 47.0586523 ], [ -80.0540887, 47.0588512 ], [ -80.0541969, 47.0588872 ], [ -80.0544691, 47.0588767 ], [ -80.0546867, 47.0590224 ], [ -80.0546402, 47.0593084 ], [ -80.0544161, 47.0597948 ], [ -80.0545043, 47.0601946 ], [ -80.0545077, 47.0606448 ], [ -80.0543836, 47.0610374 ], [ -80.0542629, 47.0612287 ], [ -80.0540872, 47.0613468 ], [ -80.0537719, 47.061442 ], [ -80.0537602, 47.0615136 ], [ -80.0539427, 47.0616443 ], [ -80.054184, 47.0616838 ], [ -80.0546274, 47.061683 ], [ -80.0548011, 47.0616471 ], [ -80.0548315, 47.0615603 ], [ -80.0546668, 47.0613407 ], [ -80.0549265, 47.060906 ], [ -80.0548855, 47.0604864 ], [ -80.0549479, 47.0604232 ], [ -80.0550937, 47.0604287 ], [ -80.0551754, 47.060387 ], [ -80.0551777, 47.0601121 ], [ -80.0553539, 47.0600308 ], [ -80.0556013, 47.0600529 ], [ -80.0557355, 47.0601299 ], [ -80.0557666, 47.0603094 ], [ -80.0558439, 47.0603954 ], [ -80.0561827, 47.0603866 ], [ -80.0563986, 47.0604219 ], [ -80.056517, 47.0605055 ], [ -80.0565658, 47.0605961 ], [ -80.0565637, 47.0611004 ], [ -80.0566309, 47.0617904 ], [ -80.0566762, 47.0618529 ], [ -80.0567066, 47.0624176 ], [ -80.0567186, 47.0625 ], [ -80.0296017, 47.0625 ], [ -80.0296644, 47.0623677 ], [ -80.0297365, 47.0623153 ], [ -80.0298375, 47.0620657 ], [ -80.0299097, 47.0620133 ], [ -80.0299305, 47.0619157 ], [ -80.0301478, 47.0616026 ], [ -80.0301716, 47.0614964 ], [ -80.0304518, 47.0609275 ], [ -80.0310494, 47.0599517 ], [ -80.0310198, 47.0596532 ], [ -80.0309243, 47.0593897 ], [ -80.0308592, 47.059269 ], [ -80.0306834, 47.0591576 ], [ -80.0302199, 47.0597515 ], [ -80.0296796, 47.0602962 ], [ -80.0296558, 47.0604024 ], [ -80.0294054, 47.0606183 ], [ -80.0290154, 47.0608114 ], [ -80.028895, 47.0610394 ], [ -80.0289032, 47.0613987 ], [ -80.0288281, 47.0616892 ], [ -80.028756, 47.0617416 ], [ -80.0287413, 47.0618218 ], [ -80.0286448, 47.0619437 ], [ -80.0283188, 47.0621839 ], [ -80.0280842, 47.0623932 ], [ -80.0280172, 47.0625 ], [ -80.0, 47.0625 ], [ -80.0, 47.060866 ], [ -80.0003046, 47.0607271 ], [ -80.0004992, 47.0605938 ], [ -80.0005125, 47.0604033 ], [ -80.000222, 47.0602362 ], [ -80.0, 47.060232 ], [ -80.0000071, 47.059081 ], [ -80.0, 47.05 ], [ -80.0, 47.041005 ], [ -80.0, 47.0407062 ], [ -80.0, 47.040523 ], [ -80.0002691, 47.0405856 ], [ -80.0009371, 47.0408238 ], [ -80.0013494, 47.0408731 ], [ -80.0018485, 47.0407899 ], [ -80.0023628, 47.0406633 ], [ -80.003157, 47.04039 ], [ -80.004145, 47.040176 ], [ -80.0043496, 47.0400903 ], [ -80.0045248, 47.0399355 ], [ -80.0045797, 47.0397793 ], [ -80.0045366, 47.0396346 ], [ -80.0042904, 47.0394565 ], [ -80.0038254, 47.0394811 ], [ -80.0027506, 47.0395982 ], [ -80.002086, 47.0396176 ], [ -80.0016616, 47.0396029 ], [ -80.0013727, 47.0395463 ], [ -80.0009484, 47.0393022 ], [ -80.0005073, 47.0389912 ], [ -80.00035, 47.0388277 ], [ -80.0001729, 47.0386059 ], [ -80.000107, 47.0384115 ], [ -80.0001208, 47.0382577 ], [ -80.0, 47.038034 ], [ -80.0, 47.036597 ], [ -80.0, 47.03334 ], [ -80.0, 47.0331126 ], [ -80.0, 47.016667 ], [ -80.0, 47.011643 ], [ -80.000155, 47.0115043 ], [ -80.0004444, 47.011139 ], [ -80.0007965, 47.0109766 ], [ -80.0011243, 47.0108837 ], [ -80.0024206, 47.0110508 ], [ -80.0027518, 47.0112154 ], [ -80.002836, 47.0113577 ], [ -80.0028253, 47.0115027 ], [ -80.0027659, 47.0115572 ], [ -80.0026613, 47.0117786 ], [ -80.0028307, 47.0119074 ], [ -80.0030961, 47.0118775 ], [ -80.0032523, 47.0119675 ], [ -80.0034237, 47.0122434 ], [ -80.0035708, 47.0123593 ], [ -80.0041847, 47.0125978 ], [ -80.0045018, 47.0126499 ], [ -80.0046377, 47.0126447 ], [ -80.0056069, 47.0122534 ], [ -80.0060484, 47.0121424 ], [ -80.0063488, 47.0121275 ], [ -80.0064716, 47.0120835 ], [ -80.0065025, 47.0120335 ], [ -80.0064416, 47.0119776 ], [ -80.006428, 47.011902 ], [ -80.0064772, 47.0117999 ], [ -80.006939, 47.0115546 ], [ -80.0070258, 47.0114221 ], [ -80.0070598, 47.0111341 ], [ -80.007175, 47.010997 ], [ -80.0073633, 47.0108811 ], [ -80.0075211, 47.010852 ], [ -80.0078103, 47.0109454 ], [ -80.0080152, 47.0108964 ], [ -80.0080097, 47.0107212 ], [ -80.0083517, 47.0105113 ], [ -80.0083467, 47.0103728 ], [ -80.0082376, 47.0102631 ], [ -80.0082635, 47.0100747 ], [ -80.0086441, 47.0099078 ], [ -80.0088537, 47.0095018 ], [ -80.0090602, 47.0093339 ], [ -80.0094971, 47.0091212 ], [ -80.0102033, 47.0089436 ], [ -80.0108837, 47.008725 ], [ -80.0116138, 47.0084412 ], [ -80.0124794, 47.007886 ], [ -80.0133099, 47.0075453 ], [ -80.0141805, 47.0068991 ], [ -80.0144271, 47.0066552 ], [ -80.014629, 47.0066149 ], [ -80.0148527, 47.0067801 ], [ -80.0150952, 47.0067007 ], [ -80.0152377, 47.0067149 ], [ -80.0153493, 47.0067791 ], [ -80.015466, 47.0069818 ], [ -80.0156289, 47.0070911 ], [ -80.0160991, 47.0072417 ], [ -80.0161255, 47.0073194 ], [ -80.0160073, 47.0074652 ], [ -80.01623, 47.0075568 ], [ -80.0163421, 47.0076578 ], [ -80.0163386, 47.0078591 ], [ -80.0159748, 47.0083224 ], [ -80.0158794, 47.0085177 ], [ -80.0158728, 47.0087277 ], [ -80.0159311, 47.008829 ], [ -80.0162523, 47.0087166 ], [ -80.0166277, 47.0081818 ], [ -80.0174298, 47.0073868 ], [ -80.0174851, 47.0072674 ], [ -80.0174795, 47.0070922 ], [ -80.01751, 47.0070054 ], [ -80.0176515, 47.0069461 ], [ -80.0177418, 47.0068416 ], [ -80.0177378, 47.0060886 ], [ -80.0179818, 47.0058901 ], [ -80.018134, 47.0052269 ], [ -80.0180558, 47.0050673 ], [ -80.0176835, 47.0049052 ], [ -80.0174887, 47.0047723 ], [ -80.0171985, 47.004376 ], [ -80.0170712, 47.0043184 ], [ -80.0166055, 47.0042695 ], [ -80.0165573, 47.0042157 ], [ -80.0165583, 47.0040599 ], [ -80.0166324, 47.0039252 ], [ -80.0166593, 47.0038104 ], [ -80.0167973, 47.0037229 ], [ -80.0169748, 47.0037521 ], [ -80.0170611, 47.0038121 ], [ -80.0171133, 47.0039308 ], [ -80.0176084, 47.0040488 ], [ -80.0177317, 47.0040415 ], [ -80.0179041, 47.0037028 ], [ -80.0179092, 47.0036119 ], [ -80.0179681, 47.0035206 ], [ -80.0181963, 47.0028699 ], [ -80.0183617, 47.0027044 ], [ -80.0186666, 47.0025618 ], [ -80.0189471, 47.0024886 ], [ -80.0193427, 47.0022783 ], [ -80.0193316, 47.0021572 ], [ -80.019154, 47.0018986 ], [ -80.0189176, 47.0017314 ], [ -80.01891, 47.0016384 ], [ -80.0192438, 47.001528 ], [ -80.0191712, 47.0013143 ], [ -80.0195593, 47.001011 ], [ -80.0196323, 47.0008028 ], [ -80.0196947, 47.0007396 ], [ -80.0199473, 47.0007077 ], [ -80.0202714, 47.0008159 ], [ -80.0206093, 47.0007705 ], [ -80.0211424, 47.0008947 ], [ -80.0218099, 47.0009033 ], [ -80.021958, 47.0008634 ], [ -80.0222613, 47.0006104 ], [ -80.0226625, 47.0001166 ], [ -80.022796, 47.0 ], [ -80.023618, 47.0 ], [ -80.0235218, 47.0002668 ], [ -80.023397, 47.0003931 ], [ -80.0233057, 47.000424 ], [ -80.0230896, 47.0003519 ], [ -80.0229222, 47.0003703 ], [ -80.022803, 47.0004424 ], [ -80.022769, 47.0005011 ], [ -80.0229152, 47.0007728 ], [ -80.022728, 47.0009623 ], [ -80.022688, 47.0010383 ], [ -80.0227463, 47.0011396 ], [ -80.0227235, 47.0013194 ], [ -80.0225987, 47.0014457 ], [ -80.0225414, 47.0016473 ], [ -80.0224101, 47.0017542 ], [ -80.02209, 47.0017108 ], [ -80.0217055, 47.0018129 ], [ -80.021428, 47.001648 ], [ -80.0212824, 47.0016425 ], [ -80.0210242, 47.0017286 ], [ -80.0209497, 47.0018264 ], [ -80.0204552, 47.0031215 ], [ -80.0204983, 47.0032662 ], [ -80.020786, 47.0034786 ], [ -80.0208123, 47.0035563 ], [ -80.0207352, 47.0036996 ], [ -80.0205369, 47.003768 ], [ -80.0201504, 47.0037229 ], [ -80.0200875, 47.0037493 ], [ -80.0198156, 47.0037597 ], [ -80.0196177, 47.0038648 ], [ -80.0194909, 47.0040734 ], [ -80.019499, 47.0044326 ], [ -80.0195554, 47.0046161 ], [ -80.019492, 47.0048351 ], [ -80.0195711, 47.0050683 ], [ -80.0198958, 47.0054427 ], [ -80.0200673, 47.0057186 ], [ -80.0200566, 47.0058637 ], [ -80.0199922, 47.0060091 ], [ -80.0199902, 47.0063207 ], [ -80.0201429, 47.0066119 ], [ -80.0199015, 47.0079118 ], [ -80.0198289, 47.0081568 ], [ -80.0197386, 47.0082613 ], [ -80.0197463, 47.0083543 ], [ -80.0191507, 47.0094401 ], [ -80.0189833, 47.0096879 ], [ -80.0187326, 47.009867 ], [ -80.0183861, 47.0099753 ], [ -80.018098, 47.0099555 ], [ -80.0178945, 47.0098854 ], [ -80.0176444, 47.0098718 ], [ -80.0175378, 47.0099461 ], [ -80.0178118, 47.0100828 ], [ -80.0178072, 47.0102105 ], [ -80.0176784, 47.010272 ], [ -80.0176545, 47.0103782 ], [ -80.0177261, 47.0105184 ], [ -80.0180142, 47.0107675 ], [ -80.018063, 47.0108581 ], [ -80.0182547, 47.0109997 ], [ -80.0188123, 47.0110545 ], [ -80.0190711, 47.0112346 ], [ -80.019068, 47.0114727 ], [ -80.018892, 47.0115539 ], [ -80.0188813, 47.011699 ], [ -80.0190219, 47.0117954 ], [ -80.0193811, 47.0119186 ], [ -80.0199352, 47.0119453 ], [ -80.0202634, 47.0118891 ], [ -80.0205612, 47.0119196 ], [ -80.0207119, 47.0120637 ], [ -80.0208915, 47.0120105 ], [ -80.0209453, 47.0117808 ], [ -80.0208915, 47.0115518 ], [ -80.0208179, 47.0114938 ], [ -80.0205779, 47.0110691 ], [ -80.0206581, 47.0109171 ], [ -80.0207966, 47.0108664 ], [ -80.0213491, 47.0107827 ], [ -80.0222283, 47.0105325 ], [ -80.0229827, 47.0104086 ], [ -80.0231872, 47.0103228 ], [ -80.0237772, 47.0099792 ], [ -80.0246685, 47.0092355 ], [ -80.0248197, 47.0091869 ], [ -80.0253341, 47.0088676 ], [ -80.0256207, 47.008777 ], [ -80.0259337, 47.0087641 ], [ -80.0261641, 47.0089487 ], [ -80.0261778, 47.0090244 ], [ -80.0263437, 47.009125 ], [ -80.0270078, 47.0091055 ], [ -80.0273315, 47.009177 ], [ -80.0274578, 47.009161 ], [ -80.0274897, 47.0089552 ], [ -80.0273248, 47.0086988 ], [ -80.0273394, 47.0083892 ], [ -80.0274044, 47.0082806 ], [ -80.0274145, 47.0080987 ], [ -80.0275098, 47.0079034 ], [ -80.0276564, 47.0077531 ], [ -80.027666, 47.0075345 ], [ -80.0266689, 47.006591 ], [ -80.0264614, 47.006456 ], [ -80.0263006, 47.0064939 ], [ -80.0262042, 47.0066157 ], [ -80.0260657, 47.0066664 ], [ -80.0259521, 47.0066844 ], [ -80.0257923, 47.0065664 ], [ -80.0258349, 47.006445 ], [ -80.0260139, 47.0063551 ], [ -80.026159, 47.0063238 ], [ -80.0262148, 47.0062412 ], [ -80.0260859, 47.0060733 ], [ -80.0259677, 47.0059897 ], [ -80.0258246, 47.0059387 ], [ -80.0255015, 47.005904 ], [ -80.0251798, 47.0059797 ], [ -80.0250459, 47.006132 ], [ -80.0250937, 47.0063784 ], [ -80.0250003, 47.0064915 ], [ -80.0246762, 47.0066127 ], [ -80.0245392, 47.0067737 ], [ -80.0242887, 47.0069528 ], [ -80.0239858, 47.0070132 ], [ -80.023793, 47.0070274 ], [ -80.0234978, 47.0069515 ], [ -80.0232837, 47.006797 ], [ -80.0231091, 47.0065298 ], [ -80.0231228, 47.0063761 ], [ -80.02324, 47.0061568 ], [ -80.0235778, 47.0058819 ], [ -80.0240419, 47.0055911 ], [ -80.0244863, 47.0052419 ], [ -80.0246567, 47.0049855 ], [ -80.0245749, 47.004339 ], [ -80.0245901, 47.0040662 ], [ -80.0252099, 47.0035991 ], [ -80.0251865, 47.0035127 ], [ -80.0249603, 47.003393 ], [ -80.0250069, 47.0033364 ], [ -80.0251292, 47.0032556 ], [ -80.0252935, 47.0032458 ], [ -80.0254026, 47.0033555 ], [ -80.0254391, 47.0034807 ], [ -80.0255538, 47.0035363 ], [ -80.0256644, 47.0035269 ], [ -80.026305, 47.0031916 ], [ -80.0274995, 47.0024242 ], [ -80.0278433, 47.002132 ], [ -80.027895, 47.0019845 ], [ -80.0277824, 47.0018468 ], [ -80.027512, 47.0017382 ], [ -80.027271, 47.0016986 ], [ -80.0269489, 47.0015082 ], [ -80.0268875, 47.0014155 ], [ -80.0268616, 47.0011452 ], [ -80.0269143, 47.0010713 ], [ -80.0268666, 47.0008249 ], [ -80.0269924, 47.0007721 ], [ -80.027141, 47.000769 ], [ -80.0274667, 47.0009876 ], [ -80.0277137, 47.0010098 ], [ -80.0279313, 47.0009629 ], [ -80.0280454, 47.0009816 ], [ -80.0283108, 47.0014105 ], [ -80.0286396, 47.0016204 ], [ -80.0291975, 47.0014826 ], [ -80.0294455, 47.0013489 ], [ -80.0294876, 47.0011907 ], [ -80.0294394, 47.0011369 ], [ -80.0293668, 47.0009232 ], [ -80.0295453, 47.0007965 ], [ -80.0299485, 47.0006791 ], [ -80.0298779, 47.0003831 ], [ -80.030057, 47.0002932 ], [ -80.0299073, 47.0002228 ], [ -80.0296862, 47.0002416 ], [ -80.0294624, 47.0000764 ], [ -80.0292727, 47.000082 ], [ -80.0291003, 47.0001913 ], [ -80.028835, 47.0002212 ], [ -80.0285428, 47.0001366 ], [ -80.0282517, 47.0001255 ], [ -80.02799, 47.0001835 ], [ -80.0277368, 47.0001787 ], [ -80.0274, 47.0 ], [ -80.0283034, 47.0 ], [ -80.0282719, 46.9999912 ] ], [ [ -80.0643929, 47.0000243 ], [ -80.064664, 47.0003034 ], [ -80.0657074, 47.0002724 ], [ -80.065963, 47.0002316 ], [ -80.0661152, 47.0000327 ], [ -80.066027, 46.9998568 ], [ -80.0660228, 46.9998281 ], [ -80.06626, 46.9995739 ], [ -80.0659346, 46.9993922 ], [ -80.0653601, 46.9986194 ], [ -80.0645802, 46.9982807 ], [ -80.0643095, 46.9979429 ], [ -80.0635218, 46.9979332 ], [ -80.062798, 46.9979707 ], [ -80.0627241, 46.9981054 ], [ -80.0627238, 46.9981581 ], [ -80.0626323, 46.9981676 ], [ -80.0623668, 46.9983017 ], [ -80.0622067, 46.9985097 ], [ -80.0622844, 46.9986946 ], [ -80.0627165, 46.9988321 ], [ -80.0627184, 46.9990034 ], [ -80.0634898, 46.9998269 ], [ -80.0643929, 47.0000243 ] ], [ [ -80.0699184, 47.0125843 ], [ -80.0700279, 47.0125013 ], [ -80.0700359, 47.0124017 ], [ -80.0699526, 47.012333 ], [ -80.0698668, 47.0123098 ], [ -80.0697695, 47.0123581 ], [ -80.0696981, 47.0124473 ], [ -80.0697789, 47.0125614 ], [ -80.0699184, 47.0125843 ] ], [ [ -80.0674262, 47.0130756 ], [ -80.0674312, 47.0129847 ], [ -80.0678331, 47.0125642 ], [ -80.0678841, 47.0123799 ], [ -80.0677647, 47.0122228 ], [ -80.0676337, 47.0121371 ], [ -80.0675195, 47.0121185 ], [ -80.0672112, 47.0122332 ], [ -80.0670926, 47.0123422 ], [ -80.0669985, 47.0126112 ], [ -80.0669745, 47.01291 ], [ -80.0668595, 47.0130471 ], [ -80.0668418, 47.013136 ], [ -80.0668556, 47.0132116 ], [ -80.0670972, 47.0132878 ], [ -80.0672701, 47.0132152 ], [ -80.0674262, 47.0130756 ] ], [ [ -80.0566621, 47.0130571 ], [ -80.0563196, 47.0130011 ], [ -80.0557848, 47.0129961 ], [ -80.0557047, 47.0131481 ], [ -80.0557355, 47.0135201 ], [ -80.0557049, 47.0144509 ], [ -80.0556538, 47.0146352 ], [ -80.0557397, 47.0148878 ], [ -80.0559063, 47.0150251 ], [ -80.0570637, 47.0156275 ], [ -80.0573398, 47.0156818 ], [ -80.0575138, 47.0156828 ], [ -80.0579019, 47.0156087 ], [ -80.0581712, 47.0154143 ], [ -80.0582584, 47.0153184 ], [ -80.058251, 47.0150328 ], [ -80.0578457, 47.0145812 ], [ -80.0580124, 47.0142965 ], [ -80.0580168, 47.0141688 ], [ -80.0576284, 47.0133621 ], [ -80.057468, 47.0132074 ], [ -80.0571213, 47.0130865 ], [ -80.0566621, 47.0130571 ] ], [ [ -80.0665403, 47.0166829 ], [ -80.0666909, 47.0165974 ], [ -80.0667003, 47.0163788 ], [ -80.066614, 47.0163188 ], [ -80.0664013, 47.0162748 ], [ -80.0660315, 47.0162969 ], [ -80.0658306, 47.0164108 ], [ -80.0658124, 47.0164629 ], [ -80.0659156, 47.0165898 ], [ -80.0659081, 47.0167262 ], [ -80.0659848, 47.0167755 ], [ -80.0661528, 47.0167938 ], [ -80.0665403, 47.0166829 ] ], [ [ -80.0486231, 47.0209612 ], [ -80.0485465, 47.0209119 ], [ -80.0485333, 47.0202217 ], [ -80.0484702, 47.0200187 ], [ -80.0483392, 47.019933 ], [ -80.0481947, 47.0200011 ], [ -80.0482079, 47.0200399 ], [ -80.0481491, 47.0201312 ], [ -80.0481208, 47.0203651 ], [ -80.048062, 47.0204564 ], [ -80.048063, 47.0211814 ], [ -80.048124, 47.0212373 ], [ -80.0481225, 47.0213563 ], [ -80.0484676, 47.0220183 ], [ -80.04864, 47.0225604 ], [ -80.0486385, 47.0226794 ], [ -80.0487066, 47.0227915 ], [ -80.0487227, 47.0232437 ], [ -80.0487836, 47.0232995 ], [ -80.0488336, 47.0236931 ], [ -80.048886, 47.0238117 ], [ -80.0490531, 47.0239859 ], [ -80.0491698, 47.0239591 ], [ -80.0492413, 47.0238699 ], [ -80.049299, 47.0237051 ], [ -80.0492887, 47.0234281 ], [ -80.0492181, 47.0233615 ], [ -80.0492022, 47.0231387 ], [ -80.049128, 47.023044 ], [ -80.0493795, 47.022709 ], [ -80.0493738, 47.0225338 ], [ -80.0490377, 47.0216163 ], [ -80.0487609, 47.0212957 ], [ -80.0486231, 47.0209612 ] ], [ [ -80.0630742, 47.03196 ], [ -80.0630635, 47.0318757 ], [ -80.0629995, 47.0318285 ], [ -80.0630009, 47.0317094 ], [ -80.0628729, 47.0316151 ], [ -80.0625702, 47.031483 ], [ -80.0624554, 47.0314276 ], [ -80.0621605, 47.0313885 ], [ -80.0606873, 47.0317255 ], [ -80.0603133, 47.031912 ], [ -80.0595308, 47.0320776 ], [ -80.0590675, 47.0322128 ], [ -80.058967, 47.0322697 ], [ -80.0585183, 47.0323248 ], [ -80.0582661, 47.0323936 ], [ -80.0579612, 47.0325364 ], [ -80.0574947, 47.0331023 ], [ -80.0567321, 47.0335555 ], [ -80.0566769, 47.0336749 ], [ -80.0565033, 47.0337108 ], [ -80.0563714, 47.0337809 ], [ -80.0563203, 47.0339652 ], [ -80.0565717, 47.0340522 ], [ -80.0566727, 47.0340321 ], [ -80.057107, 47.0338646 ], [ -80.0578038, 47.0336758 ], [ -80.0582214, 47.0334414 ], [ -80.0584838, 47.0334201 ], [ -80.0586016, 47.0334669 ], [ -80.0586946, 47.0335464 ], [ -80.0587415, 47.0337192 ], [ -80.0587127, 47.0339163 ], [ -80.0588173, 47.0339242 ], [ -80.0589934, 47.033843 ], [ -80.0594661, 47.0334891 ], [ -80.0602805, 47.0331177 ], [ -80.0605062, 47.0329712 ], [ -80.06073, 47.0329068 ], [ -80.0613612, 47.0325605 ], [ -80.0624177, 47.0323022 ], [ -80.0629845, 47.0321013 ], [ -80.0630742, 47.03196 ] ], [ [ -80.0532512, 47.0364448 ], [ -80.0531722, 47.0366705 ], [ -80.0528815, 47.0369257 ], [ -80.052539, 47.037099 ], [ -80.0519372, 47.0375143 ], [ -80.0519343, 47.0377524 ], [ -80.0521272, 47.0383895 ], [ -80.0521907, 47.0390514 ], [ -80.0525311, 47.0393824 ], [ -80.0525007, 47.0394691 ], [ -80.0522689, 47.039633 ], [ -80.052274, 47.0397715 ], [ -80.0525814, 47.0400053 ], [ -80.0531594, 47.0403477 ], [ -80.0533275, 47.040366 ], [ -80.0534087, 47.0402875 ], [ -80.0534485, 47.0399821 ], [ -80.0535504, 47.0398061 ], [ -80.0545797, 47.0393965 ], [ -80.0549501, 47.0391819 ], [ -80.055086, 47.0389472 ], [ -80.0550285, 47.038268 ], [ -80.0550909, 47.0382048 ], [ -80.0553426, 47.0380992 ], [ -80.0558505, 47.0377602 ], [ -80.0560084, 47.037731 ], [ -80.0562018, 47.0377535 ], [ -80.056374, 47.0378367 ], [ -80.0566218, 47.0378956 ], [ -80.0573739, 47.0375875 ], [ -80.0573839, 47.0374056 ], [ -80.0571355, 47.0373099 ], [ -80.0563033, 47.0371187 ], [ -80.0559498, 47.0369783 ], [ -80.0550847, 47.0362678 ], [ -80.0545158, 47.0358995 ], [ -80.0541345, 47.0358003 ], [ -80.0533726, 47.0358683 ], [ -80.053162, 47.0359715 ], [ -80.0531321, 47.036095 ], [ -80.0532512, 47.0364448 ] ], [ [ -80.0479784, 47.040463 ], [ -80.0481404, 47.0404987 ], [ -80.0484308, 47.0404361 ], [ -80.0486408, 47.0402962 ], [ -80.0486773, 47.040192 ], [ -80.048594, 47.0401233 ], [ -80.0484701, 47.0400939 ], [ -80.0481985, 47.0401412 ], [ -80.047925, 47.0402707 ], [ -80.0479301, 47.0404092 ], [ -80.0479784, 47.040463 ] ], [ [ -80.0582471, 47.0414188 ], [ -80.0577884, 47.0412336 ], [ -80.057563, 47.0411876 ], [ -80.0573863, 47.0412321 ], [ -80.0573813, 47.041323 ], [ -80.0574586, 47.041409 ], [ -80.0578874, 47.0417177 ], [ -80.0579591, 47.0418579 ], [ -80.0579441, 47.0421307 ], [ -80.0581052, 47.0423223 ], [ -80.0583693, 47.0424113 ], [ -80.0593552, 47.042279 ], [ -80.0595183, 47.0423883 ], [ -80.0595834, 47.042509 ], [ -80.0595867, 47.0427298 ], [ -80.0598179, 47.0429511 ], [ -80.0600047, 47.0429541 ], [ -80.0602341, 47.0428357 ], [ -80.0609117, 47.0426254 ], [ -80.0630077, 47.0421975 ], [ -80.0633745, 47.0419547 ], [ -80.0633757, 47.0416062 ], [ -80.0634858, 47.04156 ], [ -80.0636727, 47.0415631 ], [ -80.0638289, 47.0414235 ], [ -80.0638844, 47.0411114 ], [ -80.063832, 47.0409927 ], [ -80.0633035, 47.0405852 ], [ -80.063149, 47.0404131 ], [ -80.0629531, 47.0404361 ], [ -80.0625852, 47.0406053 ], [ -80.0623409, 47.0405745 ], [ -80.06215, 47.0405066 ], [ -80.0615743, 47.0401189 ], [ -80.0614452, 47.0399509 ], [ -80.0614196, 47.0397174 ], [ -80.0614798, 47.039507 ], [ -80.061797, 47.0389075 ], [ -80.0617451, 47.0388256 ], [ -80.0616025, 47.0388114 ], [ -80.0610731, 47.0389817 ], [ -80.0607254, 47.0390166 ], [ -80.0605625, 47.0391368 ], [ -80.0605526, 47.0393186 ], [ -80.0607225, 47.0396767 ], [ -80.0607084, 47.0397937 ], [ -80.0603129, 47.0398116 ], [ -80.0602124, 47.0398685 ], [ -80.0602339, 47.0400372 ], [ -80.0601304, 47.0401029 ], [ -80.0599466, 47.0400911 ], [ -80.0597208, 47.0402377 ], [ -80.0597225, 47.0403481 ], [ -80.0600503, 47.040677 ], [ -80.0601002, 47.0408411 ], [ -80.0600902, 47.041023 ], [ -80.0599036, 47.0412493 ], [ -80.0597438, 47.0413608 ], [ -80.0595727, 47.0413512 ], [ -80.0592785, 47.0411563 ], [ -80.05905, 47.0411189 ], [ -80.0588703, 47.0411721 ], [ -80.0584908, 47.0414127 ], [ -80.0582471, 47.0414188 ] ], [ [ -80.0489753, 47.0415254 ], [ -80.0491113, 47.0415201 ], [ -80.0492839, 47.0414108 ], [ -80.0492762, 47.0413177 ], [ -80.049676, 47.0409428 ], [ -80.0496855, 47.0407241 ], [ -80.0495661, 47.0405669 ], [ -80.0492777, 47.0405472 ], [ -80.0485185, 47.0410285 ], [ -80.0485319, 47.0412968 ], [ -80.0489753, 47.0415254 ] ], [ [ -80.0532769, 47.04189 ], [ -80.0532839, 47.0417168 ], [ -80.053576, 47.0413426 ], [ -80.0536156, 47.0412298 ], [ -80.0535262, 47.0411784 ], [ -80.0531723, 47.0412306 ], [ -80.0525782, 47.0410875 ], [ -80.0522, 47.0412091 ], [ -80.0521089, 47.0414695 ], [ -80.0520313, 47.041576 ], [ -80.0519363, 47.0415789 ], [ -80.051691, 47.0414745 ], [ -80.0514498, 47.041435 ], [ -80.051356, 47.0415114 ], [ -80.0513631, 47.0415676 ], [ -80.0516181, 47.0416827 ], [ -80.0522304, 47.0417738 ], [ -80.0525737, 47.0418667 ], [ -80.052943, 47.0420005 ], [ -80.0531679, 47.0420098 ], [ -80.0532769, 47.04189 ] ], [ [ -80.0519832, 47.045009 ], [ -80.0522035, 47.0449166 ], [ -80.0522907, 47.0448208 ], [ -80.0525391, 47.044265 ], [ -80.0525157, 47.0441786 ], [ -80.0523662, 47.0439156 ], [ -80.0524057, 47.0438027 ], [ -80.052563, 47.0437367 ], [ -80.0526895, 47.0437207 ], [ -80.0527894, 47.043627 ], [ -80.0527354, 47.0433979 ], [ -80.0526245, 47.0431779 ], [ -80.0524554, 47.043086 ], [ -80.0523199, 47.0431281 ], [ -80.0521804, 47.0433346 ], [ -80.0516197, 47.0437475 ], [ -80.0516107, 47.0440029 ], [ -80.0518979, 47.0443711 ], [ -80.051868, 47.0444947 ], [ -80.0516488, 47.0446606 ], [ -80.0513686, 47.0447708 ], [ -80.0513509, 47.0448596 ], [ -80.0513525, 47.04497 ], [ -80.051477, 47.0450363 ], [ -80.0516095, 47.0450029 ], [ -80.0519832, 47.045009 ] ], [ [ -80.0511886, 47.0443651 ], [ -80.0511149, 47.0443072 ], [ -80.051092, 47.0442575 ], [ -80.0509772, 47.0442021 ], [ -80.0508122, 47.044175 ], [ -80.0506741, 47.0442626 ], [ -80.0506037, 47.0444254 ], [ -80.050618, 47.0445378 ], [ -80.050679, 47.0445937 ], [ -80.0506938, 47.0447429 ], [ -80.0508554, 47.0449712 ], [ -80.050854, 47.0450903 ], [ -80.0509815, 47.0451478 ], [ -80.0511124, 47.0450041 ], [ -80.0511539, 47.044809 ], [ -80.0511886, 47.0443651 ] ], [ [ -80.056923, 47.0454687 ], [ -80.057125, 47.0447769 ], [ -80.0571193, 47.0446016 ], [ -80.0569689, 47.0444944 ], [ -80.0566672, 47.0444359 ], [ -80.056389, 47.0444638 ], [ -80.056251, 47.0445513 ], [ -80.0562755, 47.0447113 ], [ -80.0565312, 47.0450926 ], [ -80.0565565, 47.0455188 ], [ -80.0566337, 47.0456048 ], [ -80.0567922, 47.0456124 ], [ -80.056923, 47.0454687 ] ], [ [ -80.0531562, 47.0470636 ], [ -80.0529588, 47.0478571 ], [ -80.05302, 47.0481424 ], [ -80.0531863, 47.0484724 ], [ -80.0532108, 47.0486324 ], [ -80.0531567, 47.0488254 ], [ -80.0531427, 47.0491718 ], [ -80.0531915, 47.0492624 ], [ -80.0535238, 47.0494636 ], [ -80.0539378, 47.0496231 ], [ -80.0548184, 47.0502902 ], [ -80.0550765, 47.0503966 ], [ -80.0554325, 47.0504916 ], [ -80.0557911, 47.0505411 ], [ -80.0561552, 47.0505364 ], [ -80.0565654, 47.0504384 ], [ -80.0570527, 47.0501969 ], [ -80.0571684, 47.0500966 ], [ -80.057256, 47.0498081 ], [ -80.0571635, 47.049114 ], [ -80.057078, 47.0488981 ], [ -80.0568757, 47.0487091 ], [ -80.0565277, 47.0485145 ], [ -80.0558683, 47.0482506 ], [ -80.0551088, 47.0478511 ], [ -80.0544051, 47.0473689 ], [ -80.0542084, 47.0471257 ], [ -80.0537304, 47.0462675 ], [ -80.0534876, 47.0461177 ], [ -80.0533738, 47.0461358 ], [ -80.0532775, 47.0462577 ], [ -80.0531843, 47.0466003 ], [ -80.0531562, 47.0470636 ] ], [ [ -80.0515091, 47.0491981 ], [ -80.0515227, 47.0490443 ], [ -80.0515948, 47.0489919 ], [ -80.0516397, 47.0485955 ], [ -80.0516213, 47.0484182 ], [ -80.0514546, 47.0482808 ], [ -80.0512586, 47.0483038 ], [ -80.0510673, 47.0484284 ], [ -80.0507643, 47.0487184 ], [ -80.0500013, 47.0489421 ], [ -80.0498525, 47.0489453 ], [ -80.0496261, 47.0490551 ], [ -80.0495206, 47.049203 ], [ -80.0495222, 47.0493133 ], [ -80.0495969, 47.0494449 ], [ -80.0497666, 47.0495736 ], [ -80.0503045, 47.0497625 ], [ -80.0506656, 47.0497666 ], [ -80.050858, 47.0497155 ], [ -80.0511753, 47.049538 ], [ -80.0514285, 47.0493134 ], [ -80.0514498, 47.0492526 ], [ -80.0515091, 47.0491981 ] ], [ [ -80.0509326, 47.0557104 ], [ -80.051295, 47.0560175 ], [ -80.0515454, 47.0560309 ], [ -80.0520058, 47.055675 ], [ -80.0520142, 47.0553827 ], [ -80.051943, 47.0552793 ], [ -80.0518355, 47.054858 ], [ -80.0517649, 47.0547914 ], [ -80.0517505, 47.0540274 ], [ -80.0516427, 47.0537987 ], [ -80.0514308, 47.0535989 ], [ -80.051226, 47.0534552 ], [ -80.051001, 47.053446 ], [ -80.0507528, 47.0535797 ], [ -80.0506782, 47.0536776 ], [ -80.050576, 47.0542757 ], [ -80.0501402, 47.0547916 ], [ -80.0497041, 47.0550781 ], [ -80.0495746, 47.0551028 ], [ -80.0491279, 47.0553049 ], [ -80.0486755, 47.0555612 ], [ -80.0485913, 47.0556484 ], [ -80.0485056, 47.0558546 ], [ -80.0485052, 47.0560472 ], [ -80.0487928, 47.0562228 ], [ -80.0492144, 47.0562459 ], [ -80.0494966, 47.0560535 ], [ -80.049911, 47.0560204 ], [ -80.0501841, 47.055854 ], [ -80.0502054, 47.0557933 ], [ -80.0504633, 47.0556703 ], [ -80.0506812, 47.0556234 ], [ -80.0509326, 47.0557104 ] ], [ [ -80.0226863, 47.013663 ], [ -80.0222961, 47.0135898 ], [ -80.0221013, 47.0134569 ], [ -80.0220627, 47.0131845 ], [ -80.0218714, 47.0130797 ], [ -80.0217248, 47.01323 ], [ -80.0217659, 47.013457 ], [ -80.0219369, 47.0139254 ], [ -80.0219045, 47.0145532 ], [ -80.0218162, 47.0150342 ], [ -80.0217574, 47.0151255 ], [ -80.0215687, 47.0158928 ], [ -80.0214825, 47.0160622 ], [ -80.0212288, 47.0162499 ], [ -80.0210141, 47.0162881 ], [ -80.020763, 47.0164304 ], [ -80.0204291, 47.0169995 ], [ -80.0204236, 47.0172831 ], [ -80.0206316, 47.0174549 ], [ -80.0214714, 47.0177762 ], [ -80.0217531, 47.0180059 ], [ -80.0222245, 47.0182301 ], [ -80.0222961, 47.0183703 ], [ -80.0221814, 47.0187736 ], [ -80.0221774, 47.018938 ], [ -80.022251, 47.018996 ], [ -80.0223682, 47.0190061 ], [ -80.0226412, 47.0188398 ], [ -80.0230091, 47.0186708 ], [ -80.023208, 47.0186392 ], [ -80.0235627, 47.0186607 ], [ -80.0237566, 47.01872 ], [ -80.0240164, 47.0189737 ], [ -80.0241438, 47.0190313 ], [ -80.0244274, 47.0189494 ], [ -80.0250566, 47.0186856 ], [ -80.0252342, 47.0187147 ], [ -80.0255179, 47.0188622 ], [ -80.0256443, 47.0188462 ], [ -80.0256529, 47.018554 ], [ -80.0254295, 47.0179668 ], [ -80.025401, 47.0175125 ], [ -80.0255541, 47.0169229 ], [ -80.0257733, 47.0165276 ], [ -80.0259939, 47.0162427 ], [ -80.026278, 47.0159682 ], [ -80.026485, 47.015837 ], [ -80.0264992, 47.01572 ], [ -80.0263129, 47.0152949 ], [ -80.026318, 47.015204 ], [ -80.0261104, 47.015069 ], [ -80.0259394, 47.0150593 ], [ -80.0255761, 47.0148712 ], [ -80.0251666, 47.0147765 ], [ -80.0229791, 47.0137845 ], [ -80.0226863, 47.013663 ] ], [ [ -80.0286354, 47.0195754 ], [ -80.0285302, 47.0190718 ], [ -80.0284363, 47.0189188 ], [ -80.0282414, 47.0187859 ], [ -80.0281211, 47.0187845 ], [ -80.0280242, 47.0188696 ], [ -80.0279385, 47.0190757 ], [ -80.0276503, 47.0192854 ], [ -80.0272764, 47.0194718 ], [ -80.0272226, 47.0194721 ], [ -80.0271568, 47.0201954 ], [ -80.0271893, 47.0204851 ], [ -80.0271239, 47.0207864 ], [ -80.027025, 47.0209537 ], [ -80.0268525, 47.021063 ], [ -80.0266373, 47.0210644 ], [ -80.0264815, 47.0210113 ], [ -80.0263465, 47.0208607 ], [ -80.0262252, 47.0207858 ], [ -80.0260511, 47.0207848 ], [ -80.0257345, 47.0209989 ], [ -80.0255543, 47.0210152 ], [ -80.0248114, 47.0208383 ], [ -80.0244861, 47.0208859 ], [ -80.024102, 47.0210247 ], [ -80.0236468, 47.0212895 ], [ -80.0230637, 47.0216894 ], [ -80.0223746, 47.0219709 ], [ -80.022165, 47.0221475 ], [ -80.0220478, 47.0223669 ], [ -80.0220504, 47.0225508 ], [ -80.022195, 47.0227122 ], [ -80.0223351, 47.0227718 ], [ -80.0228264, 47.0228249 ], [ -80.0230456, 47.0228884 ], [ -80.0233679, 47.0230789 ], [ -80.0235135, 47.0230845 ], [ -80.0238058, 47.0229397 ], [ -80.0243407, 47.0229449 ], [ -80.0243981, 47.0229727 ], [ -80.0250939, 47.02294 ], [ -80.0258064, 47.0229743 ], [ -80.0271873, 47.0228246 ], [ -80.0275593, 47.0227204 ], [ -80.0281585, 47.0223508 ], [ -80.0285528, 47.02203 ], [ -80.0286359, 47.0218694 ], [ -80.0287378, 47.0212346 ], [ -80.0288093, 47.0211454 ], [ -80.0288192, 47.020046 ], [ -80.0286354, 47.0195754 ] ], [ [ -80.0473854, 47.0209328 ], [ -80.0474477, 47.0208696 ], [ -80.0476042, 47.0196566 ], [ -80.0476118, 47.0195202 ], [ -80.0475421, 47.0192978 ], [ -80.047375, 47.0191237 ], [ -80.0470593, 47.0189527 ], [ -80.0468791, 47.018969 ], [ -80.0466757, 47.0191284 ], [ -80.0462008, 47.0191056 ], [ -80.0460785, 47.0191865 ], [ -80.0460558, 47.0193663 ], [ -80.046131, 47.0195346 ], [ -80.0463301, 47.0197323 ], [ -80.0463729, 47.0200697 ], [ -80.0464471, 47.0201644 ], [ -80.0466983, 47.0202514 ], [ -80.046709, 47.0203357 ], [ -80.0466391, 47.0205353 ], [ -80.0465417, 47.0205836 ], [ -80.0465083, 47.020679 ], [ -80.0458911, 47.0213303 ], [ -80.0457923, 47.0214976 ], [ -80.0457836, 47.0222118 ], [ -80.0455363, 47.0228411 ], [ -80.0454467, 47.0232117 ], [ -80.0454378, 47.0234672 ], [ -80.0455389, 47.0236764 ], [ -80.0458202, 47.0238693 ], [ -80.0461512, 47.0239969 ], [ -80.0464355, 47.0241811 ], [ -80.0464964, 47.024237 ], [ -80.04649, 47.0244469 ], [ -80.0468703, 47.0247019 ], [ -80.0469135, 47.0248466 ], [ -80.0468346, 47.0253016 ], [ -80.0468809, 47.0254376 ], [ -80.0470174, 47.0254692 ], [ -80.0472005, 47.0252147 ], [ -80.0472136, 47.0250242 ], [ -80.0472856, 47.0249718 ], [ -80.0472971, 47.0246709 ], [ -80.0473721, 47.0246098 ], [ -80.047412, 47.0243043 ], [ -80.0477195, 47.0234647 ], [ -80.047808, 47.0230205 ], [ -80.0477793, 47.0225662 ], [ -80.0476958, 47.0222681 ], [ -80.0476349, 47.0222123 ], [ -80.0476303, 47.0221106 ], [ -80.0474448, 47.0217591 ], [ -80.0473839, 47.0217032 ], [ -80.0473854, 47.0209328 ] ], [ [ -80.0121837, 47.0260792 ], [ -80.0121705, 47.0262697 ], [ -80.0119568, 47.0263814 ], [ -80.011936, 47.0264789 ], [ -80.0119694, 47.0268423 ], [ -80.0118278, 47.0271311 ], [ -80.0114923, 47.0273604 ], [ -80.0110395, 47.0275797 ], [ -80.0109055, 47.0277321 ], [ -80.0108699, 47.0279098 ], [ -80.0110018, 47.0282985 ], [ -80.0110658, 47.0283457 ], [ -80.0110769, 47.0289256 ], [ -80.0106987, 47.0292765 ], [ -80.0107073, 47.0294431 ], [ -80.0107824, 47.0296114 ], [ -80.0109001, 47.0296582 ], [ -80.0112006, 47.0298727 ], [ -80.011231, 47.0300154 ], [ -80.0110868, 47.0301202 ], [ -80.0107924, 47.0301177 ], [ -80.0106731, 47.0301899 ], [ -80.0106112, 47.0302899 ], [ -80.010672, 47.0308046 ], [ -80.0107836, 47.0310982 ], [ -80.010909, 47.0312381 ], [ -80.011311, 47.0314692 ], [ -80.0114988, 47.0315459 ], [ -80.0120378, 47.0316161 ], [ -80.0123987, 47.0316203 ], [ -80.0128236, 47.0316717 ], [ -80.013319, 47.0317897 ], [ -80.0137885, 47.0320962 ], [ -80.0143463, 47.0328392 ], [ -80.0146767, 47.0336184 ], [ -80.0146726, 47.0344711 ], [ -80.0147355, 47.0346742 ], [ -80.0147506, 47.0357778 ], [ -80.0148121, 47.0358705 ], [ -80.0147405, 47.0359597 ], [ -80.0147775, 47.0361218 ], [ -80.015007, 47.0364623 ], [ -80.0151699, 47.0365716 ], [ -80.0153715, 47.0364946 ], [ -80.0154898, 47.0363488 ], [ -80.015539, 47.0360173 ], [ -80.015737, 47.0356828 ], [ -80.0158726, 47.0356408 ], [ -80.0159995, 47.0356616 ], [ -80.0161142, 47.0357171 ], [ -80.016167, 47.0358726 ], [ -80.0162634, 47.0359802 ], [ -80.0163685, 47.036025 ], [ -80.016299, 47.0360319 ], [ -80.016102, 47.0364401 ], [ -80.0160725, 47.0366004 ], [ -80.0161466, 47.0369246 ], [ -80.0163802, 47.0371006 ], [ -80.0166309, 47.0371509 ], [ -80.0167726, 47.0370915 ], [ -80.0171193, 47.0367538 ], [ -80.0174199, 47.0365095 ], [ -80.0177783, 47.0363297 ], [ -80.0178859, 47.036329 ], [ -80.0179504, 47.036413 ], [ -80.0180666, 47.0368083 ], [ -80.018258, 47.0369132 ], [ -80.0184342, 47.0368319 ], [ -80.0186083, 47.0366036 ], [ -80.0190768, 47.0361482 ], [ -80.0193865, 47.0356484 ], [ -80.0195778, 47.035065 ], [ -80.0195854, 47.0346992 ], [ -80.0195281, 47.034442 ], [ -80.0192179, 47.0339874 ], [ -80.0191351, 47.0339555 ], [ -80.0189646, 47.0339825 ], [ -80.0186955, 47.0339843 ], [ -80.0184118, 47.0340662 ], [ -80.0182219, 47.0340717 ], [ -80.0180965, 47.0339319 ], [ -80.0179143, 47.0333422 ], [ -80.0178437, 47.0332756 ], [ -80.0178407, 47.0330548 ], [ -80.0177671, 47.0329969 ], [ -80.0177595, 47.0326745 ], [ -80.0176859, 47.0326165 ], [ -80.0176575, 47.0319328 ], [ -80.0177174, 47.0316857 ], [ -80.0178894, 47.0313102 ], [ -80.0180163, 47.0311016 ], [ -80.0181945, 47.0309381 ], [ -80.0188173, 47.0301961 ], [ -80.0188417, 47.0298973 ], [ -80.0186818, 47.0297793 ], [ -80.0184407, 47.0297397 ], [ -80.0178443, 47.0298713 ], [ -80.017629, 47.0298726 ], [ -80.0173367, 47.029788 ], [ -80.0170169, 47.029552 ], [ -80.0169758, 47.029325 ], [ -80.0170154, 47.0289828 ], [ -80.0170875, 47.0289304 ], [ -80.0171058, 47.0286489 ], [ -80.0171707, 47.0285403 ], [ -80.0171915, 47.027984 ], [ -80.0170992, 47.0277119 ], [ -80.0168662, 47.0275727 ], [ -80.0165642, 47.0274773 ], [ -80.0161805, 47.0274235 ], [ -80.0154776, 47.0271704 ], [ -80.0151862, 47.0271593 ], [ -80.0150264, 47.0272707 ], [ -80.0150121, 47.0273877 ], [ -80.0149157, 47.0275095 ], [ -80.0147741, 47.0275688 ], [ -80.014499, 47.0275879 ], [ -80.0143432, 47.0275348 ], [ -80.0143772, 47.0272468 ], [ -80.0144701, 47.0270968 ], [ -80.0146853, 47.0264072 ], [ -80.0145504, 47.0262566 ], [ -80.0143276, 47.026165 ], [ -80.0141672, 47.0260102 ], [ -80.014082, 47.0255649 ], [ -80.0141388, 47.0253265 ], [ -80.0140846, 47.0248313 ], [ -80.0138953, 47.0244148 ], [ -80.0137791, 47.0242489 ], [ -80.0134254, 47.0240715 ], [ -80.0133863, 47.0239917 ], [ -80.013465, 47.0239587 ], [ -80.0140029, 47.0239553 ], [ -80.0144449, 47.0243399 ], [ -80.0147012, 47.024336 ], [ -80.0152595, 47.0241983 ], [ -80.015728, 47.0239724 ], [ -80.0158533, 47.0238828 ], [ -80.0158924, 47.0237333 ], [ -80.0156778, 47.0230832 ], [ -80.0156524, 47.0226203 ], [ -80.0156742, 47.0223669 ], [ -80.0157336, 47.0223124 ], [ -80.0157727, 47.0221629 ], [ -80.0160153, 47.021854 ], [ -80.0165644, 47.0215129 ], [ -80.0166892, 47.0213865 ], [ -80.0167344, 47.0212196 ], [ -80.0166273, 47.0210277 ], [ -80.0165771, 47.0208267 ], [ -80.0166126, 47.0206491 ], [ -80.0168232, 47.0203166 ], [ -80.0167385, 47.0201375 ], [ -80.0164046, 47.0200185 ], [ -80.0161905, 47.019864 ], [ -80.0161296, 47.0195788 ], [ -80.0161956, 47.0188555 ], [ -80.0161271, 47.0187067 ], [ -80.0155679, 47.0183121 ], [ -80.0155156, 47.0181934 ], [ -80.0155253, 47.0179747 ], [ -80.0155846, 47.0179202 ], [ -80.0156232, 47.0177339 ], [ -80.0158267, 47.0173452 ], [ -80.0158288, 47.017263 ], [ -80.0156633, 47.0169697 ], [ -80.0150458, 47.0167032 ], [ -80.0141066, 47.0165123 ], [ -80.0134424, 47.0163023 ], [ -80.0130943, 47.0160708 ], [ -80.0128691, 47.0157952 ], [ -80.0126099, 47.0151195 ], [ -80.0123638, 47.0149415 ], [ -80.0120117, 47.0148745 ], [ -80.0117016, 47.0148786 ], [ -80.0115231, 47.0147759 ], [ -80.0115246, 47.0146569 ], [ -80.0115713, 47.0146003 ], [ -80.011483, 47.0143931 ], [ -80.0113663, 47.0144198 ], [ -80.0112679, 47.0146239 ], [ -80.0112085, 47.0146784 ], [ -80.011181, 47.0149858 ], [ -80.0109857, 47.0150455 ], [ -80.0109268, 47.0151368 ], [ -80.0112017, 47.0155765 ], [ -80.011189, 47.0158038 ], [ -80.0110667, 47.0158846 ], [ -80.0109373, 47.0159093 ], [ -80.0107724, 47.0158822 ], [ -80.0106461, 47.0158981 ], [ -80.010505, 47.0159943 ], [ -80.0100979, 47.017001 ], [ -80.0099238, 47.0172293 ], [ -80.0095894, 47.0173029 ], [ -80.0095219, 47.0174569 ], [ -80.0094406, 47.0175354 ], [ -80.0093868, 47.0177651 ], [ -80.0094959, 47.0178748 ], [ -80.0097273, 47.0179036 ], [ -80.0098896, 47.0179762 ], [ -80.0100246, 47.0181268 ], [ -80.0100114, 47.0183173 ], [ -80.0101052, 47.0184704 ], [ -80.0105091, 47.0188487 ], [ -80.0110124, 47.0195553 ], [ -80.0111407, 47.0196865 ], [ -80.0117557, 47.0199985 ], [ -80.0119419, 47.0201943 ], [ -80.0121027, 47.0206152 ], [ -80.0120935, 47.0215588 ], [ -80.0121833, 47.0218764 ], [ -80.0125578, 47.0221856 ], [ -80.0126313, 47.0227024 ], [ -80.01268, 47.022793 ], [ -80.0127729, 47.0228725 ], [ -80.0129221, 47.0229061 ], [ -80.013053, 47.0229919 ], [ -80.013092, 47.0230717 ], [ -80.0130169, 47.0231328 ], [ -80.0128875, 47.0231574 ], [ -80.0127586, 47.0232188 ], [ -80.0127155, 47.0233035 ], [ -80.0131067, 47.0234503 ], [ -80.0130864, 47.0235846 ], [ -80.013024, 47.0236478 ], [ -80.012549, 47.0236248 ], [ -80.0123891, 47.0237362 ], [ -80.0123865, 47.0240111 ], [ -80.0123027, 47.024135 ], [ -80.0121271, 47.024253 ], [ -80.0119383, 47.0243321 ], [ -80.0117642, 47.0245604 ], [ -80.0116566, 47.0247905 ], [ -80.0116637, 47.0250761 ], [ -80.0117463, 47.0253375 ], [ -80.0119523, 47.0258209 ], [ -80.0121837, 47.0260792 ] ], [ [ -80.0002032, 47.0328293 ], [ -80.0005503, 47.0329873 ], [ -80.0006274, 47.0330734 ], [ -80.0006522, 47.0332702 ], [ -80.0005491, 47.0336019 ], [ -80.0005617, 47.0338334 ], [ -80.0007099, 47.0337935 ], [ -80.000944, 47.0335475 ], [ -80.0010365, 47.0333608 ], [ -80.0011832, 47.0332106 ], [ -80.0012665, 47.0330499 ], [ -80.00165, 47.0326081 ], [ -80.0016074, 47.0325002 ], [ -80.0014475, 47.0323822 ], [ -80.0012384, 47.0323662 ], [ -80.0005449, 47.0325826 ], [ -80.0003962, 47.0325857 ], [ -80.0002139, 47.0326842 ], [ -80.0002032, 47.0328293 ] ], [ [ -80.0215075, 47.0361065 ], [ -80.0212562, 47.0360194 ], [ -80.0211663, 47.0359312 ], [ -80.0211338, 47.0356414 ], [ -80.0215027, 47.0339401 ], [ -80.0214915, 47.033819 ], [ -80.0215585, 47.0333987 ], [ -80.0215712, 47.032942 ], [ -80.021395, 47.0327938 ], [ -80.0211813, 47.0326761 ], [ -80.0210356, 47.0326706 ], [ -80.0208513, 47.032622 ], [ -80.0206183, 47.0324828 ], [ -80.0206041, 47.032141 ], [ -80.0209497, 47.0315003 ], [ -80.0210218, 47.0312185 ], [ -80.0209467, 47.0310502 ], [ -80.0208604, 47.0309901 ], [ -80.0206888, 47.0309436 ], [ -80.0204274, 47.0310384 ], [ -80.0201858, 47.0311914 ], [ -80.0201854, 47.0325311 ], [ -80.0199737, 47.0330194 ], [ -80.0199473, 47.0331711 ], [ -80.0200169, 47.0333935 ], [ -80.020392, 47.0337396 ], [ -80.0205063, 47.0339877 ], [ -80.0204976, 47.0342799 ], [ -80.0201901, 47.0351563 ], [ -80.0202241, 47.035327 ], [ -80.0205079, 47.0357039 ], [ -80.0207435, 47.0367153 ], [ -80.0207714, 47.0371328 ], [ -80.0208928, 47.0376666 ], [ -80.0209421, 47.037794 ], [ -80.0212269, 47.038015 ], [ -80.0213386, 47.0383087 ], [ -80.0212665, 47.0383611 ], [ -80.0213147, 47.0384149 ], [ -80.0212523, 47.038478 ], [ -80.0212269, 47.0387033 ], [ -80.0211016, 47.0390222 ], [ -80.0209935, 47.0396744 ], [ -80.020931, 47.0397376 ], [ -80.0209199, 47.0398458 ], [ -80.0210925, 47.0399659 ], [ -80.0214144, 47.0398903 ], [ -80.0215855, 47.0399 ], [ -80.0216855, 47.0400357 ], [ -80.0216053, 47.0401877 ], [ -80.0216302, 47.0403845 ], [ -80.0217911, 47.0405761 ], [ -80.0217988, 47.0406691 ], [ -80.0216322, 47.0407611 ], [ -80.0213474, 47.0407694 ], [ -80.0211865, 47.0408072 ], [ -80.0211758, 47.0409523 ], [ -80.0214256, 47.0411585 ], [ -80.0214175, 47.0412581 ], [ -80.0213424, 47.0413192 ], [ -80.0208261, 47.0415281 ], [ -80.0203371, 47.0418884 ], [ -80.0203234, 47.0420421 ], [ -80.0205078, 47.0423201 ], [ -80.0204941, 47.0427033 ], [ -80.0204504, 47.0427512 ], [ -80.0204007, 47.0430459 ], [ -80.0203326, 47.0431632 ], [ -80.0203271, 47.0434468 ], [ -80.020423, 47.0435176 ], [ -80.0205799, 47.0434148 ], [ -80.0206678, 47.0431264 ], [ -80.0209079, 47.042863 ], [ -80.0211775, 47.0424392 ], [ -80.0214146, 47.0421844 ], [ -80.0214288, 47.0420674 ], [ -80.022269, 47.0412417 ], [ -80.0222964, 47.0411636 ], [ -80.0224273, 47.0410199 ], [ -80.0225217, 47.0407509 ], [ -80.0227568, 47.0405784 ], [ -80.0228314, 47.0404806 ], [ -80.022939, 47.0402504 ], [ -80.0229405, 47.039902 ], [ -80.0228029, 47.039338 ], [ -80.0226449, 47.0389083 ], [ -80.0223382, 47.0384818 ], [ -80.0222661, 47.0383048 ], [ -80.0223001, 47.0380167 ], [ -80.0224762, 47.0377061 ], [ -80.0233615, 47.0369428 ], [ -80.0237056, 47.0364212 ], [ -80.0238685, 47.0358423 ], [ -80.0239501, 47.034883 ], [ -80.0240379, 47.0345946 ], [ -80.0241059, 47.0344772 ], [ -80.0243693, 47.0343002 ], [ -80.0243734, 47.0341357 ], [ -80.0241551, 47.0339164 ], [ -80.0240469, 47.0336509 ], [ -80.0240433, 47.033164 ], [ -80.0244614, 47.0322782 ], [ -80.0245335, 47.0322258 ], [ -80.0245416, 47.0321262 ], [ -80.0249897, 47.0313463 ], [ -80.0251181, 47.0312481 ], [ -80.0253226, 47.0311624 ], [ -80.0255343, 47.0311328 ], [ -80.0259724, 47.031223 ], [ -80.0261592, 47.0312262 ], [ -80.0264388, 47.0310793 ], [ -80.0266372, 47.0307815 ], [ -80.0271198, 47.0302092 ], [ -80.0277994, 47.0299169 ], [ -80.0283176, 47.0296256 ], [ -80.0287078, 47.02924 ], [ -80.0287336, 47.0290516 ], [ -80.028793, 47.0289971 ], [ -80.0287919, 47.0286941 ], [ -80.0287214, 47.0286275 ], [ -80.0287157, 47.0284522 ], [ -80.0283964, 47.028253 ], [ -80.0280563, 47.0281514 ], [ -80.0276797, 47.0281539 ], [ -80.0271463, 47.0282591 ], [ -80.0269484, 47.0283642 ], [ -80.026044, 47.0286472 ], [ -80.0254212, 47.0289304 ], [ -80.0248254, 47.0293282 ], [ -80.0245788, 47.0295722 ], [ -80.0242769, 47.0303944 ], [ -80.0240282, 47.0307207 ], [ -80.0236562, 47.0310542 ], [ -80.0236237, 47.0312232 ], [ -80.0236877, 47.0312704 ], [ -80.0241242, 47.0312503 ], [ -80.0242836, 47.0313315 ], [ -80.0244111, 47.0316185 ], [ -80.0243669, 47.031859 ], [ -80.0239559, 47.0323421 ], [ -80.0233549, 47.0328308 ], [ -80.0231626, 47.0331113 ], [ -80.0231499, 47.0333386 ], [ -80.0232814, 47.0334611 ], [ -80.0234372, 47.0335142 ], [ -80.0236611, 47.0336794 ], [ -80.0237124, 47.0339539 ], [ -80.0235323, 47.0346584 ], [ -80.0233998, 47.0349212 ], [ -80.023142, 47.0352735 ], [ -80.023103, 47.0356525 ], [ -80.0229776, 47.035742 ], [ -80.0227725, 47.035791 ], [ -80.0223994, 47.0358215 ], [ -80.0220303, 47.035917 ], [ -80.0216811, 47.0360707 ], [ -80.0215075, 47.0361065 ] ], [ [ -80.029291, 47.0387502 ], [ -80.0297438, 47.0385308 ], [ -80.0300351, 47.0383124 ], [ -80.0300462, 47.0382042 ], [ -80.0300066, 47.0380875 ], [ -80.0291668, 47.0375736 ], [ -80.0284057, 47.0372562 ], [ -80.0281112, 47.0370244 ], [ -80.0279528, 47.0367873 ], [ -80.0279446, 47.0366575 ], [ -80.0277111, 47.0364816 ], [ -80.027578, 47.0364781 ], [ -80.0274466, 47.036585 ], [ -80.0273573, 47.0367631 ], [ -80.0274457, 47.0369703 ], [ -80.0274436, 47.0370525 ], [ -80.0272929, 47.0371379 ], [ -80.0270304, 47.0371591 ], [ -80.0266842, 47.0370748 ], [ -80.0265248, 47.0369936 ], [ -80.0262745, 47.0369801 ], [ -80.0262446, 47.0371037 ], [ -80.0262969, 47.0372224 ], [ -80.026568, 47.0373678 ], [ -80.026965, 47.0374604 ], [ -80.0274559, 47.0374766 ], [ -80.0275854, 47.037452 ], [ -80.0278235, 47.0375002 ], [ -80.0279423, 47.0376206 ], [ -80.0279474, 47.0377591 ], [ -80.0278195, 47.0378941 ], [ -80.0273586, 47.0382131 ], [ -80.0272906, 47.0383305 ], [ -80.0275689, 47.0385321 ], [ -80.0274897, 47.0387577 ], [ -80.027178, 47.0388809 ], [ -80.026575, 47.0392225 ], [ -80.026379, 47.0392454 ], [ -80.0262034, 47.0393634 ], [ -80.0262592, 47.0395102 ], [ -80.0264862, 47.0396668 ], [ -80.0268477, 47.0397077 ], [ -80.0271903, 47.0395345 ], [ -80.0274147, 47.039507 ], [ -80.0276808, 47.0395139 ], [ -80.0278133, 47.0394806 ], [ -80.0280366, 47.0393796 ], [ -80.0280422, 47.0393254 ], [ -80.0284468, 47.0390522 ], [ -80.029291, 47.0387502 ] ], [ [ -80.0309577, 47.0404274 ], [ -80.0310292, 47.0403382 ], [ -80.0310845, 47.0402188 ], [ -80.0310419, 47.0401108 ], [ -80.0306326, 47.0398235 ], [ -80.0304422, 47.0397923 ], [ -80.0300817, 47.039825 ], [ -80.0296654, 47.0399402 ], [ -80.0294589, 47.0401083 ], [ -80.0293802, 47.0403707 ], [ -80.0294483, 47.0404827 ], [ -80.0295732, 47.0405858 ], [ -80.0298784, 47.0406725 ], [ -80.0301921, 47.0406965 ], [ -80.0305739, 47.040603 ], [ -80.0309577, 47.0404274 ] ], [ [ -80.0436558, 47.04215 ], [ -80.0439106, 47.0420358 ], [ -80.0439659, 47.0419164 ], [ -80.0437519, 47.0415693 ], [ -80.0435818, 47.0414038 ], [ -80.043372, 47.0413511 ], [ -80.043165, 47.0414824 ], [ -80.0431778, 47.0417139 ], [ -80.0433379, 47.0420613 ], [ -80.0434563, 47.0421449 ], [ -80.0435421, 47.0421681 ], [ -80.0436558, 47.04215 ] ], [ [ -80.0473546, 47.0422051 ], [ -80.0478388, 47.0419725 ], [ -80.0480164, 47.0417721 ], [ -80.0480087, 47.0416791 ], [ -80.0478934, 47.0415868 ], [ -80.047767, 47.0416028 ], [ -80.0475909, 47.0416841 ], [ -80.0473062, 47.041922 ], [ -80.0470829, 47.042023 ], [ -80.0469432, 47.0420002 ], [ -80.0463863, 47.0420191 ], [ -80.0462107, 47.0421371 ], [ -80.0461676, 47.0422218 ], [ -80.0462205, 47.0423773 ], [ -80.0464288, 47.042549 ], [ -80.0467538, 47.042694 ], [ -80.0470544, 47.042679 ], [ -80.0472614, 47.0425477 ], [ -80.0472791, 47.0424589 ], [ -80.0473415, 47.0423957 ], [ -80.0473546, 47.0422051 ] ], [ [ -80.0450796, 47.0431815 ], [ -80.0449967, 47.0429201 ], [ -80.0447975, 47.0427224 ], [ -80.0446701, 47.0426648 ], [ -80.0444197, 47.0426513 ], [ -80.0442466, 47.0427239 ], [ -80.0441152, 47.0428309 ], [ -80.0440108, 47.0430523 ], [ -80.0440134, 47.0432363 ], [ -80.0440663, 47.0433917 ], [ -80.0444046, 47.0435756 ], [ -80.0446397, 47.0436325 ], [ -80.0447661, 47.0436165 ], [ -80.044995, 47.0434612 ], [ -80.0450796, 47.0431815 ] ], [ [ -80.0427469, 47.0436712 ], [ -80.0430368, 47.0438012 ], [ -80.0432364, 47.0438064 ], [ -80.0433308, 47.0437668 ], [ -80.0433201, 47.0436825 ], [ -80.0434079, 47.0436234 ], [ -80.043611, 47.0436567 ], [ -80.0437532, 47.0436341 ], [ -80.0437927, 47.0435213 ], [ -80.0437398, 47.0433658 ], [ -80.0432374, 47.0429991 ], [ -80.0430404, 47.0429485 ], [ -80.042845, 47.0430082 ], [ -80.0427831, 47.0431082 ], [ -80.0427476, 47.0432859 ], [ -80.0427469, 47.0436712 ] ], [ [ -80.0323281, 47.0453227 ], [ -80.0325342, 47.0453473 ], [ -80.0326627, 47.045249 ], [ -80.0326935, 47.0449696 ], [ -80.0326762, 47.0448659 ], [ -80.0325229, 47.0447673 ], [ -80.0322497, 47.0447042 ], [ -80.0318546, 47.0445293 ], [ -80.0315819, 47.044503 ], [ -80.0311296, 47.0447592 ], [ -80.030729, 47.0448679 ], [ -80.0304021, 47.0450345 ], [ -80.0301269, 47.0450537 ], [ -80.0298821, 47.044986 ], [ -80.029294, 47.044596 ], [ -80.0291107, 47.044621 ], [ -80.0290168, 47.0446973 ], [ -80.0290189, 47.0448445 ], [ -80.0291601, 47.0449778 ], [ -80.0296257, 47.0452193 ], [ -80.0303128, 47.045442 ], [ -80.0305377, 47.0454514 ], [ -80.0315354, 47.0452478 ], [ -80.0319878, 47.045221 ], [ -80.0323281, 47.0453227 ] ], [ [ -80.0202525, 47.04538 ], [ -80.0201611, 47.0451815 ], [ -80.019922, 47.0450596 ], [ -80.0198986, 47.0449732 ], [ -80.0199799, 47.0448948 ], [ -80.0202078, 47.0448955 ], [ -80.0203967, 47.0448163 ], [ -80.0204556, 47.044725 ], [ -80.0203368, 47.0441458 ], [ -80.0202337, 47.0440187 ], [ -80.0201291, 47.0440108 ], [ -80.0197574, 47.0441517 ], [ -80.0196589, 47.0441264 ], [ -80.0196513, 47.0440333 ], [ -80.0195421, 47.0439237 ], [ -80.0193685, 47.0439594 ], [ -80.0191471, 47.0442076 ], [ -80.0188262, 47.0443568 ], [ -80.0188308, 47.0446879 ], [ -80.0187247, 47.044799 ], [ -80.0185602, 47.0448087 ], [ -80.0183936, 47.0449007 ], [ -80.0182814, 47.0450291 ], [ -80.0182479, 47.0451246 ], [ -80.0183236, 47.0453297 ], [ -80.0183165, 47.0455029 ], [ -80.0180844, 47.0456667 ], [ -80.0179077, 47.0457111 ], [ -80.017074, 47.0454092 ], [ -80.0163951, 47.0453161 ], [ -80.0156487, 47.0451478 ], [ -80.015408, 47.045145 ], [ -80.0151496, 47.0452311 ], [ -80.0150668, 47.0454286 ], [ -80.0148825, 47.0456094 ], [ -80.0143925, 47.0456666 ], [ -80.0142574, 47.0457454 ], [ -80.0141767, 47.0458607 ], [ -80.014236, 47.0460356 ], [ -80.0143036, 47.0461109 ], [ -80.0145392, 47.0462046 ], [ -80.0152145, 47.0462695 ], [ -80.015478, 47.046322 ], [ -80.0158142, 47.0465882 ], [ -80.0158852, 47.0466916 ], [ -80.0158548, 47.0467784 ], [ -80.0156476, 47.0469096 ], [ -80.0148956, 47.0470248 ], [ -80.01489, 47.0470789 ], [ -80.0148813, 47.0471418 ], [ -80.0155597, 47.0474274 ], [ -80.0161828, 47.0473736 ], [ -80.0164666, 47.0472917 ], [ -80.0166012, 47.0471762 ], [ -80.01665, 47.0468079 ], [ -80.0168287, 47.0466812 ], [ -80.0170521, 47.0465802 ], [ -80.017603, 47.0465788 ], [ -80.0180225, 47.0466843 ], [ -80.0182205, 47.0468086 ], [ -80.0183622, 47.0469787 ], [ -80.018319, 47.0470634 ], [ -80.0183261, 47.047349 ], [ -80.0184983, 47.0474323 ], [ -80.0189507, 47.0474056 ], [ -80.0192503, 47.0473171 ], [ -80.019396, 47.0473226 ], [ -80.0195291, 47.0473261 ], [ -80.0199241, 47.047501 ], [ -80.0200602, 47.0474958 ], [ -80.0202445, 47.047315 ], [ -80.0202526, 47.0472154 ], [ -80.0205035, 47.0470363 ], [ -80.0207817, 47.0470085 ], [ -80.0208391, 47.0470362 ], [ -80.0211524, 47.0470234 ], [ -80.0214779, 47.0469758 ], [ -80.0215942, 47.0469123 ], [ -80.0216719, 47.0468058 ], [ -80.0217328, 47.0466322 ], [ -80.0219054, 47.0465229 ], [ -80.0220633, 47.0464937 ], [ -80.022203, 47.0465166 ], [ -80.0226792, 47.0463837 ], [ -80.0232479, 47.046064 ], [ -80.0239278, 47.0457717 ], [ -80.0242659, 47.0457262 ], [ -80.0251012, 47.0456796 ], [ -80.0253947, 47.0456084 ], [ -80.025517, 47.0455276 ], [ -80.0256069, 47.0453863 ], [ -80.025549, 47.0453217 ], [ -80.0255571, 47.0452221 ], [ -80.0252671, 47.0448626 ], [ -80.0249695, 47.0446394 ], [ -80.0245206, 47.0444649 ], [ -80.0243312, 47.0442778 ], [ -80.0241591, 47.0441945 ], [ -80.0240169, 47.0442171 ], [ -80.0238819, 47.0442959 ], [ -80.0237494, 47.0445586 ], [ -80.0237109, 47.0452039 ], [ -80.0235048, 47.0454087 ], [ -80.0233037, 47.0455225 ], [ -80.0224603, 47.0456687 ], [ -80.0220744, 47.0456972 ], [ -80.0217053, 47.0457926 ], [ -80.0216149, 47.0458971 ], [ -80.021622, 47.0461827 ], [ -80.0215002, 47.0463004 ], [ -80.0211244, 47.0463764 ], [ -80.0207817, 47.0463202 ], [ -80.020574, 47.0461852 ], [ -80.0203232, 47.0459055 ], [ -80.0202525, 47.04538 ] ], [ [ -80.0082727, 47.0466537 ], [ -80.008493, 47.0467908 ], [ -80.0088495, 47.0469227 ], [ -80.0089022, 47.0470782 ], [ -80.008856, 47.0471716 ], [ -80.0088697, 47.0472472 ], [ -80.0091271, 47.047317 ], [ -80.0107028, 47.0469975 ], [ -80.010776, 47.0470187 ], [ -80.0118266, 47.0469708 ], [ -80.0124765, 47.0470316 ], [ -80.0134296, 47.047032 ], [ -80.0138673, 47.0470855 ], [ -80.0140923, 47.0468654 ], [ -80.0140131, 47.0466322 ], [ -80.0137953, 47.0464496 ], [ -80.0135856, 47.0463969 ], [ -80.013091, 47.0463524 ], [ -80.0128843, 47.046291 ], [ -80.0121644, 47.0459709 ], [ -80.0117175, 47.0459435 ], [ -80.0114555, 47.0460014 ], [ -80.0111702, 47.0459729 ], [ -80.0104705, 47.045748 ], [ -80.0101308, 47.045683 ], [ -80.0097129, 47.0456879 ], [ -80.0096555, 47.0456601 ], [ -80.008539, 47.0457429 ], [ -80.0082713, 47.045855 ], [ -80.008119, 47.0460594 ], [ -80.0080773, 47.0462545 ], [ -80.0081021, 47.0464513 ], [ -80.0082727, 47.0466537 ] ], [ [ -80.0434908, 47.0507025 ], [ -80.043641, 47.0505803 ], [ -80.0439879, 47.0498204 ], [ -80.0440688, 47.0492831 ], [ -80.0439789, 47.049195 ], [ -80.0439032, 47.0492193 ], [ -80.0437505, 47.049387 ], [ -80.0435735, 47.0498535 ], [ -80.0433815, 47.0505928 ], [ -80.0434176, 47.0506813 ], [ -80.0434908, 47.0507025 ] ], [ [ -80.0437307, 47.0579084 ], [ -80.0439841, 47.0579132 ], [ -80.0442208, 47.057851 ], [ -80.0451388, 47.0573773 ], [ -80.045391, 47.0570791 ], [ -80.0451682, 47.0565654 ], [ -80.0451564, 47.0564075 ], [ -80.0451082, 47.0563537 ], [ -80.0450193, 47.0563392 ], [ -80.0449, 47.0564114 ], [ -80.0446166, 47.0565302 ], [ -80.0444102, 47.0569277 ], [ -80.0438882, 47.0571909 ], [ -80.0436546, 47.0572444 ], [ -80.04335, 47.057424 ], [ -80.043317, 47.0575562 ], [ -80.0434014, 47.0576985 ], [ -80.0437307, 47.0579084 ] ], [ [ -80.0410538, 47.0594155 ], [ -80.0410873, 47.0593201 ], [ -80.0412086, 47.0591656 ], [ -80.041204, 47.0590639 ], [ -80.0410053, 47.0589029 ], [ -80.0404973, 47.0588197 ], [ -80.0403358, 47.0588208 ], [ -80.0401753, 47.0588954 ], [ -80.0401674, 47.0592245 ], [ -80.0400334, 47.0593769 ], [ -80.0399074, 47.0594297 ], [ -80.0396382, 47.0594315 ], [ -80.0392217, 47.0593174 ], [ -80.0389936, 47.0593168 ], [ -80.0387829, 47.0594199 ], [ -80.0386122, 47.059447 ], [ -80.0380357, 47.0594444 ], [ -80.0377397, 47.059561 ], [ -80.0375742, 47.0597266 ], [ -80.03749, 47.0600432 ], [ -80.0376883, 47.0606263 ], [ -80.0377915, 47.0607533 ], [ -80.0380308, 47.0608751 ], [ -80.0384336, 47.0609135 ], [ -80.0390788, 47.0610651 ], [ -80.039824, 47.0611229 ], [ -80.0402735, 47.0611047 ], [ -80.0406397, 47.0610179 ], [ -80.0412896, 47.0606196 ], [ -80.0419966, 47.0604417 ], [ -80.0422164, 47.0603125 ], [ -80.0422047, 47.0601546 ], [ -80.041666, 47.0596993 ], [ -80.0410538, 47.0594155 ] ] ] } },
{ "type": "Feature", "properties": { "element": "relation", "id": 5644590, "natural": "wood", "source": "NRCan-CanVec-10.0", "type": "multipolygon" }, "geometry": { "type": "Polygon", "coordinates": [ [ [ -80.1034468, 46.905996 ], [ -80.1029692, 46.9045243 ], [ -80.1032834, 46.9034296 ], [ -80.1032166, 46.9031987 ], [ -80.1025185, 46.9023664 ], [ -80.1026549, 46.9021991 ], [ -80.1028238, 46.9020984 ], [ -80.1030884, 46.9020683 ], [ -80.1033228, 46.902125 ], [ -80.1035656, 46.9023114 ], [ -80.1040196, 46.9030824 ], [ -80.1044137, 46.9032569 ], [ -80.1048759, 46.9033508 ], [ -80.1053241, 46.9037541 ], [ -80.1053534, 46.9042082 ], [ -80.1055588, 46.9044251 ], [ -80.105815, 46.9044578 ], [ -80.106328, 46.9043675 ], [ -80.1066602, 46.9042201 ], [ -80.1063553, 46.9040969 ], [ -80.1058236, 46.9042025 ], [ -80.105582, 46.9038972 ], [ -80.1052443, 46.9032918 ], [ -80.10477, 46.9030401 ], [ -80.104482, 46.9029838 ], [ -80.1039187, 46.9024883 ], [ -80.10382, 46.9022338 ], [ -80.1036038, 46.9019326 ], [ -80.1034406, 46.9017867 ], [ -80.1031115, 46.9017329 ], [ -80.1027372, 46.9018092 ], [ -80.1023604, 46.9019309 ], [ -80.102233, 46.9021121 ], [ -80.1020087, 46.9022493 ], [ -80.1019503, 46.9023829 ], [ -80.1016416, 46.9023818 ], [ -80.1014727, 46.9024826 ], [ -80.101582, 46.9030754 ], [ -80.1014083, 46.9032055 ], [ -80.1018785, 46.9040067 ], [ -80.1010655, 46.9038829 ], [ -80.1004454, 46.9027821 ], [ -80.0994482, 46.9023807 ], [ -80.09866, 46.9020317 ], [ -80.0985848, 46.9018635 ], [ -80.0989277, 46.9012751 ], [ -80.0992851, 46.9012354 ], [ -80.0997144, 46.9010398 ], [ -80.0997143, 46.9010153 ], [ -80.1000659, 46.9009139 ], [ -80.1002781, 46.8999584 ], [ -80.099719, 46.8997203 ], [ -80.0993563, 46.8987258 ], [ -80.0989111, 46.8985062 ], [ -80.0987316, 46.8983302 ], [ -80.0987453, 46.8977915 ], [ -80.0984621, 46.8976443 ], [ -80.0982765, 46.8960645 ], [ -80.0982146, 46.8959352 ], [ -80.0977093, 46.8955041 ], [ -80.0976164, 46.8948105 ], [ -80.0973357, 46.8946178 ], [ -80.09692, 46.8944673 ], [ -80.0962085, 46.8949743 ], [ -80.0957858, 46.895178 ], [ -80.0957039, 46.8951943 ], [ -80.0956286, 46.8952538 ], [ -80.0955978, 46.8952686 ], [ -80.0938417, 46.8951646 ], [ -80.0936157, 46.8953198 ], [ -80.0936011, 46.8953178 ], [ -80.0933853, 46.8954383 ], [ -80.0933856, 46.8954777 ], [ -80.0923551, 46.8961854 ], [ -80.0923492, 46.8961856 ], [ -80.0923463, 46.8961914 ], [ -80.0917498, 46.896601 ], [ -80.091771, 46.89671 ], [ -80.0917484, 46.8967199 ], [ -80.0915711, 46.8968835 ], [ -80.0915481, 46.8970264 ], [ -80.0918425, 46.8972946 ], [ -80.0918977, 46.897597 ], [ -80.0927846, 46.8983048 ], [ -80.0929216, 46.8987308 ], [ -80.0930756, 46.8992843 ], [ -80.093378, 46.899453 ], [ -80.0934236, 46.8997447 ], [ -80.0935186, 46.8999711 ], [ -80.0935286, 46.9000142 ], [ -80.0929215, 46.9011478 ], [ -80.0929056, 46.9012463 ], [ -80.0928852, 46.9012519 ], [ -80.0927194, 46.901344 ], [ -80.0929005, 46.9016303 ], [ -80.0927268, 46.901822 ], [ -80.0929709, 46.9017953 ], [ -80.0930519, 46.902213 ], [ -80.0927914, 46.9023276 ], [ -80.0927038, 46.9025792 ], [ -80.0929133, 46.902861 ], [ -80.0934448, 46.902948 ], [ -80.0935466, 46.9030014 ], [ -80.0936154, 46.9031101 ], [ -80.0930899, 46.9034676 ], [ -80.0926348, 46.9028155 ], [ -80.092418, 46.90267 ], [ -80.0913056, 46.9023687 ], [ -80.090312, 46.9026095 ], [ -80.0903602, 46.9026777 ], [ -80.0900086, 46.9027891 ], [ -80.0901031, 46.9029788 ], [ -80.0901029, 46.9031713 ], [ -80.0905653, 46.9030728 ], [ -80.0908254, 46.9033629 ], [ -80.0908513, 46.9033721 ], [ -80.0909573, 46.903522 ], [ -80.0909436, 46.9038591 ], [ -80.0907136, 46.9036838 ], [ -80.0903772, 46.9037663 ], [ -80.0903005, 46.9039096 ], [ -80.090492, 46.904051 ], [ -80.0909613, 46.904228 ], [ -80.0913363, 46.9061972 ], [ -80.0913426, 46.90625 ], [ -80.0916027, 46.908434 ], [ -80.0913871, 46.9088948 ], [ -80.0908373, 46.9092422 ], [ -80.0905324, 46.9103476 ], [ -80.0909682, 46.9106517 ], [ -80.0910419, 46.9108436 ], [ -80.0910873, 46.9119421 ], [ -80.0911419, 46.9122078 ], [ -80.0914731, 46.9126012 ], [ -80.0915341, 46.9128596 ], [ -80.0915483, 46.9129614 ], [ -80.0914545, 46.9132309 ], [ -80.0915418, 46.9133643 ], [ -80.0917096, 46.9133656 ], [ -80.0922703, 46.9137311 ], [ -80.0923102, 46.9137755 ], [ -80.0923251, 46.9138043 ], [ -80.0923374, 46.9138059 ], [ -80.092386, 46.9138601 ], [ -80.092531, 46.9160936 ], [ -80.0927544, 46.9160627 ], [ -80.0927517, 46.9160747 ], [ -80.0928024, 46.916083 ], [ -80.0929071, 46.9160417 ], [ -80.0936557, 46.9159383 ], [ -80.095278, 46.9161212 ], [ -80.095679, 46.9161226 ], [ -80.0971574, 46.9161321 ], [ -80.0972297, 46.9161653 ], [ -80.0978718, 46.9162428 ], [ -80.0980029, 46.9159433 ], [ -80.0978123, 46.9156457 ], [ -80.0980564, 46.9153286 ], [ -80.0982842, 46.9147515 ], [ -80.099041, 46.9144994 ], [ -80.0992761, 46.9145928 ], [ -80.0996309, 46.9150726 ], [ -80.0996162, 46.9161522 ], [ -80.0998633, 46.9161551 ], [ -80.0998664, 46.9162022 ], [ -80.1000684, 46.9161986 ], [ -80.100113, 46.9161581 ], [ -80.1004024, 46.9161615 ], [ -80.1004732, 46.9158311 ], [ -80.1004792, 46.9158257 ], [ -80.1005055, 46.9156808 ], [ -80.1006322, 46.9150899 ], [ -80.100835, 46.9149578 ], [ -80.1010564, 46.9150209 ], [ -80.1015108, 46.915976 ], [ -80.1016591, 46.9159727 ], [ -80.101789, 46.9159214 ], [ -80.1021379, 46.9159043 ], [ -80.1024443, 46.915716 ], [ -80.1024784, 46.9156494 ], [ -80.1024968, 46.9156421 ], [ -80.1025004, 46.9156064 ], [ -80.1025699, 46.9154706 ], [ -80.1023837, 46.9152752 ], [ -80.1023613, 46.9152587 ], [ -80.1022085, 46.9149714 ], [ -80.1011484, 46.9142113 ], [ -80.1014252, 46.9141465 ], [ -80.1021055, 46.9141475 ], [ -80.1021999, 46.9142274 ], [ -80.1023175, 46.9142741 ], [ -80.1025509, 46.9140647 ], [ -80.1028379, 46.9140474 ], [ -80.1030897, 46.9140708 ], [ -80.1036754, 46.9159081 ], [ -80.1036954, 46.9162474 ], [ -80.1036112, 46.916246 ], [ -80.1035678, 46.9162939 ], [ -80.1035689, 46.9163675 ], [ -80.1037117, 46.916524 ], [ -80.1037529, 46.9172228 ], [ -80.1037268, 46.9173744 ], [ -80.103599, 46.9174727 ], [ -80.1022226, 46.918082 ], [ -80.1025063, 46.9184585 ], [ -80.1031162, 46.9189053 ], [ -80.1031077, 46.9189603 ], [ -80.1032064, 46.9190515 ], [ -80.1028403, 46.9199617 ], [ -80.1028393, 46.9199617 ], [ -80.1028396, 46.9199634 ], [ -80.1028333, 46.919979 ], [ -80.1027898, 46.9200269 ], [ -80.1026693, 46.9199889 ], [ -80.1013627, 46.9190142 ], [ -80.1011196, 46.9189524 ], [ -80.1010234, 46.9187204 ], [ -80.1007511, 46.9188587 ], [ -80.1001751, 46.9187122 ], [ -80.1000623, 46.9186366 ], [ -80.0999846, 46.9185138 ], [ -80.0996773, 46.9182871 ], [ -80.099595, 46.9181758 ], [ -80.0995684, 46.9179415 ], [ -80.0992942, 46.9177683 ], [ -80.0992938, 46.9177683 ], [ -80.0990394, 46.917424 ], [ -80.0987975, 46.9175037 ], [ -80.0985858, 46.9176891 ], [ -80.0982371, 46.9186132 ], [ -80.0979976, 46.9188399 ], [ -80.0983712, 46.9199188 ], [ -80.0990061, 46.9199401 ], [ -80.0991339, 46.9200344 ], [ -80.0991107, 46.9211767 ], [ -80.0990769, 46.9212354 ], [ -80.0988754, 46.9212758 ], [ -80.0979534, 46.9212717 ], [ -80.097035, 46.9213279 ], [ -80.0970032, 46.9210797 ], [ -80.0969545, 46.9209892 ], [ -80.0963452, 46.9213702 ], [ -80.0955467, 46.9214191 ], [ -80.0953518, 46.921479 ], [ -80.0953065, 46.9216091 ], [ -80.0953199, 46.9217701 ], [ -80.095278, 46.9218061 ], [ -80.0953262, 46.9218446 ], [ -80.0953919, 46.9226317 ], [ -80.095308, 46.9232864 ], [ -80.0950951, 46.9234451 ], [ -80.0951161, 46.9235769 ], [ -80.0952702, 46.9235808 ], [ -80.0952595, 46.9236645 ], [ -80.0952992, 46.923781 ], [ -80.0955481, 46.9239501 ], [ -80.0963365, 46.9236848 ], [ -80.0969256, 46.9237995 ], [ -80.0970914, 46.9238999 ], [ -80.097847, 46.9253806 ], [ -80.0977191, 46.9254788 ], [ -80.0962785, 46.926041 ], [ -80.0958912, 46.9269221 ], [ -80.0970182, 46.9271064 ], [ -80.0978774, 46.9281364 ], [ -80.0978128, 46.928245 ], [ -80.0966863, 46.9291528 ], [ -80.0966639, 46.9291547 ], [ -80.0965474, 46.9291109 ], [ -80.0952903, 46.9278784 ], [ -80.0951048, 46.9269127 ], [ -80.0951096, 46.9264475 ], [ -80.0952056, 46.9260856 ], [ -80.095195, 46.9258088 ], [ -80.0951165, 46.92577 ], [ -80.0951186, 46.9255671 ], [ -80.0947302, 46.9255677 ], [ -80.0937825, 46.9259522 ], [ -80.0937524, 46.9258388 ], [ -80.0932721, 46.9254118 ], [ -80.0930619, 46.9250932 ], [ -80.0928582, 46.9249865 ], [ -80.0921015, 46.9248535 ], [ -80.091605, 46.9243963 ], [ -80.0916796, 46.9239134 ], [ -80.0915749, 46.9236762 ], [ -80.0912908, 46.9235708 ], [ -80.0911009, 46.9230393 ], [ -80.090196, 46.9221027 ], [ -80.0896259, 46.9205514 ], [ -80.0893988, 46.9203584 ], [ -80.0883742, 46.9198423 ], [ -80.0879224, 46.9187964 ], [ -80.0871643, 46.9183606 ], [ -80.0868233, 46.9175345 ], [ -80.0862988, 46.9168893 ], [ -80.0860205, 46.9160369 ], [ -80.0858303, 46.9157765 ], [ -80.0858247, 46.9147944 ], [ -80.0856939, 46.9147088 ], [ -80.08546, 46.9146889 ], [ -80.0851991, 46.9145545 ], [ -80.0851301, 46.9142515 ], [ -80.0851313, 46.91425 ], [ -80.0850979, 46.9139236 ], [ -80.0850422, 46.9138658 ], [ -80.0849453, 46.9134401 ], [ -80.0842892, 46.9124433 ], [ -80.0847157, 46.9122563 ], [ -80.0847178, 46.9119816 ], [ -80.0840799, 46.9119689 ], [ -80.0840083, 46.911916 ], [ -80.0839535, 46.91157 ], [ -80.0839597, 46.9100878 ], [ -80.0839248, 46.9099273 ], [ -80.0839282, 46.9096792 ], [ -80.0837523, 46.9090975 ], [ -80.0836037, 46.9076547 ], [ -80.0831702, 46.9075605 ], [ -80.0831248, 46.9073012 ], [ -80.0827826, 46.9065941 ], [ -80.0827387, 46.90625 ], [ -80.0827002, 46.905948 ], [ -80.0825155, 46.905532 ], [ -80.0824714, 46.9052228 ], [ -80.0824735, 46.9049481 ], [ -80.0821132, 46.9048837 ], [ -80.0819185, 46.9047747 ], [ -80.0818162, 46.9047962 ], [ -80.0815421, 46.9045113 ], [ -80.0808179, 46.9042093 ], [ -80.0806724, 46.9040288 ], [ -80.0809391, 46.9036698 ], [ -80.0808774, 46.903348 ], [ -80.0807945, 46.9032903 ], [ -80.0811308, 46.9025826 ], [ -80.0813236, 46.9023905 ], [ -80.0814898, 46.9023205 ], [ -80.0816256, 46.9021227 ], [ -80.081637, 46.9020781 ], [ -80.081992, 46.9017242 ], [ -80.0822428, 46.9016186 ], [ -80.0825866, 46.901578 ], [ -80.0826816, 46.9016262 ], [ -80.0829752, 46.9016285 ], [ -80.0829798, 46.9016254 ], [ -80.0838844, 46.9018599 ], [ -80.0839713, 46.9017641 ], [ -80.0843184, 46.9007321 ], [ -80.0847184, 46.9004652 ], [ -80.0850219, 46.9000931 ], [ -80.08505, 46.8999962 ], [ -80.0853115, 46.899838 ], [ -80.0855213, 46.8980844 ], [ -80.0860122, 46.8977889 ], [ -80.0865032, 46.896879 ], [ -80.086944, 46.896612 ], [ -80.0874433, 46.8958318 ], [ -80.0874614, 46.8957798 ], [ -80.0873445, 46.8957698 ], [ -80.0860334, 46.8960778 ], [ -80.0855624, 46.8968533 ], [ -80.0853441, 46.8970193 ], [ -80.0829947, 46.8971205 ], [ -80.0829753, 46.8972916 ], [ -80.0828377, 46.8973791 ], [ -80.0820741, 46.8973824 ], [ -80.0818747, 46.8973405 ], [ -80.0818158, 46.8972025 ], [ -80.081852, 46.8966767 ], [ -80.0819768, 46.8965871 ], [ -80.0822197, 46.896581 ], [ -80.0824934, 46.8954889 ], [ -80.0824581, 46.8952447 ], [ -80.0816965, 46.8945515 ], [ -80.0803422, 46.8936787 ], [ -80.0802195, 46.8934936 ], [ -80.0805861, 46.8930688 ], [ -80.0806606, 46.893034 ], [ -80.0806637, 46.893027 ], [ -80.0808644, 46.8929482 ], [ -80.0819896, 46.8928666 ], [ -80.0839931, 46.8930664 ], [ -80.08408, 46.8929706 ], [ -80.0842702, 46.8920024 ], [ -80.0830139, 46.8913473 ], [ -80.0833468, 46.8906225 ], [ -80.0835681, 46.8904479 ], [ -80.0841912, 46.8901562 ], [ -80.0846838, 46.890163 ], [ -80.0847683, 46.8901127 ], [ -80.0847351, 46.8898234 ], [ -80.0848663, 46.8897162 ], [ -80.0856026, 46.8897909 ], [ -80.0858866, 46.8895898 ], [ -80.0858347, 46.8890863 ], [ -80.0851021, 46.8890396 ], [ -80.084775, 46.8889035 ], [ -80.0846787, 46.8887961 ], [ -80.0842714, 46.8879364 ], [ -80.0844439, 46.8880883 ], [ -80.0848151, 46.8880208 ], [ -80.0851939, 46.8882387 ], [ -80.0853614, 46.8882569 ], [ -80.0855063, 46.8882313 ], [ -80.0855157, 46.8882363 ], [ -80.0859037, 46.8882357 ], [ -80.0862854, 46.8874089 ], [ -80.0863946, 46.8873259 ], [ -80.0885159, 46.887231 ], [ -80.0887723, 46.8872568 ], [ -80.088904, 46.8872136 ], [ -80.0891643, 46.887202 ], [ -80.08922, 46.8872385 ], [ -80.089268, 46.8875853 ], [ -80.0888603, 46.8878488 ], [ -80.0887102, 46.8887151 ], [ -80.0885075, 46.8887079 ], [ -80.0883742, 46.8888603 ], [ -80.0885602, 46.8890558 ], [ -80.0886491, 46.8890678 ], [ -80.0886487, 46.8890703 ], [ -80.0891312, 46.8892593 ], [ -80.0894207, 46.8896184 ], [ -80.0894595, 46.8896381 ], [ -80.0895874, 46.8897924 ], [ -80.09056, 46.8904559 ], [ -80.0907447, 46.8907703 ], [ -80.0908261, 46.8913429 ], [ -80.0909766, 46.8914868 ], [ -80.0916471, 46.8915598 ], [ -80.0917512, 46.8917969 ], [ -80.0937266, 46.8918085 ], [ -80.0945768, 46.8904807 ], [ -80.0935536, 46.889809 ], [ -80.0932052, 46.8878909 ], [ -80.0926636, 46.8871421 ], [ -80.0931097, 46.886986 ], [ -80.0933145, 46.8870011 ], [ -80.0933519, 46.8869705 ], [ -80.0933381, 46.886906 ], [ -80.0938058, 46.8867423 ], [ -80.0943666, 46.886284 ], [ -80.0949761, 46.8858992 ], [ -80.0957203, 46.8856988 ], [ -80.0959169, 46.8855567 ], [ -80.0960913, 46.8852094 ], [ -80.0963192, 46.8850542 ], [ -80.0967506, 46.8850056 ], [ -80.097103, 46.8851457 ], [ -80.0972322, 46.8855428 ], [ -80.0974448, 46.8856234 ], [ -80.0977228, 46.886054 ], [ -80.0981612, 46.8856398 ], [ -80.0982813, 46.8854486 ], [ -80.0981024, 46.884995 ], [ -80.0982617, 46.8850053 ], [ -80.0976813, 46.8837919 ], [ -80.0975024, 46.8836526 ], [ -80.0965305, 46.8838327 ], [ -80.0963617, 46.8839335 ], [ -80.0959311, 46.8844406 ], [ -80.0938959, 46.8850243 ], [ -80.0931248, 46.885549 ], [ -80.0929477, 46.88552 ], [ -80.09151, 46.8849638 ], [ -80.090879, 46.885163 ], [ -80.0903833, 46.8855494 ], [ -80.0901037, 46.8856228 ], [ -80.0896972, 46.8854463 ], [ -80.0891349, 46.8849875 ], [ -80.0888656, 46.8849159 ], [ -80.0858812, 46.8851148 ], [ -80.0856436, 46.8852592 ], [ -80.0852863, 46.8858242 ], [ -80.0852332, 46.8858613 ], [ -80.0851128, 46.8858232 ], [ -80.0847354, 46.8854864 ], [ -80.0847018, 46.8853525 ], [ -80.0855705, 46.8843222 ], [ -80.0856669, 46.8843095 ], [ -80.0858846, 46.8841068 ], [ -80.0858622, 46.8839763 ], [ -80.0861147, 46.8836769 ], [ -80.0858772, 46.8825928 ], [ -80.0858057, 46.8824528 ], [ -80.0856154, 46.8823849 ], [ -80.0840762, 46.882197 ], [ -80.0838221, 46.882082 ], [ -80.0834913, 46.8810743 ], [ -80.0826383, 46.8799536 ], [ -80.08225, 46.8776529 ], [ -80.0823032, 46.8774233 ], [ -80.0831639, 46.8759507 ], [ -80.0836632, 46.8758991 ], [ -80.0836042, 46.8760687 ], [ -80.0838879, 46.8760601 ], [ -80.0842169, 46.8759215 ], [ -80.084243, 46.8758393 ], [ -80.0845369, 46.8758089 ], [ -80.0848737, 46.8757632 ], [ -80.0849514, 46.8752717 ], [ -80.0845476, 46.875246 ], [ -80.0847408, 46.875 ], [ -80.1106605, 46.875 ], [ -80.1105224, 46.8752931 ], [ -80.1104711, 46.8753139 ], [ -80.1104418, 46.875464 ], [ -80.1104053, 46.8755415 ], [ -80.1104251, 46.8755495 ], [ -80.1103515, 46.8759269 ], [ -80.1099352, 46.8761247 ], [ -80.1098918, 46.8761726 ], [ -80.1101001, 46.8763808 ], [ -80.1103055, 46.8764052 ], [ -80.1108082, 46.8758824 ], [ -80.1114046, 46.8757049 ], [ -80.1114253, 46.8756886 ], [ -80.1121088, 46.8757559 ], [ -80.1121449, 46.8757618 ], [ -80.1121347, 46.8757968 ], [ -80.1124021, 46.8759505 ], [ -80.112767, 46.8759656 ], [ -80.1131076, 46.8768817 ], [ -80.1141729, 46.8764325 ], [ -80.1148554, 46.8763149 ], [ -80.1148597, 46.8762824 ], [ -80.1148928, 46.8762844 ], [ -80.1155982, 46.8762163 ], [ -80.1158518, 46.8762945 ], [ -80.1163319, 46.8763363 ], [ -80.1168233, 46.8766916 ], [ -80.117406, 46.8769214 ], [ -80.1175876, 46.8771465 ], [ -80.1176783, 46.8796548 ], [ -80.1176947, 46.8796848 ], [ -80.1176758, 46.8798927 ], [ -80.1178854, 46.8801745 ], [ -80.1181432, 46.8803174 ], [ -80.1191215, 46.8805415 ], [ -80.1194022, 46.8805415 ], [ -80.1199451, 46.8803644 ], [ -80.1203548, 46.8803396 ], [ -80.1208512, 46.8802191 ], [ -80.1211573, 46.8802232 ], [ -80.1216163, 46.8801332 ], [ -80.1222213, 46.8798929 ], [ -80.1222604, 46.8798827 ], [ -80.1227984, 46.8798864 ], [ -80.1229978, 46.8799281 ], [ -80.123052, 46.8801569 ], [ -80.1232865, 46.8801888 ], [ -80.1233881, 46.8802669 ], [ -80.1234529, 46.880464 ], [ -80.1235049, 46.8806618 ], [ -80.1235184, 46.8806636 ], [ -80.123544, 46.8807415 ], [ -80.1239676, 46.8807924 ], [ -80.1242754, 46.8809068 ], [ -80.1247513, 46.8808837 ], [ -80.125, 46.8809322 ], [ -80.1250042, 46.880933 ], [ -80.1250116, 46.8809812 ], [ -80.1251329, 46.8811055 ], [ -80.1252049, 46.8812328 ], [ -80.1253988, 46.8819062 ], [ -80.1257084, 46.8823234 ], [ -80.1258361, 46.8828026 ], [ -80.1260944, 46.8831417 ], [ -80.1261902, 46.883454 ], [ -80.1260727, 46.8835838 ], [ -80.1260094, 46.8837659 ], [ -80.1263911, 46.8841086 ], [ -80.1268495, 46.8856021 ], [ -80.1268966, 46.8859459 ], [ -80.127093, 46.8863955 ], [ -80.1272943, 46.8870516 ], [ -80.1272652, 46.8874636 ], [ -80.1273694, 46.887664 ], [ -80.1275057, 46.8877403 ], [ -80.1275297, 46.8878185 ], [ -80.1276948, 46.8878821 ], [ -80.127724, 46.887885 ], [ -80.1278002, 46.888156 ], [ -80.1279984, 46.8883167 ], [ -80.1283178, 46.8883597 ], [ -80.1285794, 46.8879698 ], [ -80.1287249, 46.8879842 ], [ -80.1288336, 46.8880681 ], [ -80.1296398, 46.8881722 ], [ -80.1299989, 46.8881391 ], [ -80.1303526, 46.8883527 ], [ -80.1305966, 46.8884201 ], [ -80.1306101, 46.8885902 ], [ -80.1304779, 46.8894549 ], [ -80.1297693, 46.8889542 ], [ -80.1295952, 46.8889166 ], [ -80.1284972, 46.8893057 ], [ -80.1278392, 46.8897758 ], [ -80.1274228, 46.8899736 ], [ -80.1274489, 46.8893519 ], [ -80.1275753, 46.8892652 ], [ -80.1275832, 46.8891656 ], [ -80.127459, 46.8891104 ], [ -80.1274705, 46.8888355 ], [ -80.1268075, 46.8890618 ], [ -80.1268052, 46.8890569 ], [ -80.127012, 46.8885773 ], [ -80.1268469, 46.8885137 ], [ -80.1266529, 46.8886103 ], [ -80.1265353, 46.8887562 ], [ -80.126485, 46.8891719 ], [ -80.125999, 46.8893378 ], [ -80.1258061, 46.889508 ], [ -80.1252449, 46.8906997 ], [ -80.1252443, 46.8907818 ], [ -80.125, 46.8908697 ], [ -80.1249984, 46.8908703 ], [ -80.124905, 46.8909467 ], [ -80.1247542, 46.891187 ], [ -80.1249983, 46.8913186 ], [ -80.1255256, 46.8914698 ], [ -80.1258883, 46.8918498 ], [ -80.1259419, 46.8922344 ], [ -80.1260148, 46.8922555 ], [ -80.1263137, 46.8922035 ], [ -80.126848, 46.8918546 ], [ -80.1277974, 46.8916665 ], [ -80.1281807, 46.8916831 ], [ -80.1286181, 46.891883 ], [ -80.1290749, 46.892416 ], [ -80.1291188, 46.8925973 ], [ -80.12892, 46.8927849 ], [ -80.1289037, 46.8929472 ], [ -80.1290067, 46.893074 ], [ -80.1291875, 46.8931311 ], [ -80.1295123, 46.8931199 ], [ -80.1298051, 46.8929207 ], [ -80.1302125, 46.8930753 ], [ -80.1302415, 46.8931381 ], [ -80.1302132, 46.8933352 ], [ -80.1300275, 46.893369 ], [ -80.1300155, 46.8934037 ], [ -80.1298214, 46.8935004 ], [ -80.1298136, 46.8936 ], [ -80.1303343, 46.8936024 ], [ -80.130544, 46.8936917 ], [ -80.1305699, 46.8941176 ], [ -80.1307205, 46.8944539 ], [ -80.1310363, 46.8948538 ], [ -80.1310526, 46.8952689 ], [ -80.1309133, 46.8956312 ], [ -80.1313069, 46.8959613 ], [ -80.131357, 46.8960458 ], [ -80.131437, 46.8963465 ], [ -80.1312562, 46.8965306 ], [ -80.1312086, 46.8967062 ], [ -80.1314328, 46.8972928 ], [ -80.1315382, 46.8973742 ], [ -80.1319306, 46.8974382 ], [ -80.132461, 46.8972589 ], [ -80.1327117, 46.8973457 ], [ -80.1329642, 46.8973502 ], [ -80.1331733, 46.8972102 ], [ -80.1331893, 46.8971105 ], [ -80.133503, 46.8971081 ], [ -80.133641, 46.8970573 ], [ -80.1335722, 46.8945985 ], [ -80.1336795, 46.8944051 ], [ -80.1337448, 46.8943596 ], [ -80.1337524, 46.8944262 ], [ -80.133797, 46.8944518 ], [ -80.1343454, 46.894413 ], [ -80.1345859, 46.8944522 ], [ -80.1350059, 46.8946674 ], [ -80.1351168, 46.8948872 ], [ -80.1354038, 46.8950857 ], [ -80.135417, 46.8951012 ], [ -80.135424, 46.8950996 ], [ -80.1355158, 46.8951631 ], [ -80.1361522, 46.895102 ], [ -80.1365403, 46.8948472 ], [ -80.1368537, 46.8947764 ], [ -80.136918, 46.8947798 ], [ -80.1369832, 46.8947884 ], [ -80.1371555, 46.8949243 ], [ -80.1374986, 46.8958075 ], [ -80.137501, 46.8959546 ], [ -80.1365772, 46.8961889 ], [ -80.1361757, 46.8970033 ], [ -80.1360577, 46.89703 ], [ -80.1359336, 46.8971564 ], [ -80.1357532, 46.8978603 ], [ -80.1355817, 46.8982082 ], [ -80.1348296, 46.899103 ], [ -80.1349113, 46.8996661 ], [ -80.1348694, 46.8997971 ], [ -80.1348905, 46.9001214 ], [ -80.1346597, 46.9006704 ], [ -80.1348387, 46.9008096 ], [ -80.1350877, 46.9008825 ], [ -80.1351251, 46.9011409 ], [ -80.1350569, 46.9012211 ], [ -80.1350401, 46.9017317 ], [ -80.1348671, 46.9021527 ], [ -80.1344356, 46.9025865 ], [ -80.1344149, 46.902862 ], [ -80.1337236, 46.9036715 ], [ -80.1334019, 46.9038296 ], [ -80.1331975, 46.9040713 ], [ -80.1331945, 46.9046575 ], [ -80.132766, 46.9050826 ], [ -80.1327251, 46.9051907 ], [ -80.1322922, 46.9054453 ], [ -80.1315971, 46.9059828 ], [ -80.1297947, 46.9067429 ], [ -80.1287481, 46.9075989 ], [ -80.1272578, 46.9085383 ], [ -80.1266127, 46.9090472 ], [ -80.1264518, 46.9090485 ], [ -80.1258767, 46.9086245 ], [ -80.1253215, 46.9084514 ], [ -80.1251895, 46.9084849 ], [ -80.125, 46.9094312 ], [ -80.1248074, 46.910393 ], [ -80.124807, 46.9103935 ], [ -80.1246706, 46.9109397 ], [ -80.1246162, 46.911036 ], [ -80.1243258, 46.9108925 ], [ -80.1241871, 46.9109066 ], [ -80.1233193, 46.9122868 ], [ -80.1235532, 46.9123066 ], [ -80.1236967, 46.9123942 ], [ -80.1241234, 46.9125005 ], [ -80.1247501, 46.9122343 ], [ -80.1254958, 46.9112705 ], [ -80.1256084, 46.9107758 ], [ -80.125941, 46.9103617 ], [ -80.1261449, 46.9106585 ], [ -80.125941, 46.9109846 ], [ -80.1262254, 46.9110066 ], [ -80.1262683, 46.9114097 ], [ -80.1257479, 46.9112815 ], [ -80.1253885, 46.9118495 ], [ -80.1250988, 46.9123552 ], [ -80.1242473, 46.9132473 ], [ -80.124262, 46.91377 ], [ -80.1244733, 46.9138914 ], [ -80.124476, 46.9139242 ], [ -80.1245483, 46.914101 ], [ -80.1249007, 46.9143608 ], [ -80.1247266, 46.9147811 ], [ -80.1242617, 46.9151177 ], [ -80.1238678, 46.9159427 ], [ -80.1230501, 46.9167169 ], [ -80.1225844, 46.9174018 ], [ -80.1206838, 46.9177883 ], [ -80.1199178, 46.9184518 ], [ -80.1196519, 46.9186009 ], [ -80.117153, 46.9188988 ], [ -80.116961, 46.9184291 ], [ -80.1169681, 46.9183918 ], [ -80.1169397, 46.9183769 ], [ -80.1166831, 46.9177493 ], [ -80.1158934, 46.91749 ], [ -80.1158994, 46.9173096 ], [ -80.1154931, 46.9171699 ], [ -80.1153445, 46.9170698 ], [ -80.1148885, 46.9166769 ], [ -80.1139434, 46.9164608 ], [ -80.1139354, 46.9163011 ], [ -80.1138511, 46.916159 ], [ -80.1137128, 46.9160571 ], [ -80.113803, 46.9157202 ], [ -80.1134835, 46.9156772 ], [ -80.1134282, 46.9151822 ], [ -80.1127374, 46.9150144 ], [ -80.1119333, 46.9149051 ], [ -80.1119265, 46.9148452 ], [ -80.1116449, 46.9148084 ], [ -80.111488, 46.9148445 ], [ -80.110505, 46.9147109 ], [ -80.1102421, 46.9145333 ], [ -80.1097687, 46.914296 ], [ -80.1091212, 46.913525 ], [ -80.1088844, 46.9133212 ], [ -80.1083817, 46.9131275 ], [ -80.1081518, 46.9123121 ], [ -80.1082148, 46.9117081 ], [ -80.1078816, 46.911397 ], [ -80.1075482, 46.9113006 ], [ -80.1071874, 46.9108159 ], [ -80.1064937, 46.9107157 ], [ -80.1063876, 46.9105385 ], [ -80.1058664, 46.910114 ], [ -80.1057289, 46.9102016 ], [ -80.1057399, 46.9102987 ], [ -80.1056312, 46.9102131 ], [ -80.1054093, 46.910351 ], [ -80.1053066, 46.910646 ], [ -80.1055392, 46.9117842 ], [ -80.1050023, 46.9131727 ], [ -80.1048937, 46.9132924 ], [ -80.1046888, 46.9133048 ], [ -80.1031958, 46.9130727 ], [ -80.1031981, 46.9128594 ], [ -80.1029896, 46.9126511 ], [ -80.1028672, 46.9126952 ], [ -80.1026464, 46.9129067 ], [ -80.1026508, 46.9125865 ], [ -80.1025385, 46.912409 ], [ -80.1026143, 46.9122688 ], [ -80.1033151, 46.9118699 ], [ -80.1029586, 46.9116619 ], [ -80.1027812, 46.9114434 ], [ -80.1028015, 46.9109241 ], [ -80.1027455, 46.9107774 ], [ -80.1023722, 46.9105628 ], [ -80.1023256, 46.9103859 ], [ -80.1023374, 46.909913 ], [ -80.1022831, 46.9098798 ], [ -80.1024938, 46.9094251 ], [ -80.1017067, 46.9091497 ], [ -80.1012867, 46.9089343 ], [ -80.1011994, 46.9088009 ], [ -80.1018162, 46.9070993 ], [ -80.1018462, 46.9071738 ], [ -80.1020951, 46.9071503 ], [ -80.1021554, 46.9071693 ], [ -80.102239, 46.9074672 ], [ -80.1024306, 46.9076086 ], [ -80.1026419, 46.9076092 ], [ -80.1028072, 46.9078718 ], [ -80.1029904, 46.9078835 ], [ -80.1041076, 46.9076719 ], [ -80.1042222, 46.9075348 ], [ -80.1039613, 46.906401 ], [ -80.1037695, 46.90625 ], [ -80.1034468, 46.905996 ] ], [ [ -80.1009689, 46.8824137 ], [ -80.1022286, 46.8816755 ], [ -80.1021877, 46.8814855 ], [ -80.102088, 46.8813581 ], [ -80.102165, 46.8812434 ], [ -80.1020428, 46.8810951 ], [ -80.1019827, 46.8808836 ], [ -80.1025321, 46.8801117 ], [ -80.1023195, 46.8800311 ], [ -80.1019893, 46.8800962 ], [ -80.1018024, 46.880249 ], [ -80.1016262, 46.8806786 ], [ -80.1013634, 46.8808189 ], [ -80.1008592, 46.8808464 ], [ -80.1007344, 46.880936 ], [ -80.1007135, 46.8814185 ], [ -80.1000869, 46.8814902 ], [ -80.0997462, 46.8818928 ], [ -80.0997359, 46.8820378 ], [ -80.0998707, 46.8821882 ], [ -80.100137, 46.8822684 ], [ -80.1004358, 46.8822165 ], [ -80.1007035, 46.8819853 ], [ -80.1007914, 46.8819522 ], [ -80.1005809, 46.8824144 ], [ -80.1009689, 46.8824137 ] ], [ [ -80.1133896, 46.8850683 ], [ -80.1132497, 46.8840095 ], [ -80.1132589, 46.8839548 ], [ -80.1133257, 46.8838295 ], [ -80.1133485, 46.8836921 ], [ -80.1142355, 46.8823281 ], [ -80.1145026, 46.8821628 ], [ -80.115167, 46.8819945 ], [ -80.1153074, 46.8818982 ], [ -80.1154196, 46.8816141 ], [ -80.1153573, 46.881605 ], [ -80.1156704, 46.8811233 ], [ -80.1154861, 46.8810382 ], [ -80.113598, 46.8809313 ], [ -80.1129207, 46.8813797 ], [ -80.1128558, 46.8814769 ], [ -80.1128056, 46.8814801 ], [ -80.1126259, 46.8816891 ], [ -80.1126168, 46.8818351 ], [ -80.1115804, 46.8833883 ], [ -80.1090564, 46.8849558 ], [ -80.1086125, 46.8858091 ], [ -80.1084431, 46.8858731 ], [ -80.1072941, 46.8858319 ], [ -80.1074607, 46.8862872 ], [ -80.1073987, 46.8862616 ], [ -80.1071461, 46.8864495 ], [ -80.1072482, 46.887117 ], [ -80.1077838, 46.8875346 ], [ -80.1077166, 46.8881336 ], [ -80.1076121, 46.888185 ], [ -80.1074228, 46.8883832 ], [ -80.1074786, 46.8887224 ], [ -80.1076141, 46.8889096 ], [ -80.108092, 46.8888044 ], [ -80.1082742, 46.8885396 ], [ -80.1095045, 46.8875501 ], [ -80.1096265, 46.887475 ], [ -80.1108732, 46.8869213 ], [ -80.1114747, 46.8864605 ], [ -80.1120821, 46.8863672 ], [ -80.1125137, 46.8861261 ], [ -80.1129458, 46.8857292 ], [ -80.1130841, 46.8855044 ], [ -80.1133552, 46.8852827 ], [ -80.1133896, 46.8850683 ] ], [ [ -80.1017239, 46.889585 ], [ -80.1017091, 46.8895849 ], [ -80.1011767, 46.8900387 ], [ -80.1012151, 46.8902742 ], [ -80.1014602, 46.8904151 ], [ -80.1020139, 46.8905149 ], [ -80.1027298, 46.8904945 ], [ -80.102868, 46.8904723 ], [ -80.103571, 46.8906137 ], [ -80.1037379, 46.8905952 ], [ -80.1041327, 46.8894221 ], [ -80.1040966, 46.8893337 ], [ -80.1018226, 46.8891817 ], [ -80.101678, 46.8892131 ], [ -80.1017239, 46.889585 ] ], [ [ -80.1013956, 46.8957496 ], [ -80.1015399, 46.8956577 ], [ -80.1015457, 46.8956641 ], [ -80.1020366, 46.8959828 ], [ -80.1025401, 46.8946899 ], [ -80.1031656, 46.8939304 ], [ -80.1019671, 46.8937619 ], [ -80.1019208, 46.8939011 ], [ -80.1017397, 46.8939539 ], [ -80.1015317, 46.8941674 ], [ -80.1013898, 46.8945751 ], [ -80.1010948, 46.8948844 ], [ -80.1009867, 46.8952334 ], [ -80.1009938, 46.8954821 ], [ -80.101051, 46.8955098 ], [ -80.1010588, 46.8956028 ], [ -80.1011034, 46.8956284 ], [ -80.1013956, 46.8957496 ] ], [ [ -80.1223397, 46.8913253 ], [ -80.1223994, 46.891115 ], [ -80.1221244, 46.8893283 ], [ -80.1210887, 46.8890766 ], [ -80.1212824, 46.8877882 ], [ -80.1210518, 46.8873747 ], [ -80.1209355, 46.8874015 ], [ -80.1203087, 46.8878583 ], [ -80.1192446, 46.8878036 ], [ -80.1173194, 46.8879566 ], [ -80.1171404, 46.8880099 ], [ -80.1167179, 46.8891059 ], [ -80.1165874, 46.8893313 ], [ -80.1165898, 46.8894381 ], [ -80.1164589, 46.8897778 ], [ -80.1166963, 46.8901085 ], [ -80.1167708, 46.8903422 ], [ -80.1172622, 46.891275 ], [ -80.1172627, 46.891338 ], [ -80.1171015, 46.8922755 ], [ -80.1173368, 46.8937699 ], [ -80.1172727, 46.8938987 ], [ -80.1172729, 46.8939025 ], [ -80.1172323, 46.8939379 ], [ -80.1152355, 46.8947576 ], [ -80.1150431, 46.8949645 ], [ -80.1146366, 46.8957873 ], [ -80.1135191, 46.8961548 ], [ -80.1131387, 46.896441 ], [ -80.112463, 46.8968073 ], [ -80.1123496, 46.8970179 ], [ -80.1122774, 46.8973859 ], [ -80.1121915, 46.8973955 ], [ -80.1120004, 46.8974835 ], [ -80.1120569, 46.8976669 ], [ -80.112198, 46.897791 ], [ -80.1121248, 46.8981639 ], [ -80.1121115, 46.8995094 ], [ -80.1119821, 46.9004409 ], [ -80.1119393, 46.9005814 ], [ -80.1119565, 46.9006249 ], [ -80.1119247, 46.9008541 ], [ -80.111775, 46.9011688 ], [ -80.111466, 46.9015057 ], [ -80.1114554, 46.9015108 ], [ -80.111081, 46.9017797 ], [ -80.1106622, 46.9022105 ], [ -80.1099109, 46.9026215 ], [ -80.1090099, 46.9029264 ], [ -80.1090159, 46.9031016 ], [ -80.1092194, 46.9034007 ], [ -80.1096354, 46.9033587 ], [ -80.1098237, 46.9034097 ], [ -80.1099001, 46.9034536 ], [ -80.110045, 46.9039116 ], [ -80.1106521, 46.9035891 ], [ -80.111182, 46.9035656 ], [ -80.1114334, 46.9034967 ], [ -80.1117179, 46.9033323 ], [ -80.1118657, 46.9030998 ], [ -80.1120191, 46.9026206 ], [ -80.1124122, 46.9023364 ], [ -80.1127133, 46.9016247 ], [ -80.1129124, 46.9012447 ], [ -80.1131312, 46.9011154 ], [ -80.1134025, 46.9011047 ], [ -80.1135844, 46.9012353 ], [ -80.1136633, 46.9014316 ], [ -80.1140092, 46.9015523 ], [ -80.1144451, 46.9013759 ], [ -80.1145422, 46.9011351 ], [ -80.1145429, 46.9009794 ], [ -80.1142313, 46.9008368 ], [ -80.113056, 46.9007547 ], [ -80.1129042, 46.9005374 ], [ -80.1131165, 46.9003887 ], [ -80.1134751, 46.900319 ], [ -80.1136007, 46.8998811 ], [ -80.1135848, 46.8998417 ], [ -80.1136718, 46.8997919 ], [ -80.1140861, 46.8992545 ], [ -80.114087, 46.8987137 ], [ -80.1150286, 46.897954 ], [ -80.1153523, 46.8979212 ], [ -80.1159551, 46.8977263 ], [ -80.1162197, 46.8976962 ], [ -80.116644, 46.8975914 ], [ -80.1167111, 46.8973836 ], [ -80.1176621, 46.8971251 ], [ -80.1178651, 46.8960952 ], [ -80.1179253, 46.8960222 ], [ -80.1179169, 46.8958924 ], [ -80.1179076, 46.8958796 ], [ -80.1181348, 46.8947271 ], [ -80.1182054, 46.8946011 ], [ -80.1184899, 46.8944367 ], [ -80.1194432, 46.893854 ], [ -80.1194681, 46.893854 ], [ -80.1197056, 46.8937094 ], [ -80.1197144, 46.8936883 ], [ -80.1200522, 46.8934818 ], [ -80.1223397, 46.8913253 ] ], [ [ -80.1227063, 46.8954647 ], [ -80.1221007, 46.8952832 ], [ -80.1215421, 46.8952745 ], [ -80.1198509, 46.8954841 ], [ -80.1193874, 46.8958943 ], [ -80.1193867, 46.89605 ], [ -80.1197928, 46.8965748 ], [ -80.1198458, 46.8967301 ], [ -80.1197746, 46.8968193 ], [ -80.1193575, 46.8969804 ], [ -80.1191363, 46.8971551 ], [ -80.1189282, 46.8977537 ], [ -80.1179852, 46.8987731 ], [ -80.1183718, 46.89911 ], [ -80.1180017, 46.8992951 ], [ -80.1176316, 46.8993116 ], [ -80.1175055, 46.8990825 ], [ -80.1171447, 46.8990623 ], [ -80.116532, 46.8989777 ], [ -80.1162422, 46.8990513 ], [ -80.1162264, 46.8991325 ], [ -80.1163267, 46.899296 ], [ -80.1164106, 46.8994285 ], [ -80.1165265, 46.8995379 ], [ -80.1163432, 46.8997322 ], [ -80.1163019, 46.8998488 ], [ -80.1162724, 46.9000466 ], [ -80.1161358, 46.9003695 ], [ -80.116043, 46.9004228 ], [ -80.1158315, 46.9005112 ], [ -80.1156337, 46.9005636 ], [ -80.1154494, 46.9005892 ], [ -80.1152133, 46.9005784 ], [ -80.1150555, 46.9005952 ], [ -80.1148969, 46.9006569 ], [ -80.1147386, 46.9007007 ], [ -80.1145678, 46.9007084 ], [ -80.1144886, 46.9007348 ], [ -80.1145137, 46.900807 ], [ -80.1145913, 46.9008795 ], [ -80.1146304, 46.9008978 ], [ -80.1149161, 46.901089 ], [ -80.1150593, 46.9011621 ], [ -80.1152171, 46.9011454 ], [ -80.1153752, 46.9011106 ], [ -80.1154667, 46.9011383 ], [ -80.1155968, 46.9012113 ], [ -80.1157536, 46.9012575 ], [ -80.1159245, 46.9012408 ], [ -80.1160695, 46.9012059 ], [ -80.1165144, 46.9012994 ], [ -80.1167098, 46.9013909 ], [ -80.1169709, 46.9014829 ], [ -80.1171792, 46.9015925 ], [ -80.1173742, 46.901711 ], [ -80.1174907, 46.9018108 ], [ -80.1175934, 46.9019556 ], [ -80.1178469, 46.9025065 ], [ -80.1179632, 46.9026244 ], [ -80.11804, 46.902742 ], [ -80.1182203, 46.9029594 ], [ -80.1184573, 46.9029162 ], [ -80.1184592, 46.9027992 ], [ -80.118434, 46.902736 ], [ -80.1184226, 46.9026279 ], [ -80.1184508, 46.9025112 ], [ -80.1182088, 46.9020593 ], [ -80.1180884, 46.9013925 ], [ -80.1180785, 46.9011944 ], [ -80.1179658, 46.9008606 ], [ -80.117876, 46.9007339 ], [ -80.1178387, 46.9006076 ], [ -80.1178803, 46.900473 ], [ -80.1178689, 46.9003649 ], [ -80.1178048, 46.9002744 ], [ -80.1191417, 46.8992554 ], [ -80.1192544, 46.8990079 ], [ -80.1195927, 46.8984581 ], [ -80.1202082, 46.8978803 ], [ -80.1209593, 46.8974895 ], [ -80.1216092, 46.8966973 ], [ -80.1226019, 46.8962268 ], [ -80.1227876, 46.895808 ], [ -80.1227901, 46.89557 ], [ -80.1227063, 46.8954647 ] ], [ [ -80.112473, 46.9103136 ], [ -80.1124808, 46.9104065 ], [ -80.1127888, 46.910521 ], [ -80.1131577, 46.9105493 ], [ -80.1131004, 46.9108562 ], [ -80.1154618, 46.9108752 ], [ -80.1167991, 46.9106077 ], [ -80.1172191, 46.9094386 ], [ -80.1176285, 46.9091846 ], [ -80.1177087, 46.9090694 ], [ -80.1178651, 46.9081964 ], [ -80.1170906, 46.9079232 ], [ -80.1168313, 46.9080918 ], [ -80.1166456, 46.9081256 ], [ -80.1163556, 46.9081099 ], [ -80.1162785, 46.9080656 ], [ -80.1161736, 46.9081 ], [ -80.1150387, 46.9080386 ], [ -80.1147107, 46.907727 ], [ -80.1144057, 46.9076038 ], [ -80.1141785, 46.9076034 ], [ -80.1138793, 46.9078479 ], [ -80.1137364, 46.9081052 ], [ -80.1136122, 46.9081159 ], [ -80.1135643, 46.9083723 ], [ -80.1134082, 46.9085869 ], [ -80.1135028, 46.9087017 ], [ -80.1134156, 46.9091686 ], [ -80.1131137, 46.9093181 ], [ -80.1129158, 46.9097716 ], [ -80.1128764, 46.9100769 ], [ -80.112473, 46.9103136 ] ], [ [ -80.1181522, 46.9111946 ], [ -80.1181343, 46.911 ], [ -80.1180379, 46.9108926 ], [ -80.1174374, 46.9108495 ], [ -80.1172867, 46.9108983 ], [ -80.1171205, 46.911953 ], [ -80.1170083, 46.9122372 ], [ -80.1169774, 46.9126722 ], [ -80.1171799, 46.9128978 ], [ -80.1175362, 46.9128735 ], [ -80.1176725, 46.9127124 ], [ -80.1177437, 46.9124307 ], [ -80.1180446, 46.9122964 ], [ -80.1183611, 46.9123481 ], [ -80.1185805, 46.9124481 ], [ -80.1187077, 46.9126981 ], [ -80.1190194, 46.9126482 ], [ -80.1192129, 46.9127073 ], [ -80.1194823, 46.9129713 ], [ -80.1195588, 46.913213 ], [ -80.1196866, 46.9133072 ], [ -80.1204445, 46.9131284 ], [ -80.1211987, 46.9131141 ], [ -80.1214839, 46.9129864 ], [ -80.1216619, 46.9126671 ], [ -80.1214377, 46.9122729 ], [ -80.121401, 46.9119552 ], [ -80.1211623, 46.9116412 ], [ -80.1207259, 46.9113958 ], [ -80.120348, 46.911059 ], [ -80.1200617, 46.910728 ], [ -80.1195126, 46.910345 ], [ -80.1191594, 46.9103606 ], [ -80.1188898, 46.9106742 ], [ -80.1188933, 46.9108948 ], [ -80.1189384, 46.9109613 ], [ -80.1187884, 46.9110427 ], [ -80.1181522, 46.9111946 ] ] ] } },
{ "type": "Feature", "properties": { "element": "relation", "id": 5644613, "natural": "wood", "source": "NRCan-CanVec-10.0", "type": "multipolygon" }, "geometry": { "type": "Polygon", "coordinates": [ [ [ -80.0333425, 46.9065545 ], [ -80.0331944, 46.9072455 ], [ -80.0328302, 46.9091666 ], [ -80.0335769, 46.9096745 ], [ -80.0335729, 46.909683 ], [ -80.0335316, 46.9097394 ], [ -80.0319609, 46.9101977 ], [ -80.0316238, 46.9102432 ], [ -80.0315576, 46.9104707 ], [ -80.0313841, 46.9111576 ], [ -80.0308801, 46.9116801 ], [ -80.0303762, 46.9126611 ], [ -80.0301728, 46.9127836 ], [ -80.0295491, 46.9128829 ], [ -80.0292325, 46.9139406 ], [ -80.0279452, 46.9142152 ], [ -80.0271566, 46.9144799 ], [ -80.0268135, 46.9152306 ], [ -80.0266227, 46.9153552 ], [ -80.0256208, 46.9150644 ], [ -80.025516, 46.914999 ], [ -80.02544, 46.915012 ], [ -80.0250917, 46.9149109 ], [ -80.0249165, 46.9147996 ], [ -80.0245849, 46.9143324 ], [ -80.0233461, 46.9140095 ], [ -80.0220748, 46.9124798 ], [ -80.0218869, 46.9114492 ], [ -80.0217641, 46.9112889 ], [ -80.0218985, 46.9111484 ], [ -80.0218555, 46.9110038 ], [ -80.0215143, 46.9109844 ], [ -80.0212484, 46.9110354 ], [ -80.0209104, 46.9109126 ], [ -80.0206006, 46.911152 ], [ -80.0200519, 46.9111474 ], [ -80.0198482, 46.9113446 ], [ -80.0183531, 46.9115651 ], [ -80.0177432, 46.9119692 ], [ -80.0177234, 46.9121403 ], [ -80.0175857, 46.9122277 ], [ -80.0165536, 46.9122322 ], [ -80.0162807, 46.9123393 ], [ -80.016223, 46.912297 ], [ -80.0153964, 46.9126548 ], [ -80.012602, 46.9127378 ], [ -80.0122168, 46.9127294 ], [ -80.0118107, 46.9135065 ], [ -80.0101278, 46.914642 ], [ -80.0116895, 46.9150366 ], [ -80.0118231, 46.9151136 ], [ -80.0117457, 46.9152201 ], [ -80.0100308, 46.9163321 ], [ -80.0083675, 46.9166075 ], [ -80.0082822, 46.9165855 ], [ -80.0080959, 46.9165824 ], [ -80.0078473, 46.9166424 ], [ -80.0077873, 46.9167036 ], [ -80.0075582, 46.9167415 ], [ -80.0069091, 46.9170658 ], [ -80.0067728, 46.9172635 ], [ -80.0066963, 46.9176092 ], [ -80.0065641, 46.9177061 ], [ -80.0065395, 46.9183175 ], [ -80.0064995, 46.9184983 ], [ -80.006454, 46.9186695 ], [ -80.006254, 46.91882 ], [ -80.006277, 46.9191621 ], [ -80.0062294, 46.9192239 ], [ -80.0058077, 46.919673 ], [ -80.0049185, 46.9202237 ], [ -80.004312, 46.9201973 ], [ -80.0040882, 46.9202246 ], [ -80.0037686, 46.9204105 ], [ -80.0035205, 46.9205073 ], [ -80.0029939, 46.9205582 ], [ -80.0029564, 46.9205887 ], [ -80.002953, 46.9207042 ], [ -80.002605, 46.920751 ], [ -80.002577, 46.9213718 ], [ -80.0025227, 46.9214437 ], [ -80.0023637, 46.9215466 ], [ -80.0022022, 46.9215561 ], [ -80.0018614, 46.9218027 ], [ -80.0016725, 46.921845 ], [ -80.0, 46.921966 ], [ -80.0, 46.9204517 ], [ -80.0, 46.9199187 ], [ -80.0006586, 46.9199261 ], [ -80.0006077, 46.9194224 ], [ -80.0004082, 46.9193804 ], [ -80.0, 46.9193756 ], [ -80.0, 46.9166667 ], [ -80.0, 46.9069884 ], [ -80.0008925, 46.9069674 ], [ -80.0012462, 46.9070221 ], [ -80.0014426, 46.9070396 ], [ -80.0015616, 46.9069675 ], [ -80.0015728, 46.9068592 ], [ -80.0009692, 46.9063288 ], [ -80.0009067, 46.9063059 ], [ -80.0009079, 46.90625 ], [ -80.00091, 46.9061539 ], [ -80.0, 46.9058238 ], [ -80.0, 46.9 ], [ -80.0, 46.8882561 ], [ -80.0, 46.886472 ], [ -80.0008241, 46.8865123 ], [ -80.0009041, 46.8863604 ], [ -80.0010373, 46.8859421 ], [ -80.0010556, 46.8856608 ], [ -80.0007826, 46.8850656 ], [ -80.0007813, 46.884726 ], [ -80.0008683, 46.8846303 ], [ -80.001057, 46.884588 ], [ -80.001264, 46.8844937 ], [ -80.0012863, 46.8842773 ], [ -80.0008676, 46.883869 ], [ -80.0, 46.883333 ], [ -80.0, 46.875 ], [ -80.0, 46.8666667 ], [ -79.9999589, 46.8528245 ], [ -79.9999747, 46.8526805 ], [ -79.9999974, 46.852547 ], [ -80.0001019, 46.8519337 ], [ -80.0, 46.851491 ], [ -80.000856, 46.8513848 ], [ -80.0014607, 46.8511085 ], [ -80.0015679, 46.8508786 ], [ -80.0014038, 46.8503931 ], [ -80.001097, 46.850315 ], [ -80.0001586, 46.850255 ], [ -80.0000468, 46.8501275 ], [ -80.0, 46.85 ], [ -80.0, 46.8468519 ], [ -80.0022808, 46.8464387 ], [ -80.0033269, 46.8454741 ], [ -80.0035902, 46.8453708 ], [ -80.0044105, 46.8456398 ], [ -80.0045, 46.8456819 ], [ -80.0050041, 46.8464474 ], [ -80.0061309, 46.8466869 ], [ -80.0062752, 46.8467486 ], [ -80.0064608, 46.846757 ], [ -80.0067331, 46.8468149 ], [ -80.0080514, 46.8466379 ], [ -80.0082167, 46.8467385 ], [ -80.0085305, 46.8471019 ], [ -80.00841, 46.8477515 ], [ -80.0085748, 46.8478153 ], [ -80.0094619, 46.8479156 ], [ -80.0098622, 46.8479174 ], [ -80.0101103, 46.8480866 ], [ -80.0103167, 46.8484462 ], [ -80.0103246, 46.8485437 ], [ -80.010422, 46.8486298 ], [ -80.0105171, 46.8487955 ], [ -80.0115968, 46.8491476 ], [ -80.0116867, 46.8493524 ], [ -80.0116568, 46.8496251 ], [ -80.0120576, 46.8501221 ], [ -80.0121057, 46.8501369 ], [ -80.0125691, 46.8506465 ], [ -80.0137449, 46.8506476 ], [ -80.0139282, 46.85076 ], [ -80.0140001, 46.8513315 ], [ -80.0143812, 46.8524579 ], [ -80.0144388, 46.8527517 ], [ -80.014336, 46.8530456 ], [ -80.0136936, 46.8533533 ], [ -80.0139049, 46.8538191 ], [ -80.0145433, 46.8546303 ], [ -80.0143992, 46.8546983 ], [ -80.012877, 46.8549611 ], [ -80.0127475, 46.8554074 ], [ -80.0125891, 46.8555418 ], [ -80.0122773, 46.8556051 ], [ -80.0122739, 46.8558091 ], [ -80.0121772, 46.8558912 ], [ -80.0120725, 46.8563049 ], [ -80.0123909, 46.8565408 ], [ -80.0131537, 46.857455 ], [ -80.0137061, 46.8598109 ], [ -80.013921, 46.8600755 ], [ -80.0139791, 46.8601003 ], [ -80.0138931, 46.860346 ], [ -80.0139614, 46.8604948 ], [ -80.014108, 46.8606107 ], [ -80.0145155, 46.8606686 ], [ -80.0147618, 46.8604616 ], [ -80.015328, 46.8603714 ], [ -80.0154718, 46.860251 ], [ -80.0157801, 46.8602258 ], [ -80.0160652, 46.8600985 ], [ -80.0167139, 46.8595817 ], [ -80.0179097, 46.8598703 ], [ -80.0182034, 46.8596149 ], [ -80.0184158, 46.859598 ], [ -80.0184517, 46.8596202 ], [ -80.0187651, 46.8600834 ], [ -80.0188031, 46.8604117 ], [ -80.0189251, 46.8606139 ], [ -80.0190665, 46.8612253 ], [ -80.0190514, 46.8614979 ], [ -80.0194766, 46.8616171 ], [ -80.0197497, 46.8617965 ], [ -80.0199518, 46.8621712 ], [ -80.0201633, 46.8630197 ], [ -80.0203656, 46.8632822 ], [ -80.020982, 46.8638513 ], [ -80.0211565, 46.8641551 ], [ -80.0211459, 46.8647586 ], [ -80.0211833, 46.8651866 ], [ -80.0209275, 46.8658414 ], [ -80.0203162, 46.8665569 ], [ -80.0208098, 46.8669041 ], [ -80.0208487, 46.8669838 ], [ -80.0208811, 46.8672734 ], [ -80.0203562, 46.8676272 ], [ -80.0201413, 46.8678211 ], [ -80.0200285, 46.8681051 ], [ -80.0201257, 46.8682862 ], [ -80.0201388, 46.8685543 ], [ -80.0203386, 46.868633 ], [ -80.0204377, 46.8685026 ], [ -80.0204199, 46.8679036 ], [ -80.0205721, 46.8677361 ], [ -80.0211259, 46.8674146 ], [ -80.0212846, 46.8672665 ], [ -80.0213539, 46.8665718 ], [ -80.0219833, 46.865575 ], [ -80.0219843, 46.8655711 ], [ -80.0223438, 46.8651942 ], [ -80.0225486, 46.8644943 ], [ -80.021963, 46.8641045 ], [ -80.0218268, 46.8637961 ], [ -80.0218289, 46.8637615 ], [ -80.0217981, 46.8637311 ], [ -80.0216049, 46.8632936 ], [ -80.021056, 46.8625303 ], [ -80.021037, 46.8623566 ], [ -80.0219834, 46.8605683 ], [ -80.0220496, 46.8601116 ], [ -80.0218478, 46.8598858 ], [ -80.0216387, 46.8598459 ], [ -80.0215008, 46.8582791 ], [ -80.021519, 46.858227 ], [ -80.0216737, 46.8582433 ], [ -80.0228825, 46.8587194 ], [ -80.022867, 46.8588065 ], [ -80.0230829, 46.8589154 ], [ -80.0235819, 46.8589792 ], [ -80.0240066, 46.8589115 ], [ -80.0244469, 46.858608 ], [ -80.024639, 46.8583645 ], [ -80.0246698, 46.8580854 ], [ -80.0245858, 46.8579432 ], [ -80.0243093, 46.8577785 ], [ -80.0242013, 46.8577469 ], [ -80.0242486, 46.8574934 ], [ -80.0239998, 46.8572874 ], [ -80.0234639, 46.8570617 ], [ -80.0234158, 46.8570079 ], [ -80.0234709, 46.8568886 ], [ -80.024216, 46.8562868 ], [ -80.0245931, 46.8562454 ], [ -80.0247959, 46.8562722 ], [ -80.0248834, 46.8562136 ], [ -80.0254531, 46.8561511 ], [ -80.0254656, 46.8554705 ], [ -80.0256618, 46.8552869 ], [ -80.0256622, 46.8550944 ], [ -80.025506, 46.8549109 ], [ -80.0255358, 46.8548444 ], [ -80.0260019, 46.854811 ], [ -80.0260524, 46.8548216 ], [ -80.0262168, 46.8550862 ], [ -80.0262528, 46.8556225 ], [ -80.0268661, 46.8557418 ], [ -80.0280335, 46.856264 ], [ -80.0294719, 46.8565464 ], [ -80.0296337, 46.8566189 ], [ -80.0298578, 46.8570867 ], [ -80.0292363, 46.8578035 ], [ -80.0292154, 46.8578154 ], [ -80.0291948, 46.8578514 ], [ -80.0291411, 46.8579133 ], [ -80.0291245, 46.8579742 ], [ -80.0289754, 46.8582344 ], [ -80.028797, 46.8587827 ], [ -80.0289493, 46.8590737 ], [ -80.0291757, 46.8591862 ], [ -80.029276, 46.8594392 ], [ -80.0299116, 46.8598005 ], [ -80.0301063, 46.8599701 ], [ -80.0311282, 46.8599914 ], [ -80.0312682, 46.8600878 ], [ -80.0312769, 46.8602543 ], [ -80.0312619, 46.860347 ], [ -80.0311996, 46.8603608 ], [ -80.0311298, 46.8605602 ], [ -80.0312004, 46.8607285 ], [ -80.0308419, 46.8629519 ], [ -80.0308986, 46.8631721 ], [ -80.031174, 46.8632098 ], [ -80.0312126, 46.8633063 ], [ -80.0314235, 46.863506 ], [ -80.0316612, 46.8635909 ], [ -80.0317172, 46.8635743 ], [ -80.0322307, 46.8639505 ], [ -80.0324019, 46.8657607 ], [ -80.0323981, 46.8657661 ], [ -80.0323382, 46.8664348 ], [ -80.0324344, 46.8667715 ], [ -80.0325303, 46.8668478 ], [ -80.0331178, 46.8676083 ], [ -80.0334919, 46.8686418 ], [ -80.0337075, 46.8691724 ], [ -80.0340223, 46.8690951 ], [ -80.0340828, 46.8691699 ], [ -80.034149, 46.8691716 ], [ -80.034279, 46.8692205 ], [ -80.0342942, 46.8691771 ], [ -80.0343022, 46.8690776 ], [ -80.0342725, 46.8690337 ], [ -80.0348483, 46.8688923 ], [ -80.0350157, 46.8689106 ], [ -80.0358354, 46.8700082 ], [ -80.0363098, 46.8701045 ], [ -80.0364656, 46.8701943 ], [ -80.0368924, 46.8713831 ], [ -80.036889, 46.8715843 ], [ -80.0365763, 46.8724407 ], [ -80.0370219, 46.8736143 ], [ -80.0376942, 46.8739772 ], [ -80.0379095, 46.8741538 ], [ -80.0382642, 46.875 ], [ -80.0383143, 46.8751196 ], [ -80.0393727, 46.8756878 ], [ -80.0400438, 46.8765225 ], [ -80.0401771, 46.8766113 ], [ -80.0401819, 46.8767011 ], [ -80.0400167, 46.8770591 ], [ -80.0401889, 46.8774083 ], [ -80.0400825, 46.8781336 ], [ -80.0398369, 46.8786067 ], [ -80.0397733, 46.8787888 ], [ -80.04003, 46.879317 ], [ -80.0402435, 46.8794713 ], [ -80.0404725, 46.8795176 ], [ -80.0407248, 46.8798163 ], [ -80.0411682, 46.879504 ], [ -80.0413501, 46.8793872 ], [ -80.0414165, 46.8794439 ], [ -80.0421319, 46.8796165 ], [ -80.0421432, 46.8796241 ], [ -80.042798, 46.8803128 ], [ -80.0428177, 46.880371 ], [ -80.0426862, 46.8804411 ], [ -80.0419407, 46.8805846 ], [ -80.0411521, 46.8805834 ], [ -80.0411581, 46.8806032 ], [ -80.0405807, 46.8809938 ], [ -80.0405762, 46.8811215 ], [ -80.0407857, 46.8812109 ], [ -80.0413393, 46.8812033 ], [ -80.0414931, 46.8817123 ], [ -80.041845, 46.8818037 ], [ -80.0421616, 46.8821338 ], [ -80.0421965, 46.8821488 ], [ -80.0424014, 46.8819483 ], [ -80.0431238, 46.882136 ], [ -80.0432062, 46.8821679 ], [ -80.0431825, 46.882274 ], [ -80.0421027, 46.8835271 ], [ -80.0420126, 46.8834353 ], [ -80.0420024, 46.8833548 ], [ -80.0418593, 46.8832792 ], [ -80.0415344, 46.8829482 ], [ -80.0415473, 46.882629 ], [ -80.0410138, 46.8821654 ], [ -80.0408136, 46.8822792 ], [ -80.040827, 46.8823127 ], [ -80.0408171, 46.8823073 ], [ -80.040336, 46.8821915 ], [ -80.0404996, 46.8826036 ], [ -80.0406113, 46.8833555 ], [ -80.0415848, 46.8865782 ], [ -80.0423917, 46.8882879 ], [ -80.043391, 46.8893324 ], [ -80.0438844, 46.8911741 ], [ -80.0443649, 46.8916748 ], [ -80.0444687, 46.8920316 ], [ -80.044437, 46.8920809 ], [ -80.0445575, 46.8923483 ], [ -80.0443239, 46.8925576 ], [ -80.0447199, 46.8928947 ], [ -80.0447964, 46.8931578 ], [ -80.044013, 46.8946339 ], [ -80.0436169, 46.8949632 ], [ -80.0430923, 46.8942443 ], [ -80.0426676, 46.8938903 ], [ -80.0424479, 46.8932372 ], [ -80.0424455, 46.8931477 ], [ -80.0424012, 46.8930982 ], [ -80.0419722, 46.8918228 ], [ -80.0418308, 46.8917791 ], [ -80.0418056, 46.8916488 ], [ -80.0415941, 46.8916415 ], [ -80.0415153, 46.8916814 ], [ -80.0411514, 46.8915688 ], [ -80.0410644, 46.8916646 ], [ -80.0403517, 46.8941243 ], [ -80.039925, 46.8947328 ], [ -80.0397108, 46.8954221 ], [ -80.0396988, 46.8956861 ], [ -80.0408506, 46.8959119 ], [ -80.0410237, 46.8960578 ], [ -80.0410334, 46.8961162 ], [ -80.041039, 46.8961252 ], [ -80.0413327, 46.8976326 ], [ -80.040453, 46.8981209 ], [ -80.0402273, 46.8991109 ], [ -80.039304, 46.899647 ], [ -80.039127, 46.8998472 ], [ -80.0394742, 46.9020685 ], [ -80.0395836, 46.9022149 ], [ -80.0396223, 46.9022377 ], [ -80.0395786, 46.9023057 ], [ -80.0396227, 46.9025239 ], [ -80.0398282, 46.9025485 ], [ -80.0399715, 46.9024435 ], [ -80.0408193, 46.9027755 ], [ -80.0406505, 46.9033347 ], [ -80.0403439, 46.9035227 ], [ -80.0400717, 46.903689 ], [ -80.0385662, 46.9039002 ], [ -80.0381073, 46.9042559 ], [ -80.0370502, 46.904715 ], [ -80.0355299, 46.9050063 ], [ -80.0348592, 46.9060058 ], [ -80.033599, 46.9061656 ], [ -80.0335433, 46.90625 ], [ -80.0333425, 46.9065545 ] ], [ [ -80.0225635, 46.876491 ], [ -80.0225048, 46.876353 ], [ -80.0224293, 46.875 ], [ -80.0223705, 46.8739467 ], [ -80.0212513, 46.8739734 ], [ -80.021183, 46.8747417 ], [ -80.0211264, 46.875 ], [ -80.0210258, 46.8754586 ], [ -80.0209454, 46.8755737 ], [ -80.0208538, 46.8755678 ], [ -80.0194558, 46.8750535 ], [ -80.0194143, 46.875 ], [ -80.019045, 46.8745241 ], [ -80.0190102, 46.8743016 ], [ -80.0189076, 46.8741746 ], [ -80.0187858, 46.8741901 ], [ -80.0184605, 46.8737709 ], [ -80.0183699, 46.8737665 ], [ -80.01816, 46.8737123 ], [ -80.0181004, 46.87373 ], [ -80.0180892, 46.8737528 ], [ -80.0161559, 46.8736584 ], [ -80.0159822, 46.8735923 ], [ -80.0153028, 46.8736167 ], [ -80.0152919, 46.8736162 ], [ -80.0152248, 46.8736153 ], [ -80.0147896, 46.873561 ], [ -80.0144151, 46.8736049 ], [ -80.013721, 46.873596 ], [ -80.012449, 46.8733305 ], [ -80.0113131, 46.8730254 ], [ -80.0110325, 46.8727957 ], [ -80.0109292, 46.8725662 ], [ -80.0109701, 46.8723497 ], [ -80.0110817, 46.872006 ], [ -80.0111318, 46.8715191 ], [ -80.011351, 46.8710063 ], [ -80.0113519, 46.8710051 ], [ -80.0120984, 46.8707062 ], [ -80.0142436, 46.8709952 ], [ -80.0144105, 46.8709768 ], [ -80.0152633, 46.8699159 ], [ -80.0152931, 46.8697924 ], [ -80.0150624, 46.8696067 ], [ -80.0150585, 46.8694695 ], [ -80.0148425, 46.8693606 ], [ -80.0147108, 46.8693237 ], [ -80.012873, 46.8678442 ], [ -80.0123932, 46.8671141 ], [ -80.0112019, 46.8664686 ], [ -80.0107069, 46.8660111 ], [ -80.0106317, 46.8660516 ], [ -80.0105521, 46.8659948 ], [ -80.0103509, 46.866035 ], [ -80.0101556, 46.866308 ], [ -80.0097774, 46.8665117 ], [ -80.0090866, 46.8665145 ], [ -80.0087493, 46.8667524 ], [ -80.0087467, 46.8667979 ], [ -80.0092537, 46.8671238 ], [ -80.0093923, 46.8680383 ], [ -80.0090266, 46.868137 ], [ -80.0090075, 46.8681621 ], [ -80.0083828, 46.8680018 ], [ -80.0083829, 46.8678751 ], [ -80.0077509, 46.8675361 ], [ -80.0073787, 46.8666848 ], [ -80.007386, 46.8666746 ], [ -80.0073238, 46.8665085 ], [ -80.0071807, 46.8664207 ], [ -80.0069608, 46.8663845 ], [ -80.0067717, 46.8662524 ], [ -80.0067203, 46.8654828 ], [ -80.0060007, 46.8654377 ], [ -80.0052002, 46.8657001 ], [ -80.0045557, 46.8665476 ], [ -80.0038436, 46.8668247 ], [ -80.0036099, 46.8670338 ], [ -80.0039184, 46.8686344 ], [ -80.004561, 46.8690521 ], [ -80.0051295, 46.8695181 ], [ -80.005145, 46.8695609 ], [ -80.0054063, 46.8697691 ], [ -80.0058751, 46.8699197 ], [ -80.0060794, 46.8698708 ], [ -80.0062332, 46.8697812 ], [ -80.0069821, 46.8699278 ], [ -80.0070817, 46.8700634 ], [ -80.0074596, 46.8716571 ], [ -80.0077072, 46.8724774 ], [ -80.0074567, 46.8733073 ], [ -80.0081758, 46.8737742 ], [ -80.007381, 46.8747071 ], [ -80.0074677, 46.875 ], [ -80.0076322, 46.8755555 ], [ -80.0078648, 46.8757314 ], [ -80.0091701, 46.8763957 ], [ -80.0097551, 46.8774366 ], [ -80.0104925, 46.8776222 ], [ -80.0111093, 46.8778068 ], [ -80.0111374, 46.8779577 ], [ -80.011195, 46.8780222 ], [ -80.0114226, 46.8780597 ], [ -80.011473, 46.8779157 ], [ -80.0121267, 46.8781114 ], [ -80.0122961, 46.8787354 ], [ -80.0122222, 46.8788699 ], [ -80.0120472, 46.8789879 ], [ -80.0128169, 46.8799216 ], [ -80.0140405, 46.8805907 ], [ -80.0145003, 46.8809965 ], [ -80.0149935, 46.881307 ], [ -80.0156252, 46.8820621 ], [ -80.0160637, 46.8836749 ], [ -80.0161887, 46.8838147 ], [ -80.0167517, 46.884155 ], [ -80.0171776, 46.8855365 ], [ -80.0174271, 46.8857793 ], [ -80.0176709, 46.8860762 ], [ -80.0181632, 46.8892936 ], [ -80.0179385, 46.889706 ], [ -80.0174983, 46.8900462 ], [ -80.0172185, 46.8908073 ], [ -80.0172929, 46.8909387 ], [ -80.0179709, 46.8913712 ], [ -80.0178601, 46.8920317 ], [ -80.0179861, 46.892245 ], [ -80.0181703, 46.8923303 ], [ -80.0183843, 46.8922922 ], [ -80.0197241, 46.8917514 ], [ -80.0198405, 46.891654 ], [ -80.0199533, 46.8916699 ], [ -80.0202382, 46.8915058 ], [ -80.0203549, 46.8912236 ], [ -80.0205943, 46.8910233 ], [ -80.0210941, 46.8899775 ], [ -80.0215687, 46.8893861 ], [ -80.0221524, 46.888024 ], [ -80.022308, 46.8878329 ], [ -80.0225536, 46.8876039 ], [ -80.0227645, 46.8873452 ], [ -80.02281, 46.8872151 ], [ -80.0227784, 46.887159 ], [ -80.0234082, 46.8848558 ], [ -80.0239868, 46.8838138 ], [ -80.0241844, 46.8825992 ], [ -80.0242157, 46.8824829 ], [ -80.0244226, 46.8822624 ], [ -80.0245496, 46.8818614 ], [ -80.0247721, 46.8815312 ], [ -80.0248474, 46.8810484 ], [ -80.0250557, 46.8806058 ], [ -80.0250766, 46.8802913 ], [ -80.0255421, 46.8790626 ], [ -80.0258228, 46.8788337 ], [ -80.0258379, 46.8785611 ], [ -80.0257306, 46.8773769 ], [ -80.0257633, 46.8772833 ], [ -80.0260981, 46.8768616 ], [ -80.0261092, 46.8767533 ], [ -80.0257955, 46.8766559 ], [ -80.0256683, 46.8766903 ], [ -80.025659, 46.8765876 ], [ -80.0255912, 46.8764756 ], [ -80.0249455, 46.8764867 ], [ -80.0238993, 46.8763807 ], [ -80.0238372, 46.8765058 ], [ -80.0227658, 46.8765243 ], [ -80.0225635, 46.876491 ] ], [ [ -80.0361676, 46.8927767 ], [ -80.0361913, 46.8926705 ], [ -80.0359213, 46.8918496 ], [ -80.0359429, 46.8913917 ], [ -80.0358536, 46.8908818 ], [ -80.0359106, 46.890451 ], [ -80.0361281, 46.8902116 ], [ -80.0361764, 46.8896143 ], [ -80.0362907, 46.8894406 ], [ -80.0362884, 46.8892804 ], [ -80.0363624, 46.8891589 ], [ -80.0368809, 46.8878848 ], [ -80.0370558, 46.887558 ], [ -80.0370711, 46.8874532 ], [ -80.0375001, 46.8867466 ], [ -80.0376074, 46.8866308 ], [ -80.0376138, 46.8865593 ], [ -80.0377206, 46.8863834 ], [ -80.0379125, 46.8856814 ], [ -80.0379119, 46.8854153 ], [ -80.0375485, 46.8851539 ], [ -80.0374559, 46.8848974 ], [ -80.0374588, 46.8848365 ], [ -80.0374208, 46.884601 ], [ -80.037278, 46.8843208 ], [ -80.0372333, 46.8842804 ], [ -80.0371545, 46.8840621 ], [ -80.0361563, 46.8826326 ], [ -80.0360163, 46.8818852 ], [ -80.0355059, 46.8816915 ], [ -80.0354896, 46.8816702 ], [ -80.0350695, 46.8813731 ], [ -80.0345104, 46.880684 ], [ -80.0334243, 46.8803862 ], [ -80.0333126, 46.8800171 ], [ -80.0333361, 46.8799499 ], [ -80.0332423, 46.8797846 ], [ -80.0331761, 46.879566 ], [ -80.032915, 46.8791654 ], [ -80.0326364, 46.8791588 ], [ -80.0324086, 46.8790455 ], [ -80.032223, 46.8790792 ], [ -80.0320955, 46.8791461 ], [ -80.0314825, 46.8791317 ], [ -80.0314004, 46.8790778 ], [ -80.0313999, 46.8786413 ], [ -80.0312774, 46.8786509 ], [ -80.031277, 46.8786486 ], [ -80.0305572, 46.8786036 ], [ -80.0301566, 46.8786019 ], [ -80.0303096, 46.8796174 ], [ -80.0309569, 46.8805583 ], [ -80.031186, 46.880706 ], [ -80.0316368, 46.8808223 ], [ -80.0316327, 46.8808437 ], [ -80.0317608, 46.8809748 ], [ -80.0319661, 46.8809993 ], [ -80.0320929, 46.8809399 ], [ -80.0321675, 46.8809591 ], [ -80.0319906, 46.8816178 ], [ -80.0318946, 46.8817395 ], [ -80.0318197, 46.8817478 ], [ -80.0316639, 46.8817108 ], [ -80.0315652, 46.8816487 ], [ -80.0313705, 46.8817084 ], [ -80.0313596, 46.8817985 ], [ -80.030893, 46.88185 ], [ -80.0314422, 46.8829948 ], [ -80.031603, 46.8859007 ], [ -80.0318524, 46.8859142 ], [ -80.0319799, 46.8860085 ], [ -80.0320555, 46.886672 ], [ -80.0323325, 46.8867097 ], [ -80.0323909, 46.8867455 ], [ -80.0325586, 46.8867405 ], [ -80.0327066, 46.8867607 ], [ -80.0327609, 46.8872557 ], [ -80.0325482, 46.8884062 ], [ -80.0324623, 46.8884537 ], [ -80.0324927, 46.8885963 ], [ -80.0325101, 46.8886122 ], [ -80.0325059, 46.8886351 ], [ -80.0327108, 46.8899618 ], [ -80.0329831, 46.8902542 ], [ -80.0336396, 46.892508 ], [ -80.0337793, 46.8925676 ], [ -80.0339612, 46.8925852 ], [ -80.0341963, 46.8928287 ], [ -80.0345617, 46.893008 ], [ -80.0349088, 46.89301 ], [ -80.035192, 46.8927356 ], [ -80.0356232, 46.8928798 ], [ -80.0358746, 46.892811 ], [ -80.0359176, 46.8927743 ], [ -80.0360826, 46.8927902 ], [ -80.0361676, 46.8927767 ] ], [ [ -80.0059409, 46.8953892 ], [ -80.0059661, 46.8958519 ], [ -80.0061694, 46.8964173 ], [ -80.0061283, 46.896649 ], [ -80.0059703, 46.8970999 ], [ -80.0063124, 46.8971929 ], [ -80.0068174, 46.8972027 ], [ -80.0072451, 46.8968604 ], [ -80.007282, 46.8967931 ], [ -80.0072841, 46.8964816 ], [ -80.0073259, 46.8964197 ], [ -80.0073884, 46.8964896 ], [ -80.0080873, 46.8961369 ], [ -80.0081608, 46.8960755 ], [ -80.0083292, 46.8960575 ], [ -80.0089426, 46.8956816 ], [ -80.0092416, 46.8956299 ], [ -80.0092997, 46.8956304 ], [ -80.0095761, 46.8958593 ], [ -80.0105501, 46.8962489 ], [ -80.010579, 46.8961154 ], [ -80.0107424, 46.8960054 ], [ -80.0107647, 46.8957889 ], [ -80.0108771, 46.8956974 ], [ -80.0112961, 46.8956471 ], [ -80.0110993, 46.8953304 ], [ -80.0109201, 46.8952388 ], [ -80.0109677, 46.8951712 ], [ -80.0104162, 46.8949887 ], [ -80.0102972, 46.8949708 ], [ -80.0102072, 46.894936 ], [ -80.0095093, 46.8948148 ], [ -80.0086023, 46.8945525 ], [ -80.0074201, 46.8948715 ], [ -80.0073538, 46.895099 ], [ -80.0066317, 46.8951361 ], [ -80.0067295, 46.895554 ], [ -80.0061454, 46.8953403 ], [ -80.0059409, 46.8953892 ] ], [ [ -80.033386, 46.8964463 ], [ -80.0333866, 46.8967123 ], [ -80.0329828, 46.8982875 ], [ -80.0330669, 46.8984297 ], [ -80.0332256, 46.898527 ], [ -80.0332233, 46.8985563 ], [ -80.0333033, 46.8986336 ], [ -80.0335932, 46.8986079 ], [ -80.0344396, 46.8979858 ], [ -80.0344395, 46.8977565 ], [ -80.0344101, 46.8976956 ], [ -80.0345606, 46.8967218 ], [ -80.034175, 46.8965928 ], [ -80.0342537, 46.896222 ], [ -80.0342643, 46.8960771 ], [ -80.0340876, 46.8958554 ], [ -80.0338807, 46.8959498 ], [ -80.0337528, 46.8962773 ], [ -80.0337004, 46.8964934 ], [ -80.033386, 46.8964463 ] ], [ [ -80.0114017, 46.9034052 ], [ -80.0113476, 46.9033448 ], [ -80.0116691, 46.9021835 ], [ -80.0116362, 46.9020864 ], [ -80.0099647, 46.9018023 ], [ -80.009885, 46.9017584 ], [ -80.0098067, 46.9016936 ], [ -80.0096666, 46.9013679 ], [ -80.0087648, 46.9011919 ], [ -80.0076105, 46.9007818 ], [ -80.0073201, 46.9005414 ], [ -80.0066409, 46.9007231 ], [ -80.004944, 46.9007922 ], [ -80.0053319, 46.9017091 ], [ -80.0066517, 46.9019905 ], [ -80.0071071, 46.9022948 ], [ -80.0071645, 46.9022883 ], [ -80.0073885, 46.902332 ], [ -80.0077387, 46.9023254 ], [ -80.0085267, 46.9024826 ], [ -80.0087702, 46.9024935 ], [ -80.0088485, 46.9027099 ], [ -80.0098024, 46.9032337 ], [ -80.0102495, 46.904784 ], [ -80.010333, 46.9048894 ], [ -80.0119213, 46.9047105 ], [ -80.0128308, 46.9040623 ], [ -80.012846, 46.9040189 ], [ -80.012681, 46.9039551 ], [ -80.0116742, 46.9037599 ], [ -80.011684, 46.9037452 ], [ -80.0116825, 46.9036349 ], [ -80.0114017, 46.9034052 ] ], [ [ -80.0172012, 46.9021677 ], [ -80.0174325, 46.9015451 ], [ -80.0173601, 46.9013315 ], [ -80.0171961, 46.9011119 ], [ -80.0169927, 46.9010051 ], [ -80.0166202, 46.9009988 ], [ -80.0165392, 46.9010772 ], [ -80.01648, 46.9015902 ], [ -80.0165187, 46.9020211 ], [ -80.0161161, 46.9019798 ], [ -80.015984, 46.9020131 ], [ -80.0160507, 46.9027469 ], [ -80.0154035, 46.9034033 ], [ -80.0154885, 46.9036191 ], [ -80.0160087, 46.9035854 ], [ -80.01636, 46.9036524 ], [ -80.0169633, 46.9034582 ], [ -80.0172583, 46.9035709 ], [ -80.0176951, 46.9038904 ], [ -80.0182847, 46.9047669 ], [ -80.018765, 46.9052678 ], [ -80.0189766, 46.9052751 ], [ -80.0193132, 46.9051929 ], [ -80.019462, 46.9049972 ], [ -80.0194463, 46.9047745 ], [ -80.0192109, 46.9044148 ], [ -80.0191826, 46.9041901 ], [ -80.0195535, 46.9036274 ], [ -80.0198835, 46.9032965 ], [ -80.0199351, 46.9029198 ], [ -80.0198592, 46.902678 ], [ -80.0195145, 46.9026305 ], [ -80.0192878, 46.9026666 ], [ -80.0187964, 46.9029618 ], [ -80.0183824, 46.9033798 ], [ -80.0179664, 46.9034214 ], [ -80.0175949, 46.9032594 ], [ -80.0172953, 46.903045 ], [ -80.0172113, 46.9029028 ], [ -80.0173368, 46.9026208 ], [ -80.017204, 46.902195 ], [ -80.0172077, 46.9021869 ], [ -80.0172012, 46.9021677 ] ], [ [ -80.0226958, 46.9069598 ], [ -80.0234499, 46.9062583 ], [ -80.023464, 46.90625 ], [ -80.0237536, 46.906079 ], [ -80.0239589, 46.9051963 ], [ -80.0241735, 46.905185 ], [ -80.0242864, 46.9051302 ], [ -80.0244635, 46.9049301 ], [ -80.0246023, 46.9048214 ], [ -80.0249691, 46.9047472 ], [ -80.024971, 46.9042064 ], [ -80.0248408, 46.9041999 ], [ -80.0239901, 46.9040268 ], [ -80.023839, 46.9038762 ], [ -80.0238139, 46.9033834 ], [ -80.0238159, 46.9028426 ], [ -80.0237651, 46.9026564 ], [ -80.0237657, 46.9026418 ], [ -80.0237601, 46.9026381 ], [ -80.0235931, 46.9020264 ], [ -80.0226224, 46.9023529 ], [ -80.0225227, 46.9024466 ], [ -80.0229749, 46.9038691 ], [ -80.0223231, 46.9046607 ], [ -80.0225894, 46.9056583 ], [ -80.0222277, 46.90625 ], [ -80.0219629, 46.9066833 ], [ -80.0217736, 46.9071475 ], [ -80.0226958, 46.9069598 ] ], [ [ -80.0141598, 46.9054641 ], [ -80.0143025, 46.9055151 ], [ -80.0151118, 46.9049237 ], [ -80.0134979, 46.9043738 ], [ -80.0133344, 46.9044203 ], [ -80.0131511, 46.9046378 ], [ -80.0141598, 46.9054641 ] ], [ [ -80.0018425, 46.9194514 ], [ -80.0021518, 46.9194473 ], [ -80.0038827, 46.9183288 ], [ -80.0039258, 46.9182442 ], [ -80.0038529, 46.918223 ], [ -80.0026576, 46.9180813 ], [ -80.0011429, 46.9190794 ], [ -80.0010938, 46.9191814 ], [ -80.0011479, 46.9192178 ], [ -80.0018425, 46.9194514 ] ] ] } },
{ "type": "Feature", "properties": { "element": "relation", "id": 5644614, "natural": "wood", "source": "NRCan-CanVec-10.0", "type": "multipolygon" }, "geometry": { "type": "Polygon", "coordinates": [ [ [ -80.1250397, 47.0228202 ], [ -80.1252954, 47.0227793 ], [ -80.1255221, 47.0228988 ], [ -80.1256973, 47.0231658 ], [ -80.1265162, 47.0237028 ], [ -80.126521, 47.0238045 ], [ -80.1261553, 47.0240843 ], [ -80.1260405, 47.0242215 ], [ -80.1258374, 47.0241884 ], [ -80.1256669, 47.0242157 ], [ -80.1256185, 47.0243546 ], [ -80.125636, 47.0246509 ], [ -80.1257702, 47.0247278 ], [ -80.1262665, 47.0246894 ], [ -80.1266128, 47.0247734 ], [ -80.1268582, 47.0248775 ], [ -80.1269464, 47.0248552 ], [ -80.126964, 47.0247663 ], [ -80.1269138, 47.0246023 ], [ -80.1269634, 47.0245369 ], [ -80.127077, 47.0245188 ], [ -80.1271955, 47.0246023 ], [ -80.1272081, 47.0249896 ], [ -80.1274989, 47.0251562 ], [ -80.1282852, 47.0254402 ], [ -80.1284902, 47.025391 ], [ -80.1286739, 47.0252099 ], [ -80.1290886, 47.0252133 ], [ -80.1291635, 47.0253447 ], [ -80.1291605, 47.025546 ], [ -80.1290607, 47.0256398 ], [ -80.1289622, 47.0258072 ], [ -80.1289707, 47.025937 ], [ -80.1292427, 47.0261189 ], [ -80.1296561, 47.0262412 ], [ -80.1298145, 47.0264413 ], [ -80.1297751, 47.0267468 ], [ -80.1298882, 47.0268844 ], [ -80.1301572, 47.027075 ], [ -80.13, 47.0273337 ], [ -80.1299957, 47.0274614 ], [ -80.1302321, 47.0275916 ], [ -80.130602, 47.0275693 ], [ -80.1312277, 47.0276987 ], [ -80.1313365, 47.0277715 ], [ -80.1313643, 47.028308 ], [ -80.1312361, 47.0284063 ], [ -80.1309762, 47.0283824 ], [ -80.1309212, 47.0285018 ], [ -80.1309998, 47.0286614 ], [ -80.1309786, 47.0287221 ], [ -80.1308396, 47.0287362 ], [ -80.1307271, 47.0286353 ], [ -80.1306576, 47.0284497 ], [ -80.130521, 47.0284183 ], [ -80.130356, 47.0285841 ], [ -80.1303245, 47.0287899 ], [ -80.1302133, 47.0289552 ], [ -80.1302786, 47.0290759 ], [ -80.1308734, 47.029448 ], [ -80.1311001, 47.02976 ], [ -80.1314108, 47.0299849 ], [ -80.13149, 47.0299886 ], [ -80.1317947, 47.0302308 ], [ -80.1319399, 47.0305081 ], [ -80.1321912, 47.0306715 ], [ -80.132534, 47.0307273 ], [ -80.1327383, 47.0308339 ], [ -80.1327595, 47.0309658 ], [ -80.1326754, 47.031053 ], [ -80.1318605, 47.0311588 ], [ -80.1316689, 47.0312468 ], [ -80.131557, 47.0313754 ], [ -80.1316302, 47.0315891 ], [ -80.1319603, 47.0318354 ], [ -80.1319621, 47.0319458 ], [ -80.1318847, 47.0320524 ], [ -80.1314518, 47.0322938 ], [ -80.1314264, 47.0324823 ], [ -80.1314597, 47.0325795 ], [ -80.1313702, 47.0327208 ], [ -80.1311628, 47.0328155 ], [ -80.1306254, 47.0326638 ], [ -80.1303497, 47.0326464 ], [ -80.1299942, 47.0327811 ], [ -80.1296913, 47.0328419 ], [ -80.1295323, 47.0329903 ], [ -80.1293594, 47.0332556 ], [ -80.1292185, 47.0333519 ], [ -80.1291575, 47.0334888 ], [ -80.1291568, 47.0336446 ], [ -80.1294404, 47.0339476 ], [ -80.1298635, 47.0344659 ], [ -80.1301628, 47.0347623 ], [ -80.1304306, 47.0348793 ], [ -80.1311301, 47.0350666 ], [ -80.1312813, 47.0352104 ], [ -80.1313526, 47.0355064 ], [ -80.1311228, 47.0369366 ], [ -80.1313332, 47.0372185 ], [ -80.1318913, 47.0376579 ], [ -80.1319578, 47.0378522 ], [ -80.1318701, 47.0381039 ], [ -80.1319396, 47.0382895 ], [ -80.1325261, 47.038917 ], [ -80.1326785, 47.0391344 ], [ -80.1327299, 47.0393721 ], [ -80.1326622, 47.0394895 ], [ -80.1326737, 47.0396106 ], [ -80.1328146, 47.0397069 ], [ -80.1330347, 47.0398069 ], [ -80.1331701, 47.0399574 ], [ -80.1332306, 47.040169 ], [ -80.1331157, 47.0403063 ], [ -80.1319523, 47.0413736 ], [ -80.1319021, 47.0415947 ], [ -80.1321657, 47.0418394 ], [ -80.1322697, 47.0420031 ], [ -80.1325933, 47.0422301 ], [ -80.1328835, 47.0423598 ], [ -80.1330698, 47.0425186 ], [ -80.1331732, 47.0426455 ], [ -80.1332959, 47.0429865 ], [ -80.133666, 47.0435421 ], [ -80.1342732, 47.0442646 ], [ -80.1343421, 47.0444134 ], [ -80.1345997, 47.0446755 ], [ -80.1357972, 47.0454757 ], [ -80.1364805, 47.0458254 ], [ -80.1370726, 47.0462061 ], [ -80.1374004, 47.0464979 ], [ -80.1375783, 47.0467195 ], [ -80.13762, 47.0469464 ], [ -80.1375783, 47.0472974 ], [ -80.1370432, 47.0480634 ], [ -80.1369084, 47.048335 ], [ -80.1365927, 47.0485863 ], [ -80.1365951, 47.0487335 ], [ -80.1367868, 47.0488381 ], [ -80.1371298, 47.0488939 ], [ -80.1374999, 47.0490641 ], [ -80.1377043, 47.0489781 ], [ -80.1378785, 47.048979 ], [ -80.1380708, 47.0491203 ], [ -80.1382493, 47.0493787 ], [ -80.1386564, 47.0496742 ], [ -80.1387054, 47.0497647 ], [ -80.1386745, 47.0498148 ], [ -80.1384302, 47.0497842 ], [ -80.1379578, 47.0495606 ], [ -80.1372671, 47.0491547 ], [ -80.1370457, 47.0491737 ], [ -80.1370058, 47.0492498 ], [ -80.1370718, 47.0494073 ], [ -80.137324, 47.0497235 ], [ -80.1374288, 47.0508871 ], [ -80.1374113, 47.0513613 ], [ -80.1372607, 47.0516395 ], [ -80.1368289, 47.0519545 ], [ -80.1366553, 47.0521831 ], [ -80.1364963, 47.0523315 ], [ -80.1360027, 47.0525539 ], [ -80.1358273, 47.0526722 ], [ -80.1358207, 47.0528454 ], [ -80.1359078, 47.0529421 ], [ -80.1358371, 47.0530682 ], [ -80.1357082, 47.0531298 ], [ -80.1354796, 47.0530926 ], [ -80.1353344, 47.053124 ], [ -80.1347338, 47.0535767 ], [ -80.1341193, 47.0537611 ], [ -80.1333088, 47.053776 ], [ -80.1328969, 47.053764 ], [ -80.1325274, 47.0538231 ], [ -80.1325195, 47.0539227 ], [ -80.1326671, 47.0540385 ], [ -80.1333415, 47.054029 ], [ -80.1337322, 47.0541017 ], [ -80.1341236, 47.0544039 ], [ -80.1342452, 47.0546713 ], [ -80.1345688, 47.0548983 ], [ -80.1349958, 47.0550595 ], [ -80.1351991, 47.0550926 ], [ -80.1354035, 47.0550066 ], [ -80.1354858, 47.054809 ], [ -80.1363422, 47.0543154 ], [ -80.1365914, 47.0540624 ], [ -80.1368291, 47.0536882 ], [ -80.1377659, 47.0530793 ], [ -80.1380719, 47.0530098 ], [ -80.1384179, 47.0528643 ], [ -80.1385473, 47.0528395 ], [ -80.1386592, 47.0529035 ], [ -80.1389145, 47.0532111 ], [ -80.1390428, 47.0533053 ], [ -80.139243, 47.053347 ], [ -80.1394655, 47.053209 ], [ -80.139607, 47.0529568 ], [ -80.1399814, 47.0529993 ], [ -80.1401042, 47.0529551 ], [ -80.1402487, 47.0528869 ], [ -80.140357, 47.0527302 ], [ -80.1403593, 47.0522994 ], [ -80.1408141, 47.0518414 ], [ -80.1409471, 47.0518447 ], [ -80.1410814, 47.0519216 ], [ -80.1411141, 47.0519819 ], [ -80.1412327, 47.0520654 ], [ -80.14148, 47.0520873 ], [ -80.1416566, 47.0520426 ], [ -80.1418477, 47.0519178 ], [ -80.1418356, 47.0517599 ], [ -80.1417745, 47.0517041 ], [ -80.1417817, 47.051375 ], [ -80.1422564, 47.0509752 ], [ -80.1423955, 47.0509611 ], [ -80.1426592, 47.0510132 ], [ -80.1429314, 47.0510024 ], [ -80.1431164, 47.0508949 ], [ -80.1431841, 47.0507775 ], [ -80.1431562, 47.0504336 ], [ -80.1430649, 47.050272 ], [ -80.1426989, 47.049974 ], [ -80.1424472, 47.0496946 ], [ -80.1423425, 47.0494941 ], [ -80.1423449, 47.0490633 ], [ -80.1424543, 47.0489802 ], [ -80.1426998, 47.0488918 ], [ -80.1438973, 47.0487287 ], [ -80.1442305, 47.0485811 ], [ -80.1445388, 47.0482735 ], [ -80.144699, 47.0480061 ], [ -80.1446905, 47.0478763 ], [ -80.1446167, 47.0478184 ], [ -80.1446179, 47.0476994 ], [ -80.144743, 47.0476096 ], [ -80.1450315, 47.047629 ], [ -80.1453569, 47.047581 ], [ -80.145528, 47.0475905 ], [ -80.1456852, 47.0475244 ], [ -80.1456864, 47.0474053 ], [ -80.1459107, 47.0471849 ], [ -80.1463551, 47.046872 ], [ -80.1464446, 47.0467306 ], [ -80.1466072, 47.0466103 ], [ -80.1467112, 47.0465813 ], [ -80.1470438, 47.0465895 ], [ -80.1473594, 47.0463381 ], [ -80.1476327, 47.0462083 ], [ -80.1480554, 47.0461119 ], [ -80.1485876, 47.0461251 ], [ -80.1493435, 47.0460737 ], [ -80.1496332, 47.045974 ], [ -80.1497867, 47.0458797 ], [ -80.1498411, 47.0457234 ], [ -80.1498102, 47.0455808 ], [ -80.149868, 47.0450674 ], [ -80.1500372, 47.0445813 ], [ -80.1500479, 47.0442803 ], [ -80.1499735, 47.0441857 ], [ -80.149948, 47.0439889 ], [ -80.1500671, 47.0439166 ], [ -80.1508866, 47.0440681 ], [ -80.1513094, 47.044357 ], [ -80.1514359, 47.0445335 ], [ -80.1513726, 47.045101 ], [ -80.1514755, 47.0451911 ], [ -80.1517984, 47.0451886 ], [ -80.1519297, 47.0452741 ], [ -80.1517981, 47.0459223 ], [ -80.1517135, 47.0459728 ], [ -80.1515744, 47.0459868 ], [ -80.1513476, 47.0458674 ], [ -80.1510083, 47.0458398 ], [ -80.1508704, 47.0459275 ], [ -80.1509207, 47.0460915 ], [ -80.1510593, 47.0462333 ], [ -80.1510563, 47.0464346 ], [ -80.1507014, 47.0466062 ], [ -80.1506494, 47.046717 ], [ -80.1508388, 47.046867 ], [ -80.1510674, 47.0469042 ], [ -80.1512144, 47.0469831 ], [ -80.1513015, 47.0470798 ], [ -80.1513518, 47.0472439 ], [ -80.1514643, 47.0473448 ], [ -80.1515653, 47.0473245 ], [ -80.1516239, 47.0472331 ], [ -80.151757, 47.0472364 ], [ -80.1523112, 47.0478034 ], [ -80.1526766, 47.0480646 ], [ -80.1528036, 47.0480853 ], [ -80.152985, 47.0479496 ], [ -80.1531247, 47.0479723 ], [ -80.1536914, 47.0481562 ], [ -80.1542461, 47.0483747 ], [ -80.1543871, 47.048471 ], [ -80.1543569, 47.0485578 ], [ -80.1544374, 47.0486351 ], [ -80.1547791, 47.0486172 ], [ -80.1549509, 47.0486635 ], [ -80.1552709, 47.0488622 ], [ -80.155608, 47.0493206 ], [ -80.1555762, 47.0498749 ], [ -80.1557022, 47.0502073 ], [ -80.1570799, 47.0511465 ], [ -80.1572383, 47.0511539 ], [ -80.1574027, 47.0509513 ], [ -80.157583, 47.0509347 ], [ -80.1577427, 47.0510157 ], [ -80.157916, 47.0515208 ], [ -80.1579898, 47.0515787 ], [ -80.157904, 47.0517482 ], [ -80.1578254, 47.0517813 ], [ -80.1576791, 47.0519318 ], [ -80.1578378, 47.0523244 ], [ -80.1580684, 47.0526646 ], [ -80.1583468, 47.052829 ], [ -80.1588271, 47.0529529 ], [ -80.1591254, 47.0531756 ], [ -80.1591757, 47.0533397 ], [ -80.159586, 47.0536265 ], [ -80.1599043, 47.0539075 ], [ -80.1603, 47.0540819 ], [ -80.1608788, 47.0540383 ], [ -80.1616107, 47.0540562 ], [ -80.1621418, 47.0541883 ], [ -80.1630095, 47.0545494 ], [ -80.1632697, 47.0547659 ], [ -80.1632584, 47.0550301 ], [ -80.163636, 47.0552565 ], [ -80.1638459, 47.0553089 ], [ -80.1642736, 47.0553141 ], [ -80.1652688, 47.0555399 ], [ -80.1656172, 47.0555414 ], [ -80.1663235, 47.0553626 ], [ -80.1664476, 47.0553919 ], [ -80.1666237, 47.055503 ], [ -80.1666189, 47.055594 ], [ -80.1664557, 47.0556775 ], [ -80.1661233, 47.0560547 ], [ -80.1658276, 47.0561718 ], [ -80.1657909, 47.0564318 ], [ -80.1656913, 47.0567183 ], [ -80.1656012, 47.0568229 ], [ -80.1654095, 47.056911 ], [ -80.164925, 47.0569149 ], [ -80.1647116, 47.057027 ], [ -80.1646941, 47.0571159 ], [ -80.1645913, 47.0572185 ], [ -80.1645963, 47.0573202 ], [ -80.1645189, 47.0574269 ], [ -80.1641894, 47.0576027 ], [ -80.163694, 47.0577149 ], [ -80.1629222, 47.057773 ], [ -80.1622744, 47.0578604 ], [ -80.1616406, 47.0580235 ], [ -80.1611053, 47.0582118 ], [ -80.1606984, 47.0584942 ], [ -80.1604385, 47.0588556 ], [ -80.1604252, 47.0597432 ], [ -80.1603605, 47.0598519 ], [ -80.1603359, 47.0600772 ], [ -80.1603457, 47.0602806 ], [ -80.1607211, 47.0607451 ], [ -80.1607169, 47.0608729 ], [ -80.1605158, 47.0613355 ], [ -80.1605988, 47.06156 ], [ -80.1616472, 47.0624824 ], [ -80.1616584, 47.0625 ], [ -80.1547778, 47.0625 ], [ -80.1545683, 47.0623417 ], [ -80.1544031, 47.0623149 ], [ -80.1538127, 47.0624299 ], [ -80.1537345, 47.0625 ], [ -80.1536567, 47.0625697 ], [ -80.1536574, 47.0627991 ], [ -80.1535232, 47.0629149 ], [ -80.1531547, 47.062855 ], [ -80.1526364, 47.0631102 ], [ -80.1523992, 47.0631359 ], [ -80.1518868, 47.0629884 ], [ -80.1514046, 47.0629468 ], [ -80.1508092, 47.0627675 ], [ -80.1505648, 47.0627369 ], [ -80.1504299, 47.0628159 ], [ -80.1501929, 47.0632269 ], [ -80.1500961, 47.0633121 ], [ -80.1499359, 47.0633869 ], [ -80.1496418, 47.0634217 ], [ -80.1493412, 47.0636297 ], [ -80.1491325, 47.0636508 ], [ -80.1485922, 47.0635447 ], [ -80.1477229, 47.063651 ], [ -80.147453, 47.0634237 ], [ -80.1472013, 47.0633369 ], [ -80.1470561, 47.0633684 ], [ -80.1469201, 47.0635664 ], [ -80.1468378, 47.0635714 ], [ -80.1465462, 47.0635607 ], [ -80.1464663, 47.0635202 ], [ -80.1461239, 47.0635012 ], [ -80.1457869, 47.0634281 ], [ -80.1455897, 47.0635703 ], [ -80.1453562, 47.0636241 ], [ -80.1452164, 47.0636014 ], [ -80.1446598, 47.0636577 ], [ -80.1443604, 47.0637466 ], [ -80.1441232, 47.0637723 ], [ -80.1439345, 47.0638517 ], [ -80.1436986, 47.0641436 ], [ -80.1435317, 47.064199 ], [ -80.143234, 47.0642056 ], [ -80.1422315, 47.064116 ], [ -80.1419248, 47.0641487 ], [ -80.141655, 47.0643067 ], [ -80.1413083, 47.0642228 ], [ -80.140345, 47.063635 ], [ -80.1398683, 47.0635391 ], [ -80.1390782, 47.0634565 ], [ -80.1383098, 47.0633499 ], [ -80.137844, 47.0633384 ], [ -80.1377067, 47.0634628 ], [ -80.1375893, 47.0634529 ], [ -80.1369903, 47.0630528 ], [ -80.1358223, 47.0625 ], [ -80.1355728, 47.0623819 ], [ -80.1349896, 47.0621677 ], [ -80.1344542, 47.0617779 ], [ -80.1343731, 47.0614712 ], [ -80.1341015, 47.0613261 ], [ -80.1338189, 47.0612893 ], [ -80.1333422, 47.0615787 ], [ -80.1331341, 47.0616366 ], [ -80.1327349, 47.0616266 ], [ -80.1325534, 47.0615696 ], [ -80.1322805, 47.0615436 ], [ -80.1316713, 47.0618664 ], [ -80.1314644, 47.0619979 ], [ -80.1314977, 47.062095 ], [ -80.1314566, 47.0622901 ], [ -80.1310427, 47.0625 ], [ -80.1307717, 47.0626374 ], [ -80.1304178, 47.0626899 ], [ -80.1301068, 47.0625 ], [ -80.1300082, 47.0624398 ], [ -80.1298782, 47.0624278 ], [ -80.1296791, 47.0624596 ], [ -80.1296088, 47.0625 ], [ -80.1293434, 47.0626526 ], [ -80.1292629, 47.062768 ], [ -80.1293355, 47.0629449 ], [ -80.1292846, 47.0631293 ], [ -80.1290898, 47.063226 ], [ -80.1286676, 47.0631665 ], [ -80.1282495, 47.0631718 ], [ -80.1278424, 47.0632615 ], [ -80.1272658, 47.0634521 ], [ -80.1268647, 47.0635244 ], [ -80.126731, 47.0634843 ], [ -80.1266953, 47.0634326 ], [ -80.126993, 47.0632334 ], [ -80.1270105, 47.0631445 ], [ -80.1268671, 47.0630936 ], [ -80.1266808, 47.0631275 ], [ -80.1263898, 47.0633462 ], [ -80.1261695, 47.0636314 ], [ -80.1253618, 47.0642155 ], [ -80.125, 47.064566 ], [ -80.1247942, 47.0647653 ], [ -80.1243482, 47.0650046 ], [ -80.1241528, 47.0650645 ], [ -80.1235683, 47.0653547 ], [ -80.1228543, 47.0658623 ], [ -80.1225523, 47.0659966 ], [ -80.1223376, 47.066035 ], [ -80.1215824, 47.0665451 ], [ -80.1210982, 47.0669708 ], [ -80.1207945, 47.0669947 ], [ -80.1204678, 47.0667764 ], [ -80.1201786, 47.0667202 ], [ -80.1192111, 47.0668378 ], [ -80.1186714, 47.066961 ], [ -80.1183471, 47.0670825 ], [ -80.1182429, 47.067304 ], [ -80.1180771, 47.067433 ], [ -80.1177516, 47.0674809 ], [ -80.1174623, 47.0676173 ], [ -80.1173764, 47.0675941 ], [ -80.1172149, 47.0674027 ], [ -80.1169669, 47.0673439 ], [ -80.1161923, 47.0676398 ], [ -80.1159805, 47.0676695 ], [ -80.1158057, 47.0676319 ], [ -80.1156134, 47.0674904 ], [ -80.115602, 47.0671767 ], [ -80.1156916, 47.0670353 ], [ -80.1159772, 47.0668708 ], [ -80.1161897, 47.0666852 ], [ -80.116197, 47.0665488 ], [ -80.1160615, 47.0663983 ], [ -80.1155322, 47.0661837 ], [ -80.1153992, 47.0659877 ], [ -80.115347, 47.0647132 ], [ -80.1152546, 47.0642853 ], [ -80.1153515, 47.0640075 ], [ -80.1155228, 47.0638244 ], [ -80.116177, 47.0633346 ], [ -80.1163247, 47.0630651 ], [ -80.1163581, 47.062777 ], [ -80.1164484, 47.0625714 ], [ -80.1165264, 47.0624099 ], [ -80.1174298, 47.0618598 ], [ -80.1178553, 47.0613328 ], [ -80.1180362, 47.0611605 ], [ -80.1184077, 47.0610191 ], [ -80.1185354, 47.060884 ], [ -80.1187031, 47.0604801 ], [ -80.118881, 47.0603164 ], [ -80.1191606, 47.0601693 ], [ -80.1193814, 47.0601135 ], [ -80.1199719, 47.059806 ], [ -80.1215033, 47.0585326 ], [ -80.1219154, 47.0579667 ], [ -80.1224629, 47.0575513 ], [ -80.1226021, 47.0573446 ], [ -80.1226681, 47.0571168 ], [ -80.1227698, 47.0569407 ], [ -80.123091, 47.0566353 ], [ -80.1232296, 47.0563918 ], [ -80.1232914, 47.0560991 ], [ -80.1237802, 47.0557751 ], [ -80.1237693, 47.0556908 ], [ -80.123583, 47.055532 ], [ -80.1230671, 47.0553563 ], [ -80.122697, 47.0551859 ], [ -80.1220704, 47.054827 ], [ -80.1219023, 47.0548088 ], [ -80.1214842, 47.0550068 ], [ -80.1213959, 47.0552217 ], [ -80.12127, 47.0552746 ], [ -80.1206343, 47.0553271 ], [ -80.1202362, 47.0555833 ], [ -80.1197233, 47.0555915 ], [ -80.1195055, 47.0556386 ], [ -80.1194051, 47.0556956 ], [ -80.1194438, 47.0557386 ], [ -80.1194389, 47.0558296 ], [ -80.1196191, 47.0560057 ], [ -80.1196149, 47.0561334 ], [ -80.1195271, 47.0561925 ], [ -80.1193596, 47.0562111 ], [ -80.1191485, 47.056085 ], [ -80.1189561, 47.0561362 ], [ -80.1185017, 47.056631 ], [ -80.1185573, 47.056741 ], [ -80.1189244, 47.05692 ], [ -80.119078, 47.0570184 ], [ -80.1191106, 47.0572714 ], [ -80.1192182, 47.0574632 ], [ -80.1192424, 47.0575864 ], [ -80.11907, 47.057696 ], [ -80.1186169, 47.0576864 ], [ -80.1181566, 47.0576206 ], [ -80.1178747, 47.0576205 ], [ -80.1176085, 47.0578065 ], [ -80.1174808, 47.0579417 ], [ -80.1171593, 47.0586324 ], [ -80.1168272, 47.0588535 ], [ -80.1165961, 47.0588617 ], [ -80.1164074, 47.0587484 ], [ -80.116275, 47.0583966 ], [ -80.1162855, 47.0578663 ], [ -80.1163443, 47.0575823 ], [ -80.1164581, 47.0573715 ], [ -80.1164606, 47.0571333 ], [ -80.1161498, 47.0569084 ], [ -80.1158734, 47.0568542 ], [ -80.1147259, 47.0567957 ], [ -80.114288, 47.0567427 ], [ -80.1137871, 47.0567161 ], [ -80.1133649, 47.0568492 ], [ -80.113023, 47.0570595 ], [ -80.1127773, 47.0573406 ], [ -80.11254, 47.0577514 ], [ -80.1123457, 47.0578849 ], [ -80.1121903, 47.0578688 ], [ -80.1121407, 47.0577414 ], [ -80.1119805, 47.0576236 ], [ -80.1118372, 47.0575727 ], [ -80.1114379, 47.0575627 ], [ -80.1111832, 47.0576771 ], [ -80.1109836, 47.0576721 ], [ -80.1107737, 47.0576196 ], [ -80.1104834, 47.0574897 ], [ -80.1104073, 47.0572846 ], [ -80.1097899, 47.0568996 ], [ -80.1097059, 47.0567942 ], [ -80.109709, 47.0565929 ], [ -80.1097975, 47.0561853 ], [ -80.1099986, 47.055686 ], [ -80.1101459, 47.0551871 ], [ -80.1101041, 47.0551527 ], [ -80.1101411, 47.0550854 ], [ -80.1101694, 47.0540808 ], [ -80.1102414, 47.0540284 ], [ -80.1102536, 47.053801 ], [ -80.1103287, 47.0537398 ], [ -80.1104165, 47.0534881 ], [ -80.1108449, 47.0531451 ], [ -80.1108323, 47.0529504 ], [ -80.1105886, 47.0527639 ], [ -80.1104647, 47.0527345 ], [ -80.1102154, 47.0527948 ], [ -80.1098191, 47.0531614 ], [ -80.1095468, 47.0533647 ], [ -80.1089121, 47.0536833 ], [ -80.1087626, 47.0538424 ], [ -80.1086761, 47.0539751 ], [ -80.1086626, 47.0543215 ], [ -80.1085912, 47.0544107 ], [ -80.1083624, 47.0545661 ], [ -80.1079075, 47.0546388 ], [ -80.1077315, 47.0547201 ], [ -80.1071893, 47.0550813 ], [ -80.106727, 47.0552903 ], [ -80.1065109, 47.0556404 ], [ -80.1062949, 47.0557979 ], [ -80.1058762, 47.055959 ], [ -80.1054213, 47.0560316 ], [ -80.1045557, 47.055973 ], [ -80.1042902, 47.0560031 ], [ -80.1035278, 47.0562642 ], [ -80.1028316, 47.0562974 ], [ -80.1026113, 47.05639 ], [ -80.1022742, 47.056702 ], [ -80.1020975, 47.0567465 ], [ -80.1019246, 47.0566266 ], [ -80.1021226, 47.0563286 ], [ -80.1020798, 47.0562207 ], [ -80.1019624, 47.0562108 ], [ -80.1015812, 47.0563413 ], [ -80.1005613, 47.0565327 ], [ -80.1002629, 47.0566951 ], [ -80.1000522, 47.056991 ], [ -80.0997241, 47.0572769 ], [ -80.0995685, 47.0574534 ], [ -80.0994655, 47.0577485 ], [ -80.0990421, 47.0584226 ], [ -80.098487, 47.0589743 ], [ -80.0977286, 47.0594928 ], [ -80.0970902, 47.0597832 ], [ -80.0969667, 47.0597906 ], [ -80.0968422, 47.0597244 ], [ -80.0967648, 47.0596384 ], [ -80.0966768, 47.0592754 ], [ -80.0967363, 47.0590282 ], [ -80.0968077, 47.0589389 ], [ -80.0967825, 47.0587422 ], [ -80.0964458, 47.0584762 ], [ -80.0962807, 47.0584493 ], [ -80.0961421, 47.0585001 ], [ -80.0958648, 47.0587943 ], [ -80.0958906, 47.0590279 ], [ -80.0958445, 47.0591213 ], [ -80.095706, 47.0591721 ], [ -80.0954554, 47.0593514 ], [ -80.095208, 47.0593294 ], [ -80.0949508, 47.0594893 ], [ -80.0944767, 47.0599624 ], [ -80.0940059, 47.0608489 ], [ -80.093931, 47.0613322 ], [ -80.0932408, 47.0619627 ], [ -80.0930996, 47.0622516 ], [ -80.092904, 47.0625446 ], [ -80.0928518, 47.0626149 ], [ -80.0920413, 47.0630515 ], [ -80.0919479, 47.0633574 ], [ -80.0918449, 47.0634599 ], [ -80.0914347, 47.0635581 ], [ -80.0912712, 47.0636415 ], [ -80.0911004, 47.0638614 ], [ -80.0911112, 47.0639457 ], [ -80.0912292, 47.0639925 ], [ -80.091419, 47.0641794 ], [ -80.0913517, 47.0643336 ], [ -80.0913835, 47.0645498 ], [ -80.0911171, 47.0647357 ], [ -80.090984, 47.0647323 ], [ -80.0909255, 47.064631 ], [ -80.090927, 47.0643193 ], [ -80.0907758, 47.0641754 ], [ -80.0907324, 47.0640307 ], [ -80.0908132, 47.0637227 ], [ -80.0907745, 47.0636797 ], [ -80.0907825, 47.0635801 ], [ -80.0905993, 47.0634126 ], [ -80.090594, 47.0632741 ], [ -80.0907351, 47.0631778 ], [ -80.0908077, 47.0631622 ], [ -80.0908592, 47.0630146 ], [ -80.0907615, 47.0625 ], [ -80.0907316, 47.0623424 ], [ -80.0907711, 47.0622295 ], [ -80.0912232, 47.061973 ], [ -80.0916974, 47.0614999 ], [ -80.0916867, 47.0612229 ], [ -80.0911807, 47.0608651 ], [ -80.0911089, 47.0607249 ], [ -80.0911327, 47.060426 ], [ -80.0909655, 47.0600593 ], [ -80.0905128, 47.0596643 ], [ -80.0904404, 47.0594873 ], [ -80.0904764, 47.0591537 ], [ -80.090548, 47.0588718 ], [ -80.0905526, 47.0585515 ], [ -80.090632, 47.0583626 ], [ -80.0906311, 47.0580964 ], [ -80.0906934, 47.0580331 ], [ -80.090701, 47.0577041 ], [ -80.0907761, 47.0576429 ], [ -80.090795, 47.0568203 ], [ -80.0908689, 47.0566856 ], [ -80.0908723, 47.0562916 ], [ -80.091266, 47.0551265 ], [ -80.0912112, 47.0548606 ], [ -80.0912931, 47.0546263 ], [ -80.0914427, 47.0544672 ], [ -80.0918288, 47.0542458 ], [ -80.0926438, 47.0539109 ], [ -80.0930811, 47.0539272 ], [ -80.0932547, 47.0538913 ], [ -80.0936257, 47.0537133 ], [ -80.0939299, 47.0537262 ], [ -80.0943334, 47.0536086 ], [ -80.0946069, 47.0534789 ], [ -80.0949349, 47.0533856 ], [ -80.0954762, 47.053373 ], [ -80.0956553, 47.0532829 ], [ -80.0957015, 47.0529969 ], [ -80.0958232, 47.0528791 ], [ -80.0970836, 47.0522682 ], [ -80.0975004, 47.0521894 ], [ -80.0979094, 47.0520176 ], [ -80.0987209, 47.0514619 ], [ -80.0991329, 47.0512814 ], [ -80.0993048, 47.0511352 ], [ -80.099297, 47.0510421 ], [ -80.0986655, 47.0511593 ], [ -80.098014, 47.0512182 ], [ -80.0972476, 47.0514143 ], [ -80.0962264, 47.0517247 ], [ -80.0951368, 47.0521158 ], [ -80.0947956, 47.0521702 ], [ -80.0943365, 47.0521779 ], [ -80.0939072, 47.0520619 ], [ -80.0935783, 47.051889 ], [ -80.0933565, 47.0516785 ], [ -80.0933194, 47.0513238 ], [ -80.0933523, 47.0509989 ], [ -80.0936684, 47.0505551 ], [ -80.0937599, 47.0503315 ], [ -80.093751, 47.0501649 ], [ -80.0937021, 47.0500743 ], [ -80.0934748, 47.049918 ], [ -80.0932529, 47.0499001 ], [ -80.0931107, 47.0499228 ], [ -80.0929171, 47.050093 ], [ -80.0928163, 47.0505353 ], [ -80.092654, 47.0506923 ], [ -80.0925428, 47.050665 ], [ -80.0924177, 47.050562 ], [ -80.0922994, 47.0502858 ], [ -80.0921845, 47.0502304 ], [ -80.0920515, 47.050227 ], [ -80.091738, 47.0504327 ], [ -80.0916116, 47.0504488 ], [ -80.0914108, 47.0503702 ], [ -80.0912658, 47.0502089 ], [ -80.0910879, 47.0497578 ], [ -80.0909432, 47.0492113 ], [ -80.091042, 47.0490439 ], [ -80.091284, 47.0489274 ], [ -80.0914546, 47.0489002 ], [ -80.0916361, 47.0487647 ], [ -80.0916121, 47.0486415 ], [ -80.0913687, 47.0482623 ], [ -80.0912108, 47.0476769 ], [ -80.0912384, 47.0472136 ], [ -80.0915013, 47.0468069 ], [ -80.0917543, 47.0465821 ], [ -80.0918282, 47.0464474 ], [ -80.092388, 47.0459975 ], [ -80.0931394, 47.0456523 ], [ -80.0940176, 47.0455203 ], [ -80.0946983, 47.0451085 ], [ -80.0950051, 47.0448833 ], [ -80.0951625, 47.0446246 ], [ -80.0953465, 47.0444436 ], [ -80.0955476, 47.044137 ], [ -80.0956758, 47.0440387 ], [ -80.0957001, 47.0439692 ], [ -80.0964673, 47.0434247 ], [ -80.0965981, 47.0432809 ], [ -80.0966556, 47.043116 ], [ -80.0965692, 47.043056 ], [ -80.0963824, 47.0430531 ], [ -80.0955671, 47.0431586 ], [ -80.0950441, 47.0431191 ], [ -80.0942725, 47.0431767 ], [ -80.0938093, 47.0431194 ], [ -80.0935627, 47.0429416 ], [ -80.0934134, 47.042908 ], [ -80.0930204, 47.0428806 ], [ -80.0927841, 47.0427503 ], [ -80.0926167, 47.0425762 ], [ -80.0926277, 47.0424679 ], [ -80.0927869, 47.0423195 ], [ -80.0927253, 47.0422269 ], [ -80.0923772, 47.0420325 ], [ -80.0923785, 47.0419134 ], [ -80.0926168, 47.0417689 ], [ -80.0928624, 47.0416805 ], [ -80.0929521, 47.0415392 ], [ -80.0930284, 47.041359 ], [ -80.0930225, 47.0411837 ], [ -80.0931859, 47.0411003 ], [ -80.0933183, 47.0410669 ], [ -80.0934676, 47.0411004 ], [ -80.0936255, 47.0410711 ], [ -80.0937913, 47.0409422 ], [ -80.0939082, 47.0407228 ], [ -80.0939923, 47.0406356 ], [ -80.0940287, 47.0405314 ], [ -80.0939828, 47.0404322 ], [ -80.0937368, 47.0402912 ], [ -80.0934841, 47.0403233 ], [ -80.0932832, 47.0404373 ], [ -80.0931096, 47.0404732 ], [ -80.0929126, 47.0404227 ], [ -80.0927555, 47.0402961 ], [ -80.0927213, 47.0399328 ], [ -80.0927463, 47.0397075 ], [ -80.0929657, 47.0391562 ], [ -80.0933179, 47.0388008 ], [ -80.0937154, 47.0385079 ], [ -80.0940076, 47.038363 ], [ -80.0943422, 47.0380965 ], [ -80.0946637, 47.0375985 ], [ -80.0953602, 47.0369875 ], [ -80.0957591, 47.0363829 ], [ -80.096681, 47.0343958 ], [ -80.0966947, 47.0338568 ], [ -80.0961189, 47.0320474 ], [ -80.0961133, 47.0314869 ], [ -80.0966547, 47.0310891 ], [ -80.0969364, 47.0310892 ], [ -80.0971565, 47.0309967 ], [ -80.09732, 47.0307206 ], [ -80.0973674, 47.0303156 ], [ -80.0971983, 47.0302237 ], [ -80.0966856, 47.0302318 ], [ -80.0964421, 47.0300453 ], [ -80.0963625, 47.0298121 ], [ -80.0963566, 47.0296369 ], [ -80.0964214, 47.0295282 ], [ -80.0963828, 47.0294852 ], [ -80.0965221, 47.029086 ], [ -80.0965844, 47.0290227 ], [ -80.0966039, 47.0288516 ], [ -80.0967691, 47.0286859 ], [ -80.0970182, 47.0286257 ], [ -80.0971548, 47.0286571 ], [ -80.0975964, 47.0289677 ], [ -80.0977101, 47.0289496 ], [ -80.0977912, 47.0288711 ], [ -80.0978701, 47.0284528 ], [ -80.0981547, 47.0278296 ], [ -80.0984596, 47.0274941 ], [ -80.0988358, 47.0272619 ], [ -80.0989053, 47.0272549 ], [ -80.0995306, 47.0269625 ], [ -80.100053, 47.0267726 ], [ -80.1011969, 47.0264547 ], [ -80.1018136, 47.0262251 ], [ -80.1024986, 47.0261075 ], [ -80.1032441, 47.0258163 ], [ -80.1044907, 47.0253959 ], [ -80.1051981, 47.0250985 ], [ -80.1074839, 47.0245449 ], [ -80.1078406, 47.0244838 ], [ -80.1082679, 47.0244893 ], [ -80.1089279, 47.024597 ], [ -80.1093613, 47.0245851 ], [ -80.1095692, 47.0245273 ], [ -80.1096473, 47.0244574 ], [ -80.1094007, 47.0242796 ], [ -80.1091016, 47.0241758 ], [ -80.1081599, 47.0240681 ], [ -80.1079273, 47.0239659 ], [ -80.1078717, 47.023856 ], [ -80.1076658, 47.0236389 ], [ -80.1074615, 47.0235322 ], [ -80.1073249, 47.0235008 ], [ -80.1070487, 47.0234466 ], [ -80.1061687, 47.0234314 ], [ -80.1054011, 47.0233246 ], [ -80.1036673, 47.02295 ], [ -80.1025638, 47.022614 ], [ -80.1022308, 47.0225689 ], [ -80.1019944, 47.0226312 ], [ -80.1018674, 47.0228031 ], [ -80.1016534, 47.0228783 ], [ -80.1014001, 47.0228736 ], [ -80.1009354, 47.0227061 ], [ -80.1006388, 47.0225568 ], [ -80.1000726, 47.0223726 ], [ -80.099606, 47.0222873 ], [ -80.0992579, 47.0222855 ], [ -80.098917, 47.02234 ], [ -80.0985338, 47.0223233 ], [ -80.0982883, 47.0224117 ], [ -80.0983014, 47.0226431 ], [ -80.0985436, 47.0229487 ], [ -80.0989399, 47.0231968 ], [ -80.0988975, 47.0233183 ], [ -80.0988158, 47.02336 ], [ -80.098551, 47.0234269 ], [ -80.0983757, 47.0235451 ], [ -80.0982346, 47.0238339 ], [ -80.0983892, 47.0240059 ], [ -80.0983589, 47.0240927 ], [ -80.09816, 47.0241245 ], [ -80.0979, 47.024293 ], [ -80.0975355, 47.024261 ], [ -80.0973851, 47.0241539 ], [ -80.0973756, 47.0239506 ], [ -80.0974349, 47.023896 ], [ -80.0974557, 47.0236059 ], [ -80.0972757, 47.0234297 ], [ -80.0969652, 47.0232048 ], [ -80.096943, 47.0229993 ], [ -80.0971208, 47.0228357 ], [ -80.0971282, 47.0226993 ], [ -80.096906, 47.0224521 ], [ -80.0967299, 47.0219188 ], [ -80.0967301, 47.0217262 ], [ -80.0968748, 47.0214654 ], [ -80.0969003, 47.021277 ], [ -80.097055, 47.0212564 ], [ -80.0971511, 47.0213271 ], [ -80.0972174, 47.0215214 ], [ -80.0972784, 47.0215772 ], [ -80.0972983, 47.0216355 ], [ -80.0973654, 47.021674 ], [ -80.0975836, 47.0216637 ], [ -80.0977788, 47.0216038 ], [ -80.097869, 47.0214993 ], [ -80.0978733, 47.0213716 ], [ -80.0977085, 47.021152 ], [ -80.0976213, 47.0206333 ], [ -80.097456, 47.0201844 ], [ -80.097376, 47.0197218 ], [ -80.0973811, 47.0194383 ], [ -80.0974458, 47.0193296 ], [ -80.0974931, 47.0191172 ], [ -80.0975797, 47.0189845 ], [ -80.0977762, 47.0188056 ], [ -80.0984487, 47.0183008 ], [ -80.099048, 47.0177749 ], [ -80.0994188, 47.0174042 ], [ -80.0995477, 47.0171501 ], [ -80.0996441, 47.016643 ], [ -80.0997047, 47.0164694 ], [ -80.1000022, 47.0162703 ], [ -80.1002972, 47.0161166 ], [ -80.1005114, 47.0158489 ], [ -80.1008108, 47.0153749 ], [ -80.1011246, 47.015206 ], [ -80.1014528, 47.0151495 ], [ -80.1022306, 47.0151113 ], [ -80.1024319, 47.0150341 ], [ -80.1024845, 47.0149601 ], [ -80.1020659, 47.0146992 ], [ -80.1020357, 47.0145933 ], [ -80.1022154, 47.0143475 ], [ -80.1021756, 47.0142309 ], [ -80.1022615, 47.0140615 ], [ -80.1021335, 47.0139672 ], [ -80.1018905, 47.0140101 ], [ -80.1017871, 47.0140758 ], [ -80.1016451, 47.0140985 ], [ -80.1014657, 47.0139591 ], [ -80.1014217, 47.0137777 ], [ -80.1015101, 47.0135628 ], [ -80.1017012, 47.013438 ], [ -80.1025552, 47.0132196 ], [ -80.1030985, 47.0131615 ], [ -80.1033117, 47.0132422 ], [ -80.1034784, 47.0133795 ], [ -80.1035472, 47.0135283 ], [ -80.103549, 47.0136386 ], [ -80.103477, 47.0136911 ], [ -80.1034655, 47.0137626 ], [ -80.103182, 47.0138448 ], [ -80.10298, 47.0140778 ], [ -80.1029672, 47.0142684 ], [ -80.1030161, 47.0143589 ], [ -80.1032951, 47.014597 ], [ -80.1038128, 47.01492 ], [ -80.1041492, 47.0151859 ], [ -80.1043056, 47.0154682 ], [ -80.1043181, 47.0156629 ], [ -80.1049705, 47.0160995 ], [ -80.1051015, 47.0163777 ], [ -80.1051888, 47.0168965 ], [ -80.1052648, 47.0171015 ], [ -80.1053518, 47.0171983 ], [ -80.1058194, 47.0173571 ], [ -80.1065168, 47.0174342 ], [ -80.1068606, 47.0175637 ], [ -80.107237, 47.0177535 ], [ -80.1073989, 47.0177891 ], [ -80.1075256, 47.018195 ], [ -80.1080692, 47.0187515 ], [ -80.1081271, 47.0190086 ], [ -80.1082685, 47.0191417 ], [ -80.1091551, 47.0191762 ], [ -80.1094682, 47.0189705 ], [ -80.109762, 47.0189358 ], [ -80.1100508, 47.0189921 ], [ -80.1101783, 47.0190496 ], [ -80.1103898, 47.0192125 ], [ -80.1103985, 47.0199569 ], [ -80.110622, 47.0200851 ], [ -80.111259, 47.0201431 ], [ -80.1113926, 47.0201832 ], [ -80.1115369, 47.0203076 ], [ -80.1115538, 47.0203746 ], [ -80.1116052, 47.0204197 ], [ -80.111559, 47.0208983 ], [ -80.1116242, 47.021019 ], [ -80.1117068, 47.0214361 ], [ -80.1116795, 47.0217068 ], [ -80.111784, 47.0219073 ], [ -80.1120305, 47.0220851 ], [ -80.1124596, 47.0222009 ], [ -80.112668, 47.0223725 ], [ -80.1127314, 47.0225754 ], [ -80.1126775, 47.0227684 ], [ -80.1123383, 47.0231259 ], [ -80.1122554, 47.0232866 ], [ -80.1119924, 47.0234639 ], [ -80.1120048, 47.0240438 ], [ -80.1121178, 47.0241815 ], [ -80.1127023, 47.0241208 ], [ -80.1131465, 47.0241933 ], [ -80.1137357, 47.0244269 ], [ -80.1141703, 47.0244886 ], [ -80.1149247, 47.0243639 ], [ -80.1153998, 47.0243863 ], [ -80.1155998, 47.0244281 ], [ -80.1159656, 47.024341 ], [ -80.1163899, 47.0243551 ], [ -80.116535, 47.0243237 ], [ -80.1169358, 47.0240588 ], [ -80.117365, 47.023982 ], [ -80.1178963, 47.0239585 ], [ -80.1184566, 47.0239673 ], [ -80.1191227, 47.0240575 ], [ -80.1192701, 47.0241733 ], [ -80.1194091, 47.0243518 ], [ -80.1202365, 47.0246334 ], [ -80.1208958, 47.0250894 ], [ -80.1214374, 47.0253061 ], [ -80.1217674, 47.0253599 ], [ -80.1219215, 47.0253024 ], [ -80.1219832, 47.0252024 ], [ -80.1220002, 47.0250767 ], [ -80.1216611, 47.0248564 ], [ -80.1209655, 47.0245046 ], [ -80.1205998, 47.0243991 ], [ -80.1201785, 47.0243763 ], [ -80.1199706, 47.0242416 ], [ -80.119958, 47.0240469 ], [ -80.1200324, 47.0237563 ], [ -80.120125, 47.0236063 ], [ -80.1201298, 47.0235154 ], [ -80.12031, 47.0233062 ], [ -80.1205325, 47.0231682 ], [ -80.120961, 47.0230546 ], [ -80.1210076, 47.022998 ], [ -80.1209683, 47.0229182 ], [ -80.1208662, 47.0228649 ], [ -80.1201464, 47.0227751 ], [ -80.1197251, 47.0225597 ], [ -80.1196267, 47.0223418 ], [ -80.1196497, 47.0221988 ], [ -80.1204343, 47.0217947 ], [ -80.1204392, 47.0217038 ], [ -80.1202766, 47.0216314 ], [ -80.1189391, 47.0216978 ], [ -80.118727, 47.0214981 ], [ -80.1185294, 47.0214109 ], [ -80.1181286, 47.0214831 ], [ -80.1176221, 47.021474 ], [ -80.1172709, 47.0216736 ], [ -80.1170273, 47.0216797 ], [ -80.1166901, 47.0215697 ], [ -80.1163335, 47.0216308 ], [ -80.1161244, 47.0216151 ], [ -80.1157914, 47.0213774 ], [ -80.1157709, 47.0212823 ], [ -80.1153553, 47.0208201 ], [ -80.1152236, 47.0205051 ], [ -80.1152521, 47.020308 ], [ -80.1151664, 47.0200922 ], [ -80.1151352, 47.0195276 ], [ -80.1150731, 47.0192056 ], [ -80.115081, 47.0189134 ], [ -80.1151548, 47.0187787 ], [ -80.1154069, 47.0187097 ], [ -80.1156063, 47.0187147 ], [ -80.1161809, 47.0190285 ], [ -80.1165882, 47.0191683 ], [ -80.1175109, 47.0196764 ], [ -80.1177847, 47.0197761 ], [ -80.1179297, 47.0197447 ], [ -80.118102, 47.0196352 ], [ -80.1181402, 47.0194488 ], [ -80.118058, 47.0192611 ], [ -80.1178998, 47.019061 ], [ -80.1178266, 47.0190399 ], [ -80.11769, 47.0192011 ], [ -80.1175377, 47.0191763 ], [ -80.1174797, 47.0191118 ], [ -80.1174587, 47.0187873 ], [ -80.1172836, 47.0183277 ], [ -80.1171241, 47.018054 ], [ -80.1166952, 47.017553 ], [ -80.1166421, 47.0173976 ], [ -80.117293, 47.017146 ], [ -80.1173801, 47.0170501 ], [ -80.1174413, 47.0165281 ], [ -80.1175495, 47.0163715 ], [ -80.1177538, 47.0162856 ], [ -80.1179617, 47.0162277 ], [ -80.1183159, 47.0162121 ], [ -80.1186815, 47.0163175 ], [ -80.1189878, 47.0164775 ], [ -80.1193081, 47.0165206 ], [ -80.1200775, 47.0163524 ], [ -80.120318, 47.0163549 ], [ -80.1214486, 47.0166126 ], [ -80.1216474, 47.0167734 ], [ -80.1217247, 47.017052 ], [ -80.1222842, 47.0176018 ], [ -80.122437, 47.017856 ], [ -80.1224382, 47.0181221 ], [ -80.1225119, 47.01818 ], [ -80.1225324, 47.0182751 ], [ -80.1226793, 47.018354 ], [ -80.1230745, 47.0183359 ], [ -80.123257, 47.0184665 ], [ -80.123608, 47.01923 ], [ -80.1235953, 47.0194205 ], [ -80.1232796, 47.020057 ], [ -80.1233092, 47.0203186 ], [ -80.1234125, 47.0204455 ], [ -80.1237219, 47.0205968 ], [ -80.1250996, 47.0210279 ], [ -80.1252395, 47.0210917 ], [ -80.1256033, 47.0212794 ], [ -80.1256976, 47.0214323 ], [ -80.1253699, 47.0217183 ], [ -80.1252877, 47.0219159 ], [ -80.1252164, 47.0220052 ], [ -80.125, 47.0221219 ], [ -80.1246548, 47.0223081 ], [ -80.1242414, 47.0223783 ], [ -80.123976, 47.0226011 ], [ -80.1237354, 47.0229838 ], [ -80.1237124, 47.0231268 ], [ -80.1238115, 47.0231888 ], [ -80.1242152, 47.0233005 ], [ -80.124373, 47.0232711 ], [ -80.1246976, 47.0229938 ], [ -80.125, 47.0228403 ], [ -80.1250397, 47.0228202 ] ], [ [ -80.1268869, 47.036733 ], [ -80.1263143, 47.0369517 ], [ -80.1260579, 47.0369558 ], [ -80.125, 47.0371291 ], [ -80.1249907, 47.0371306 ], [ -80.123779, 47.0375661 ], [ -80.1236199, 47.0377145 ], [ -80.1236072, 47.0379051 ], [ -80.1237311, 47.038127 ], [ -80.123875, 47.0382147 ], [ -80.1242565, 47.0383135 ], [ -80.125, 47.038274 ], [ -80.1250631, 47.0382706 ], [ -80.1258467, 47.0379854 ], [ -80.1262579, 47.037768 ], [ -80.1272163, 47.0371353 ], [ -80.1276614, 47.0366665 ], [ -80.1276318, 47.0365975 ], [ -80.1274413, 47.0365665 ], [ -80.1268869, 47.036733 ] ], [ [ -80.118896, 47.0394492 ], [ -80.1191089, 47.0393004 ], [ -80.1191041, 47.0391987 ], [ -80.1189457, 47.0391913 ], [ -80.1183597, 47.039371 ], [ -80.1183361, 47.0394772 ], [ -80.1183972, 47.039533 ], [ -80.1185997, 47.0395294 ], [ -80.118896, 47.0394492 ] ], [ [ -80.1264749, 47.0471965 ], [ -80.1267253, 47.0470171 ], [ -80.126784, 47.0469257 ], [ -80.1264507, 47.0468806 ], [ -80.1260522, 47.0469075 ], [ -80.1254994, 47.0469918 ], [ -80.1254244, 47.0470529 ], [ -80.1252514, 47.0473183 ], [ -80.1252067, 47.0474853 ], [ -80.1252835, 47.0475345 ], [ -80.1252997, 47.0477573 ], [ -80.1254443, 47.0478818 ], [ -80.1255452, 47.0480541 ], [ -80.1256341, 47.0480686 ], [ -80.1257472, 47.0480136 ], [ -80.1257902, 47.0479289 ], [ -80.1257194, 47.0478624 ], [ -80.1257231, 47.0476978 ], [ -80.1258852, 47.0475408 ], [ -80.1262015, 47.0473262 ], [ -80.1264749, 47.0471965 ] ], [ [ -80.1444097, 47.0492615 ], [ -80.1442862, 47.0490763 ], [ -80.1442028, 47.0490077 ], [ -80.1439481, 47.0489296 ], [ -80.1438212, 47.0491016 ], [ -80.1441067, 47.0493223 ], [ -80.1440734, 47.0494178 ], [ -80.1441091, 47.0494695 ], [ -80.1442331, 47.0494988 ], [ -80.1443492, 47.0494351 ], [ -80.1444097, 47.0492615 ] ], [ [ -80.1565633, 47.0531722 ], [ -80.1574404, 47.0533514 ], [ -80.1576557, 47.0533497 ], [ -80.1576515, 47.0532848 ], [ -80.157453, 47.0531608 ], [ -80.1569563, 47.0530068 ], [ -80.1567064, 47.0528377 ], [ -80.1563344, 47.0527498 ], [ -80.1554209, 47.0522895 ], [ -80.1548764, 47.0521185 ], [ -80.1541989, 47.0519442 ], [ -80.1537385, 47.051686 ], [ -80.1531427, 47.0514699 ], [ -80.1530163, 47.0514861 ], [ -80.152994, 47.0516659 ], [ -80.1531085, 47.0520697 ], [ -80.1534074, 47.0523293 ], [ -80.1536427, 47.0523858 ], [ -80.1538769, 47.0525615 ], [ -80.1539398, 47.0527276 ], [ -80.1539055, 47.0529422 ], [ -80.1540296, 47.0531642 ], [ -80.1542358, 47.0531885 ], [ -80.154488, 47.0531194 ], [ -80.1548655, 47.0531532 ], [ -80.1549961, 47.053202 ], [ -80.1555805, 47.0532969 ], [ -80.155852, 47.0532493 ], [ -80.1560625, 47.0531459 ], [ -80.1565633, 47.0531722 ] ], [ [ -80.1498768, 47.0534891 ], [ -80.1497274, 47.0534557 ], [ -80.1492949, 47.053156 ], [ -80.1491993, 47.0531222 ], [ -80.1491273, 47.0531747 ], [ -80.1490918, 47.0535083 ], [ -80.1491287, 47.0536335 ], [ -80.1493084, 47.0537728 ], [ -80.1494578, 47.0538063 ], [ -80.1497094, 47.0537004 ], [ -80.1499368, 47.053664 ], [ -80.1498768, 47.0534891 ] ], [ [ -80.1517167, 47.0559161 ], [ -80.1518201, 47.0558504 ], [ -80.1518473, 47.0557723 ], [ -80.151408, 47.0554532 ], [ -80.151186, 47.0554355 ], [ -80.1510535, 47.055469 ], [ -80.1507245, 47.0554889 ], [ -80.1503881, 47.0554526 ], [ -80.1502273, 47.0554906 ], [ -80.1502497, 47.0556961 ], [ -80.1504772, 47.0558523 ], [ -80.1509412, 47.0559461 ], [ -80.1515177, 47.055948 ], [ -80.1517167, 47.0559161 ] ], [ [ -80.1562797, 47.0588497 ], [ -80.1563534, 47.0587149 ], [ -80.1565378, 47.0585706 ], [ -80.1565436, 47.0579753 ], [ -80.1564606, 47.0577509 ], [ -80.1562378, 47.0575037 ], [ -80.1559819, 47.0573521 ], [ -80.1557877, 47.057293 ], [ -80.1554869, 47.0571158 ], [ -80.1548934, 47.0568542 ], [ -80.1543713, 47.056696 ], [ -80.1542273, 47.0566084 ], [ -80.153393, 47.0563445 ], [ -80.1532636, 47.0563693 ], [ -80.1532497, 47.0564863 ], [ -80.1533399, 47.0565743 ], [ -80.1537235, 47.0567834 ], [ -80.1539068, 47.0569508 ], [ -80.1542717, 47.0571752 ], [ -80.1550633, 47.0579092 ], [ -80.155156, 47.0581444 ], [ -80.1551537, 47.0583825 ], [ -80.1552184, 47.0584664 ], [ -80.1552228, 47.0587239 ], [ -80.1553373, 47.0589351 ], [ -80.1553677, 47.0592336 ], [ -80.1552649, 47.0593361 ], [ -80.1550387, 47.0594462 ], [ -80.1545971, 47.0595579 ], [ -80.1542193, 47.0600652 ], [ -80.1542018, 47.0601541 ], [ -80.1541977, 47.0604745 ], [ -80.154314, 47.0606034 ], [ -80.1545887, 47.0607398 ], [ -80.1550357, 47.0607665 ], [ -80.155487, 47.0606656 ], [ -80.1557888, 47.0605311 ], [ -80.155917, 47.0604327 ], [ -80.1560452, 47.0603343 ], [ -80.1562616, 47.0600209 ], [ -80.1563957, 47.0597125 ], [ -80.1566157, 47.0594272 ], [ -80.1567349, 47.0593548 ], [ -80.1572079, 47.0592298 ], [ -80.1577626, 47.0592557 ], [ -80.1579205, 47.0592263 ], [ -80.1581454, 47.0590427 ], [ -80.1580914, 47.0588505 ], [ -80.1580079, 47.0587819 ], [ -80.1577181, 47.058689 ], [ -80.1574526, 47.0587192 ], [ -80.156823, 47.0589472 ], [ -80.1562906, 47.0589341 ], [ -80.1562797, 47.0588497 ] ], [ [ -80.1528271, 47.0595914 ], [ -80.1530322, 47.0595421 ], [ -80.1532257, 47.0593718 ], [ -80.1532432, 47.0592829 ], [ -80.1531336, 47.0591733 ], [ -80.1529848, 47.0591767 ], [ -80.1527671, 47.0592239 ], [ -80.1525633, 47.0593467 ], [ -80.1526032, 47.0594632 ], [ -80.1527382, 47.0595769 ], [ -80.1528271, 47.0595914 ] ], [ [ -80.1293417, 47.0608085 ], [ -80.129323, 47.0604385 ], [ -80.1292328, 47.0603504 ], [ -80.1291469, 47.0603273 ], [ -80.1290374, 47.0604104 ], [ -80.1289733, 47.0605559 ], [ -80.1290059, 47.0608089 ], [ -80.1290513, 47.0608713 ], [ -80.129191, 47.060894 ], [ -80.1293417, 47.0608085 ] ], [ [ -80.1102515, 47.0319952 ], [ -80.1101669, 47.031853 ], [ -80.1100327, 47.0317761 ], [ -80.1099439, 47.0317616 ], [ -80.1095461, 47.0318252 ], [ -80.1091906, 47.0317672 ], [ -80.1089446, 47.0316262 ], [ -80.1086635, 47.0316629 ], [ -80.1086761, 47.0318576 ], [ -80.1090297, 47.0319978 ], [ -80.1092309, 47.0321132 ], [ -80.1092369, 47.0322884 ], [ -80.1090754, 47.0324823 ], [ -80.1089284, 47.0325959 ], [ -80.1087948, 47.0325558 ], [ -80.1086305, 47.032373 ], [ -80.1084038, 47.0322535 ], [ -80.1083324, 47.0323428 ], [ -80.1083239, 47.0324056 ], [ -80.1083892, 47.0325263 ], [ -80.1085711, 47.0326202 ], [ -80.108854, 47.0326938 ], [ -80.1088926, 47.0327368 ], [ -80.1088835, 47.0329555 ], [ -80.1087661, 47.0331382 ], [ -80.1088707, 47.0331461 ], [ -80.1091162, 47.0330577 ], [ -80.1093412, 47.0328742 ], [ -80.1094839, 47.0326957 ], [ -80.1097536, 47.0325378 ], [ -80.1098468, 47.0324246 ], [ -80.1102133, 47.0321816 ], [ -80.1102515, 47.0319952 ] ], [ [ -80.1119377, 47.0329306 ], [ -80.1120944, 47.0328277 ], [ -80.1121113, 47.0327021 ], [ -80.1120092, 47.0326487 ], [ -80.1117347, 47.0327049 ], [ -80.1113066, 47.0328552 ], [ -80.1108428, 47.0331465 ], [ -80.1103801, 47.0335114 ], [ -80.1096968, 47.0337394 ], [ -80.1094458, 47.033882 ], [ -80.1091876, 47.0339683 ], [ -80.1088647, 47.0341633 ], [ -80.1082392, 47.034841 ], [ -80.1082403, 47.0349146 ], [ -80.1083152, 47.0350461 ], [ -80.1084924, 47.0350383 ], [ -80.1090481, 47.0347528 ], [ -80.1092423, 47.0346193 ], [ -80.1094757, 47.0345656 ], [ -80.1103435, 47.0341934 ], [ -80.1106573, 47.0340244 ], [ -80.1112278, 47.0332735 ], [ -80.1114401, 47.033088 ], [ -80.1119377, 47.0329306 ] ], [ [ -80.1066742, 47.0363655 ], [ -80.1068, 47.0363126 ], [ -80.1070152, 47.036311 ], [ -80.1071404, 47.0362213 ], [ -80.1069186, 47.0360109 ], [ -80.1068497, 47.0360547 ], [ -80.1065649, 47.0360633 ], [ -80.1053774, 47.0362365 ], [ -80.1046196, 47.0365625 ], [ -80.1041471, 47.0369166 ], [ -80.1041326, 47.0369967 ], [ -80.1040667, 47.0370319 ], [ -80.1040538, 47.0372224 ], [ -80.1043107, 47.0374478 ], [ -80.1043922, 47.0375987 ], [ -80.1044332, 47.0377888 ], [ -80.1042993, 47.0381339 ], [ -80.1043089, 47.0383373 ], [ -80.104426, 47.0385399 ], [ -80.104819, 47.0385673 ], [ -80.105064, 47.0384421 ], [ -80.1051511, 47.0383462 ], [ -80.1056435, 47.0380504 ], [ -80.1058528, 47.0378736 ], [ -80.1058891, 47.0377694 ], [ -80.106228, 47.0373752 ], [ -80.1066498, 47.0366275 ], [ -80.1066742, 47.0363655 ] ], [ [ -80.1116563, 47.0410856 ], [ -80.1122314, 47.0410142 ], [ -80.1124189, 47.0408613 ], [ -80.1124232, 47.0407336 ], [ -80.1123174, 47.0406521 ], [ -80.1122038, 47.0406703 ], [ -80.1115621, 47.0409326 ], [ -80.1115572, 47.0410236 ], [ -80.1116563, 47.0410856 ] ], [ [ -80.1130844, 47.0428778 ], [ -80.1133408, 47.0428738 ], [ -80.1134472, 47.0427994 ], [ -80.1133784, 47.0426505 ], [ -80.1132115, 47.0425133 ], [ -80.1131209, 47.0423884 ], [ -80.1130788, 47.0419321 ], [ -80.1128382, 47.0417369 ], [ -80.1126513, 47.041734 ], [ -80.1125926, 47.0418253 ], [ -80.1125385, 47.0424036 ], [ -80.1122911, 47.0427669 ], [ -80.1122553, 47.0429078 ], [ -80.1122855, 47.0430137 ], [ -80.1125877, 47.0433014 ], [ -80.1127516, 47.0432548 ], [ -80.1129029, 47.0430134 ], [ -80.1130844, 47.0428778 ] ], [ [ -80.1105992, 47.045078 ], [ -80.1107408, 47.0448259 ], [ -80.1107409, 47.0446333 ], [ -80.1106961, 47.0446077 ], [ -80.1103661, 47.0443612 ], [ -80.109906, 47.0441027 ], [ -80.1097736, 47.0441362 ], [ -80.1096876, 47.0443057 ], [ -80.1097177, 47.0446041 ], [ -80.1096844, 47.0446996 ], [ -80.1095973, 47.0447955 ], [ -80.1092821, 47.0448909 ], [ -80.1088721, 47.0449892 ], [ -80.108572, 47.0452338 ], [ -80.1080244, 47.0458417 ], [ -80.1079911, 47.0459372 ], [ -80.1079287, 47.0460004 ], [ -80.1077496, 47.0462831 ], [ -80.1078142, 47.0463671 ], [ -80.1079412, 47.0463878 ], [ -80.108716, 47.0461288 ], [ -80.1090245, 47.0460139 ], [ -80.1097716, 47.0456036 ], [ -80.1102682, 47.0453727 ], [ -80.1104624, 47.0452392 ], [ -80.1105992, 47.045078 ] ], [ [ -80.1016204, 47.0463478 ], [ -80.1018461, 47.0462012 ], [ -80.1018413, 47.0460995 ], [ -80.1020289, 47.0459466 ], [ -80.1020398, 47.0458383 ], [ -80.1025483, 47.0451506 ], [ -80.1034677, 47.0440162 ], [ -80.1038936, 47.0437187 ], [ -80.1041894, 47.0436018 ], [ -80.10434, 47.0435163 ], [ -80.104305, 47.0433088 ], [ -80.1045343, 47.0431902 ], [ -80.1048464, 47.0431035 ], [ -80.1054149, 47.0430127 ], [ -80.1064848, 47.0426001 ], [ -80.1066826, 47.0424947 ], [ -80.1067335, 47.0423104 ], [ -80.106649, 47.0421682 ], [ -80.1064192, 47.0420573 ], [ -80.1061695, 47.0420808 ], [ -80.1056742, 47.0421927 ], [ -80.1050888, 47.0422165 ], [ -80.104634, 47.0422891 ], [ -80.1040129, 47.0424539 ], [ -80.1035896, 47.0425133 ], [ -80.1033931, 47.0424996 ], [ -80.1030044, 47.0423444 ], [ -80.1027891, 47.042346 ], [ -80.1024219, 47.0425522 ], [ -80.102406, 47.0427514 ], [ -80.1024544, 47.0428051 ], [ -80.1024795, 47.0431945 ], [ -80.1023989, 47.0435025 ], [ -80.1020442, 47.0439033 ], [ -80.1011585, 47.044557 ], [ -80.1008971, 47.044652 ], [ -80.1006026, 47.0446498 ], [ -80.1004514, 47.0446985 ], [ -80.1002486, 47.0450874 ], [ -80.100097, 47.0455214 ], [ -80.0999832, 47.0465395 ], [ -80.0998929, 47.0468367 ], [ -80.0993822, 47.0479919 ], [ -80.099362, 47.0483189 ], [ -80.0994066, 47.0485371 ], [ -80.0995286, 47.0486488 ], [ -80.0997693, 47.0486513 ], [ -80.0999253, 47.0487043 ], [ -80.1000196, 47.0488573 ], [ -80.1000846, 47.0491707 ], [ -80.1002606, 47.0492819 ], [ -80.1005503, 47.0491824 ], [ -80.1006655, 47.0488526 ], [ -80.1006887, 47.0485169 ], [ -80.1006398, 47.0484264 ], [ -80.1007043, 47.0478956 ], [ -80.1006372, 47.0478571 ], [ -80.1005295, 47.0478579 ], [ -80.1003946, 47.0479368 ], [ -80.1002676, 47.0479161 ], [ -80.1002441, 47.0478297 ], [ -80.1003053, 47.0476929 ], [ -80.1005152, 47.0475529 ], [ -80.100879, 47.047126 ], [ -80.1009432, 47.0469805 ], [ -80.1009233, 47.0469222 ], [ -80.1008054, 47.0468754 ], [ -80.1004667, 47.0468844 ], [ -80.100393, 47.0468265 ], [ -80.1003786, 47.0467141 ], [ -80.1004779, 47.0465835 ], [ -80.1009752, 47.0461967 ], [ -80.1011748, 47.0462018 ], [ -80.1014335, 47.0463449 ], [ -80.1016204, 47.0463478 ] ], [ [ -80.1064285, 47.0478383 ], [ -80.1067752, 47.047537 ], [ -80.1068466, 47.0474478 ], [ -80.1069072, 47.0472742 ], [ -80.1068359, 47.0471708 ], [ -80.1066901, 47.0471654 ], [ -80.1063356, 47.0473736 ], [ -80.1048808, 47.0478887 ], [ -80.1038566, 47.0484005 ], [ -80.1038269, 47.0485241 ], [ -80.1039575, 47.0485729 ], [ -80.1042412, 47.0484908 ], [ -80.1047118, 47.0484115 ], [ -80.1054684, 47.0483973 ], [ -80.1064285, 47.0478383 ] ], [ [ -80.1160211, 47.045347 ], [ -80.1160127, 47.0452172 ], [ -80.1160719, 47.0451627 ], [ -80.1160768, 47.0450717 ], [ -80.1159348, 47.0449018 ], [ -80.1158017, 47.0448985 ], [ -80.1155531, 47.0451882 ], [ -80.1153196, 47.0452419 ], [ -80.1150125, 47.0450451 ], [ -80.1149049, 47.0448533 ], [ -80.1147732, 47.0447309 ], [ -80.114677, 47.0448528 ], [ -80.1148769, 47.0454725 ], [ -80.1149626, 47.0458809 ], [ -80.114925, 47.0461041 ], [ -80.1148288, 47.046226 ], [ -80.1148336, 47.0463277 ], [ -80.1149006, 47.0465588 ], [ -80.1150034, 47.0466489 ], [ -80.1151611, 47.0470049 ], [ -80.1150939, 47.0471591 ], [ -80.114665, 47.0474653 ], [ -80.1141552, 47.0474648 ], [ -80.1139973, 47.0474941 ], [ -80.1138085, 47.0477661 ], [ -80.113849, 47.0479194 ], [ -80.1140551, 47.0481365 ], [ -80.1135796, 47.0484993 ], [ -80.1134398, 47.0486692 ], [ -80.1134355, 47.0487969 ], [ -80.113537, 47.0490061 ], [ -80.1135195, 47.049095 ], [ -80.1134602, 47.0491496 ], [ -80.1134402, 47.0492839 ], [ -80.1135587, 47.0493674 ], [ -80.113809, 47.0493807 ], [ -80.1139469, 47.0494857 ], [ -80.1139237, 47.050014 ], [ -80.1140119, 47.0501843 ], [ -80.1142853, 47.0502472 ], [ -80.1142846, 47.0504031 ], [ -80.1143535, 47.0505519 ], [ -80.1143625, 47.0507185 ], [ -80.1141894, 47.0509838 ], [ -80.1142855, 47.0510546 ], [ -80.1143617, 47.051067 ], [ -80.1145281, 47.0509748 ], [ -80.1147458, 47.0509277 ], [ -80.1150156, 47.0507699 ], [ -80.1150338, 47.0507178 ], [ -80.115199, 47.0505521 ], [ -80.1152973, 47.04977 ], [ -80.1153241, 47.0492698 ], [ -80.1154452, 47.0489226 ], [ -80.1156631, 47.0484902 ], [ -80.1161047, 47.0481861 ], [ -80.1160811, 47.0480997 ], [ -80.1159687, 47.0479988 ], [ -80.1155895, 47.0480471 ], [ -80.1154292, 47.0479292 ], [ -80.115468, 47.0477796 ], [ -80.1156332, 47.0476139 ], [ -80.1163832, 47.0473875 ], [ -80.1164673, 47.0473003 ], [ -80.1165121, 47.0471333 ], [ -80.1167159, 47.0470105 ], [ -80.1171417, 47.0469056 ], [ -80.1173461, 47.0468197 ], [ -80.1173474, 47.0467006 ], [ -80.1169695, 47.0464372 ], [ -80.1168384, 47.046159 ], [ -80.116836, 47.0460119 ], [ -80.1167533, 47.0457874 ], [ -80.1166378, 47.0456952 ], [ -80.1164352, 47.0456989 ], [ -80.1163457, 47.0456476 ], [ -80.1163439, 47.0455372 ], [ -80.1160211, 47.045347 ] ] ] } },
{ "type": "Feature", "properties": { "element": "relation", "id": 5644616, "natural": "wood", "source": "NRCan-CanVec-10.0", "type": "multipolygon" }, "geometry": { "type": "Polygon", "coordinates": [ [ [ -80.018945, 47.0000477 ], [ -80.0188654, 47.0002364 ], [ -80.0187056, 47.0003478 ], [ -80.0182075, 47.0004679 ], [ -80.0181517, 47.0005505 ], [ -80.0178296, 47.0005894 ], [ -80.0171118, 47.0003798 ], [ -80.0168339, 47.0004075 ], [ -80.016705, 47.0004689 ], [ -80.0167385, 47.0006029 ], [ -80.0168729, 47.0007167 ], [ -80.0171626, 47.0008468 ], [ -80.0178549, 47.0010523 ], [ -80.0179112, 47.0012358 ], [ -80.0178301, 47.0013143 ], [ -80.0175876, 47.0013937 ], [ -80.017335, 47.0014257 ], [ -80.0167776, 47.0013708 ], [ -80.0163723, 47.0011116 ], [ -80.0162997, 47.0011272 ], [ -80.0160836, 47.0012844 ], [ -80.0156986, 47.0022672 ], [ -80.0153917, 47.002492 ], [ -80.0148175, 47.0025996 ], [ -80.0143838, 47.0025742 ], [ -80.0140196, 47.0023126 ], [ -80.0137984, 47.0023313 ], [ -80.0135539, 47.002493 ], [ -80.0133839, 47.0027862 ], [ -80.0133758, 47.0028858 ], [ -80.0127254, 47.0038984 ], [ -80.0125991, 47.0039143 ], [ -80.0124241, 47.0038397 ], [ -80.0122054, 47.003813 ], [ -80.0120573, 47.0038529 ], [ -80.0119482, 47.0039726 ], [ -80.0117884, 47.0043134 ], [ -80.0117802, 47.0044129 ], [ -80.0117209, 47.0044674 ], [ -80.0117031, 47.0045563 ], [ -80.0115631, 47.0047259 ], [ -80.0115418, 47.0047867 ], [ -80.0111105, 47.0051746 ], [ -80.0109598, 47.00526 ], [ -80.010417, 47.0053543 ], [ -80.0102947, 47.0054352 ], [ -80.0102927, 47.0055174 ], [ -80.0103759, 47.0055861 ], [ -80.0103769, 47.0056597 ], [ -80.0099162, 47.0059786 ], [ -80.0094606, 47.0062065 ], [ -80.009042, 47.0063672 ], [ -80.0074555, 47.0071801 ], [ -80.0071034, 47.0073424 ], [ -80.006832, 47.0073896 ], [ -80.0065235, 47.0075041 ], [ -80.0061865, 47.0078525 ], [ -80.0055107, 47.0081727 ], [ -80.0044751, 47.0085622 ], [ -80.0041899, 47.0087631 ], [ -80.0041843, 47.0088173 ], [ -80.0042619, 47.0089401 ], [ -80.0041117, 47.0090623 ], [ -80.0038032, 47.0091767 ], [ -80.0038437, 47.0093669 ], [ -80.0038889, 47.0094294 ], [ -80.003765, 47.0096292 ], [ -80.0034413, 47.0097871 ], [ -80.0031277, 47.0099925 ], [ -80.0025917, 47.0106018 ], [ -80.0023487, 47.0106444 ], [ -80.0017856, 47.0104142 ], [ -80.0011033, 47.0102562 ], [ -80.0009226, 47.0102357 ], [ -80.0006639, 47.010285 ], [ -80.0, 47.010832 ], [ -80.0, 47.0 ], [ -80.0, 46.9833333 ], [ -80.0, 46.978971 ], [ -80.0003327, 46.9786944 ], [ -80.0003378, 46.9786035 ], [ -80.000238, 46.9784592 ], [ -80.0005561, 46.9776761 ], [ -80.0007898, 46.977581 ], [ -80.0010627, 46.9774933 ], [ -80.0017542, 46.9774327 ], [ -80.0023017, 46.9774769 ], [ -80.0026921, 46.9773576 ], [ -80.0037888, 46.9768682 ], [ -80.0040114, 46.9766735 ], [ -80.004521, 46.976539 ], [ -80.0047243, 46.9763798 ], [ -80.0051218, 46.976016 ], [ -80.0051903, 46.9760068 ], [ -80.0054154, 46.976053 ], [ -80.0056046, 46.9757813 ], [ -80.0056848, 46.9757091 ], [ -80.0063164, 46.9755864 ], [ -80.0063424, 46.9755122 ], [ -80.006653, 46.9754675 ], [ -80.0067727, 46.9753128 ], [ -80.0070551, 46.9752767 ], [ -80.0070989, 46.9750996 ], [ -80.0078601, 46.975198 ], [ -80.0081836, 46.9750401 ], [ -80.0083985, 46.9750388 ], [ -80.0091548, 46.9753282 ], [ -80.0094762, 46.9753106 ], [ -80.0094843, 46.9756117 ], [ -80.0102205, 46.9755003 ], [ -80.0102543, 46.9755181 ], [ -80.0102913, 46.9754896 ], [ -80.0105884, 46.9754446 ], [ -80.014198, 46.9742488 ], [ -80.0142928, 46.974246 ], [ -80.0144018, 46.9743557 ], [ -80.0148285, 46.975279 ], [ -80.0148894, 46.9753348 ], [ -80.0149859, 46.9753242 ], [ -80.0150784, 46.9755219 ], [ -80.0153557, 46.975228 ], [ -80.0159666, 46.9750531 ], [ -80.0160149, 46.9749811 ], [ -80.0171569, 46.9747166 ], [ -80.0176345, 46.9738134 ], [ -80.0178281, 46.9736434 ], [ -80.0208965, 46.9732238 ], [ -80.0213569, 46.9733277 ], [ -80.0209397, 46.9746315 ], [ -80.0212312, 46.9749087 ], [ -80.0212944, 46.9751084 ], [ -80.0212824, 46.9751832 ], [ -80.0214289, 46.975721 ], [ -80.0213986, 46.9764534 ], [ -80.0211948, 46.977077 ], [ -80.0206261, 46.9780111 ], [ -80.0205286, 46.9782563 ], [ -80.0203184, 46.9783918 ], [ -80.0202312, 46.9787169 ], [ -80.0202612, 46.9789291 ], [ -80.0201477, 46.9792147 ], [ -80.0200416, 46.9794105 ], [ -80.0200618, 46.9794306 ], [ -80.0200578, 46.9794407 ], [ -80.020072, 46.9795531 ], [ -80.0204447, 46.9797519 ], [ -80.0215281, 46.9794528 ], [ -80.0216893, 46.9794518 ], [ -80.0226, 46.9803719 ], [ -80.0227907, 46.981128 ], [ -80.022715, 46.9812285 ], [ -80.0221367, 46.9811582 ], [ -80.0220738, 46.9811846 ], [ -80.0220718, 46.9812668 ], [ -80.0221448, 46.981288 ], [ -80.0223512, 46.9815788 ], [ -80.0223459, 46.9817184 ], [ -80.0221388, 46.9819934 ], [ -80.0220808, 46.9823051 ], [ -80.021971, 46.9824338 ], [ -80.0217723, 46.9831534 ], [ -80.0217482, 46.9837286 ], [ -80.0217424, 46.9837357 ], [ -80.0215538, 46.9838148 ], [ -80.0215518, 46.9843558 ], [ -80.0217891, 46.9843672 ], [ -80.0218381, 46.9844034 ], [ -80.0218541, 46.9844879 ], [ -80.0215995, 46.9848315 ], [ -80.0220108, 46.985532 ], [ -80.0220433, 46.9858218 ], [ -80.0222857, 46.9859717 ], [ -80.0227921, 46.9859849 ], [ -80.0230834, 46.9862586 ], [ -80.0245788, 46.9869261 ], [ -80.0275022, 46.9872683 ], [ -80.027799, 46.9879134 ], [ -80.0283193, 46.9882648 ], [ -80.0286783, 46.9901861 ], [ -80.028657, 46.9902469 ], [ -80.0284613, 46.9902698 ], [ -80.0274541, 46.9901595 ], [ -80.0263764, 46.9892946 ], [ -80.0262141, 46.9892221 ], [ -80.0261385, 46.9892464 ], [ -80.0256771, 46.9897211 ], [ -80.0264247, 46.9902658 ], [ -80.0269209, 46.9911454 ], [ -80.0257399, 46.9919516 ], [ -80.025525, 46.9924118 ], [ -80.0242801, 46.9938589 ], [ -80.0243656, 46.9946514 ], [ -80.024261, 46.9947548 ], [ -80.0239263, 46.9952504 ], [ -80.0239806, 46.9955162 ], [ -80.0242411, 46.9958611 ], [ -80.0242896, 46.9961266 ], [ -80.0244283, 46.9962593 ], [ -80.0244834, 46.9964153 ], [ -80.0248709, 46.9967633 ], [ -80.0250417, 46.996846 ], [ -80.0252737, 46.9970679 ], [ -80.0253356, 46.9971974 ], [ -80.025289, 46.9972539 ], [ -80.0241909, 46.9976701 ], [ -80.0226109, 46.9974734 ], [ -80.022508, 46.9974214 ], [ -80.0224639, 46.9974325 ], [ -80.0224322, 46.9974512 ], [ -80.0221093, 46.997411 ], [ -80.0209098, 46.997581 ], [ -80.0208464, 46.9978 ], [ -80.0205086, 46.9978455 ], [ -80.0202074, 46.9980162 ], [ -80.0193512, 46.9990042 ], [ -80.0179554, 46.9993897 ], [ -80.0177794, 47.0 ], [ -80.01891, 47.0 ], [ -80.018945, 47.0000477 ] ], [ [ -80.0037855, 46.9980437 ], [ -80.0035412, 46.9977007 ], [ -80.0019658, 46.9976804 ], [ -80.0017363, 46.9982574 ], [ -80.0009186, 46.9986001 ], [ -80.0007566, 46.9990231 ], [ -80.0010901, 46.9990148 ], [ -80.0013885, 46.9992095 ], [ -80.0015848, 46.9992235 ], [ -80.0033738, 46.9991321 ], [ -80.0039195, 46.9992585 ], [ -80.0041078, 46.9991427 ], [ -80.0047393, 46.9990629 ], [ -80.0048149, 46.9990387 ], [ -80.0047241, 46.9988769 ], [ -80.0037855, 46.9980437 ] ], [ [ -80.0104249, 47.0 ], [ -80.0103115, 46.9996941 ], [ -80.0097338, 46.9993148 ], [ -80.0096121, 46.9994324 ], [ -80.0093796, 47.0 ], [ -80.0104249, 47.0 ] ] ] } },
{ "type": "Feature", "properties": { "element": "relation", "id": 5644617, "natural": "wood", "source": "NRCan-CanVec-10.0", "type": "multipolygon" }, "geometry": { "type": "Polygon", "coordinates": [ [ [ -80.0964565, 47.1251037 ], [ -80.0957819, 47.1253793 ], [ -80.0956946, 47.1254752 ], [ -80.0957503, 47.1255852 ], [ -80.0959755, 47.1257871 ], [ -80.0960281, 47.1259058 ], [ -80.0965493, 47.1263761 ], [ -80.0966321, 47.1266007 ], [ -80.0966514, 47.1268149 ], [ -80.0972307, 47.1273498 ], [ -80.0972834, 47.1274685 ], [ -80.0978918, 47.1280356 ], [ -80.0983718, 47.1287011 ], [ -80.0987968, 47.1291007 ], [ -80.0989575, 47.1296408 ], [ -80.0990329, 47.1301946 ], [ -80.0989329, 47.1309033 ], [ -80.0988551, 47.1312026 ], [ -80.0987234, 47.1315024 ], [ -80.0985786, 47.1315706 ], [ -80.0984107, 47.1315891 ], [ -80.0979213, 47.131335 ], [ -80.0976608, 47.131311 ], [ -80.0965252, 47.1313279 ], [ -80.0960604, 47.1314265 ], [ -80.0957482, 47.1315501 ], [ -80.0950347, 47.1319753 ], [ -80.0950273, 47.1321117 ], [ -80.0951769, 47.1321453 ], [ -80.0951878, 47.1322297 ], [ -80.0947852, 47.1324578 ], [ -80.0946808, 47.1326794 ], [ -80.0947042, 47.1329585 ], [ -80.0948684, 47.1337194 ], [ -80.094864, 47.1338472 ], [ -80.0948215, 47.1339688 ], [ -80.09444, 47.1343288 ], [ -80.0944672, 47.1344433 ], [ -80.0946561, 47.1345567 ], [ -80.094904, 47.1345787 ], [ -80.0951858, 47.1345421 ], [ -80.0954275, 47.1345814 ], [ -80.0957067, 47.1347829 ], [ -80.0959016, 47.1350716 ], [ -80.0960261, 47.1355233 ], [ -80.0962361, 47.1365762 ], [ -80.0962587, 47.1370112 ], [ -80.0961834, 47.1372651 ], [ -80.0959699, 47.1374139 ], [ -80.095802, 47.1374324 ], [ -80.0955677, 47.1372566 ], [ -80.0954672, 47.1371209 ], [ -80.0951432, 47.1368937 ], [ -80.0947196, 47.1367972 ], [ -80.0942469, 47.1368028 ], [ -80.0939526, 47.1366447 ], [ -80.0937795, 47.136332 ], [ -80.0937022, 47.1360533 ], [ -80.0937153, 47.13567 ], [ -80.0934917, 47.1349636 ], [ -80.093475, 47.1347039 ], [ -80.0931074, 47.1337171 ], [ -80.092935, 47.1334412 ], [ -80.092603, 47.1333137 ], [ -80.0922722, 47.1332598 ], [ -80.0917435, 47.1329258 ], [ -80.0915908, 47.1329009 ], [ -80.0911972, 47.1326808 ], [ -80.0909157, 47.1323321 ], [ -80.0902334, 47.1317069 ], [ -80.0900641, 47.1314224 ], [ -80.089486, 47.1307683 ], [ -80.0884971, 47.1302125 ], [ -80.0880574, 47.1300858 ], [ -80.0879113, 47.1300803 ], [ -80.0873749, 47.1302682 ], [ -80.0871053, 47.1302701 ], [ -80.0865734, 47.1301376 ], [ -80.0860108, 47.1298623 ], [ -80.0856056, 47.1297136 ], [ -80.0833488, 47.1290153 ], [ -80.0829223, 47.1289274 ], [ -80.0827193, 47.128931 ], [ -80.0825811, 47.1290186 ], [ -80.0825762, 47.1291096 ], [ -80.0828849, 47.1293802 ], [ -80.0829253, 47.1295336 ], [ -80.0827815, 47.1296754 ], [ -80.0826518, 47.1297001 ], [ -80.0823659, 47.1296718 ], [ -80.0819911, 47.1294364 ], [ -80.081358, 47.129324 ], [ -80.0810892, 47.12917 ], [ -80.0809985, 47.129045 ], [ -80.081046, 47.1288325 ], [ -80.0810097, 47.128744 ], [ -80.0806593, 47.1284391 ], [ -80.0807497, 47.1283345 ], [ -80.0808285, 47.1283015 ], [ -80.0810226, 47.1281312 ], [ -80.0811094, 47.1279985 ], [ -80.0810538, 47.1278885 ], [ -80.0807124, 47.1275575 ], [ -80.0804034, 47.1270574 ], [ -80.0803072, 47.1269866 ], [ -80.0800599, 47.1265792 ], [ -80.0799547, 47.1263418 ], [ -80.0799458, 47.1261751 ], [ -80.0798847, 47.1261193 ], [ -80.0798569, 47.1255457 ], [ -80.0797264, 47.1253042 ], [ -80.0795128, 47.1250307 ], [ -80.0794698, 47.125 ], [ -80.0789965, 47.124662 ], [ -80.0787603, 47.1245684 ], [ -80.0784456, 47.1243151 ], [ -80.0782708, 47.1240847 ], [ -80.0781767, 47.123739 ], [ -80.0781924, 47.1233102 ], [ -80.0784483, 47.1221955 ], [ -80.0785167, 47.1216928 ], [ -80.0787663, 47.1212104 ], [ -80.0787442, 47.1210048 ], [ -80.078597, 47.1209258 ], [ -80.0774673, 47.1208883 ], [ -80.0773008, 47.1207877 ], [ -80.0773077, 47.1206145 ], [ -80.0774316, 47.1204144 ], [ -80.0775437, 47.1198637 ], [ -80.0775655, 47.1194176 ], [ -80.0773735, 47.1188907 ], [ -80.0772604, 47.1187529 ], [ -80.0768918, 47.1185 ], [ -80.0768678, 47.1183768 ], [ -80.0771284, 47.1182082 ], [ -80.0771232, 47.1180697 ], [ -80.0770175, 47.1177955 ], [ -80.0769815, 47.1175143 ], [ -80.0770152, 47.1172261 ], [ -80.077141, 47.1169438 ], [ -80.0771824, 47.1167487 ], [ -80.0773797, 47.116377 ], [ -80.078133, 47.1156464 ], [ -80.0783552, 47.1152422 ], [ -80.078517, 47.1146262 ], [ -80.0786456, 47.1145278 ], [ -80.0790744, 47.1145703 ], [ -80.0791943, 47.1145348 ], [ -80.0792225, 47.1143008 ], [ -80.0791893, 47.1142036 ], [ -80.0792349, 47.1140733 ], [ -80.0794107, 47.1139552 ], [ -80.079822, 47.1138938 ], [ -80.0801117, 47.1137575 ], [ -80.0809269, 47.1127342 ], [ -80.0812032, 47.1121369 ], [ -80.0817397, 47.1117563 ], [ -80.0817897, 47.1114984 ], [ -80.0815789, 47.1109868 ], [ -80.0816173, 47.1108003 ], [ -80.0817974, 47.1105544 ], [ -80.0818394, 47.110396 ], [ -80.0820063, 47.1101112 ], [ -80.0822038, 47.109547 ], [ -80.0828939, 47.1082279 ], [ -80.0830945, 47.1080771 ], [ -80.0833416, 47.1080624 ], [ -80.0835997, 47.1079393 ], [ -80.0839695, 47.1076509 ], [ -80.08419, 47.1075584 ], [ -80.0848108, 47.1075128 ], [ -80.0854379, 47.1072572 ], [ -80.0859697, 47.1071971 ], [ -80.0861993, 47.1070785 ], [ -80.0863496, 47.1069562 ], [ -80.0864341, 47.1066763 ], [ -80.0863083, 47.1065365 ], [ -80.0859724, 47.1063441 ], [ -80.0858515, 47.1061133 ], [ -80.0857774, 47.1058259 ], [ -80.0857728, 47.1055315 ], [ -80.0858408, 47.1054141 ], [ -80.0858476, 47.1052409 ], [ -80.085904, 47.105195 ], [ -80.086013, 47.104653 ], [ -80.085846, 47.1045156 ], [ -80.085757, 47.1045011 ], [ -80.0856177, 47.1045151 ], [ -80.0852742, 47.1046518 ], [ -80.0851034, 47.104679 ], [ -80.0848413, 47.1045445 ], [ -80.0846859, 47.1043356 ], [ -80.0846486, 47.1041735 ], [ -80.0848027, 47.1038866 ], [ -80.0847739, 47.1036617 ], [ -80.084517, 47.1032435 ], [ -80.0842538, 47.1030354 ], [ -80.0838561, 47.102943 ], [ -80.0836739, 47.1028491 ], [ -80.0835807, 47.1027696 ], [ -80.0834273, 47.1024785 ], [ -80.0834184, 47.1023118 ], [ -80.0834706, 47.1022011 ], [ -80.0836808, 47.102061 ], [ -80.0840224, 47.1020066 ], [ -80.0842763, 47.1018186 ], [ -80.0843376, 47.1016818 ], [ -80.08448, 47.1016591 ], [ -80.0846403, 47.101777 ], [ -80.0846959, 47.1018871 ], [ -80.0848363, 47.1019467 ], [ -80.0852802, 47.1019456 ], [ -80.0854889, 47.1021173 ], [ -80.0855414, 47.102236 ], [ -80.0857568, 47.1024272 ], [ -80.0860968, 47.1026845 ], [ -80.0862264, 47.1026598 ], [ -80.0863016, 47.1025986 ], [ -80.0863141, 47.1021785 ], [ -80.085862, 47.1014349 ], [ -80.0857265, 47.1012843 ], [ -80.0848436, 47.1007733 ], [ -80.0847568, 47.1004838 ], [ -80.0847782, 47.1002303 ], [ -80.0850267, 47.0994817 ], [ -80.0850861, 47.0994271 ], [ -80.0851468, 47.0992535 ], [ -80.0853493, 47.0990204 ], [ -80.0856063, 47.0988238 ], [ -80.0857645, 47.0986018 ], [ -80.0857792, 47.0985216 ], [ -80.0870133, 47.0977594 ], [ -80.0870807, 47.0976052 ], [ -80.086946, 47.0972988 ], [ -80.087034, 47.097047 ], [ -80.0871061, 47.0969945 ], [ -80.0871862, 47.0968424 ], [ -80.0875097, 47.0966474 ], [ -80.0877792, 47.0966455 ], [ -80.0883294, 47.0967628 ], [ -80.0889536, 47.0967453 ], [ -80.0896716, 47.096844 ], [ -80.0901406, 47.0970398 ], [ -80.0904528, 47.0973385 ], [ -80.0906268, 47.0977247 ], [ -80.0904541, 47.0978342 ], [ -80.0900059, 47.097963 ], [ -80.0899725, 47.0980585 ], [ -80.0900378, 47.0981792 ], [ -80.0903602, 47.0985254 ], [ -80.0903797, 47.0989691 ], [ -80.0907198, 47.0992264 ], [ -80.0911387, 47.099258 ], [ -80.0913404, 47.0991808 ], [ -80.0914623, 47.099063 ], [ -80.0914799, 47.0989741 ], [ -80.0916755, 47.0989143 ], [ -80.0919861, 47.0989099 ], [ -80.0922133, 47.0988368 ], [ -80.0923091, 47.098678 ], [ -80.0923062, 47.0984941 ], [ -80.0918022, 47.0980907 ], [ -80.0917248, 47.0980047 ], [ -80.0917643, 47.0978918 ], [ -80.0918969, 47.0978584 ], [ -80.0920531, 47.0979114 ], [ -80.0922582, 47.0980549 ], [ -80.0924652, 47.0981162 ], [ -80.0925409, 47.0980919 ], [ -80.0926022, 47.097955 ], [ -80.092876, 47.0978253 ], [ -80.0928997, 47.0977191 ], [ -80.0927951, 47.0975185 ], [ -80.0928951, 47.0974247 ], [ -80.0931858, 47.097362 ], [ -80.0933856, 47.097367 ], [ -80.0936061, 47.0972745 ], [ -80.0938781, 47.0970344 ], [ -80.0940627, 47.0970828 ], [ -80.0944428, 47.0972641 ], [ -80.0945183, 47.0974324 ], [ -80.0944933, 47.0976577 ], [ -80.0946522, 47.0980874 ], [ -80.094726, 47.0981453 ], [ -80.094718, 47.0982449 ], [ -80.0948057, 47.0983785 ], [ -80.0948166, 47.0984629 ], [ -80.0949333, 47.0986287 ], [ -80.0950737, 47.0986883 ], [ -80.0953594, 47.0987165 ], [ -80.0960359, 47.0985882 ], [ -80.0963186, 47.0986251 ], [ -80.0966243, 47.0987116 ], [ -80.0969924, 47.0987349 ], [ -80.0973721, 47.0986867 ], [ -80.0975089, 47.0987182 ], [ -80.0976759, 47.0988555 ], [ -80.0977448, 47.0990044 ], [ -80.0977665, 47.0991731 ], [ -80.0976676, 47.0993405 ], [ -80.097702, 47.0995113 ], [ -80.0979089, 47.0997652 ], [ -80.0985932, 47.1003447 ], [ -80.09875, 47.1004345 ], [ -80.09908, 47.1004516 ], [ -80.0993496, 47.1002569 ], [ -80.0994955, 47.1002624 ], [ -80.0997449, 47.1003948 ], [ -80.0999732, 47.1003952 ], [ -80.1006715, 47.1000502 ], [ -80.1010125, 47.099959 ], [ -80.1012723, 47.0999463 ], [ -80.1014218, 47.0999798 ], [ -80.1015502, 47.0998814 ], [ -80.1015921, 47.0997231 ], [ -80.1017206, 47.0996247 ], [ -80.1018955, 47.0996624 ], [ -80.1025987, 47.1002266 ], [ -80.1031749, 47.1005774 ], [ -80.1034873, 47.1006834 ], [ -80.1035968, 47.100793 ], [ -80.1035633, 47.1010811 ], [ -80.1036042, 47.101464 ], [ -80.1037216, 47.1016666 ], [ -80.104518, 47.1023102 ], [ -80.1047832, 47.102436 ], [ -80.1054576, 47.1025826 ], [ -80.105871, 47.102861 ], [ -80.1059424, 47.1029643 ], [ -80.1059901, 47.103174 ], [ -80.1060262, 47.1036478 ], [ -80.1061696, 47.1038914 ], [ -80.1065308, 47.1042806 ], [ -80.1070248, 47.1046363 ], [ -80.107291, 47.1050283 ], [ -80.10763, 47.105212 ], [ -80.1077135, 47.1052807 ], [ -80.1077752, 47.1053733 ], [ -80.1078816, 47.1056843 ], [ -80.1082182, 47.1059134 ], [ -80.1085561, 47.1060235 ], [ -80.1088836, 47.1062787 ], [ -80.1090814, 47.1065586 ], [ -80.1094434, 47.1067919 ], [ -80.1098297, 47.1069558 ], [ -80.1103013, 47.1072987 ], [ -80.1108357, 47.1080004 ], [ -80.1109253, 47.1080517 ], [ -80.1112098, 47.1083917 ], [ -80.1112146, 47.1084934 ], [ -80.111289, 47.1085881 ], [ -80.1112908, 47.1086985 ], [ -80.111381, 47.1087866 ], [ -80.1113791, 47.1088689 ], [ -80.1115449, 47.1091253 ], [ -80.1115503, 47.1092638 ], [ -80.1116435, 47.1093432 ], [ -80.1116514, 47.1094362 ], [ -80.1118003, 47.1096256 ], [ -80.1118142, 47.1097013 ], [ -80.1121592, 47.1100603 ], [ -80.1122379, 47.1102199 ], [ -80.1129207, 47.1108816 ], [ -80.1131962, 47.1110549 ], [ -80.11339, 47.1110773 ], [ -80.1135196, 47.1110525 ], [ -80.113777, 47.1110852 ], [ -80.1139823, 47.1112287 ], [ -80.1140289, 47.1113648 ], [ -80.1140674, 47.1117932 ], [ -80.1140244, 47.1118779 ], [ -80.1140643, 47.1119945 ], [ -80.114023, 47.1123824 ], [ -80.1140653, 47.1126462 ], [ -80.1139186, 47.1127966 ], [ -80.1137417, 47.1128413 ], [ -80.1135412, 47.1129921 ], [ -80.113409, 47.1132551 ], [ -80.1134059, 47.1134565 ], [ -80.1133338, 47.113509 ], [ -80.1132877, 47.1137951 ], [ -80.1131597, 47.1141229 ], [ -80.1129924, 47.114371 ], [ -80.1124902, 47.114693 ], [ -80.1118129, 47.1149773 ], [ -80.1117262, 47.11511 ], [ -80.111754, 47.1152614 ], [ -80.1119931, 47.1155389 ], [ -80.1125356, 47.1159484 ], [ -80.112816, 47.1162234 ], [ -80.1136643, 47.116912 ], [ -80.1151871, 47.1183252 ], [ -80.115379, 47.1188152 ], [ -80.1159021, 47.1193959 ], [ -80.1160716, 47.1196804 ], [ -80.1161012, 47.1199422 ], [ -80.1160545, 47.1201915 ], [ -80.1159351, 47.1202638 ], [ -80.1156116, 47.1202662 ], [ -80.1155589, 47.1203403 ], [ -80.1155635, 47.1208274 ], [ -80.1152453, 47.1213537 ], [ -80.1151719, 47.1215253 ], [ -80.1151464, 47.1217138 ], [ -80.115084, 47.1217771 ], [ -80.1150705, 47.1221236 ], [ -80.1151722, 47.1223328 ], [ -80.1152364, 47.12238 ], [ -80.1153229, 47.1226326 ], [ -80.1152295, 47.1229386 ], [ -80.1152267, 47.1239476 ], [ -80.115309, 47.1241353 ], [ -80.1155324, 47.1244194 ], [ -80.1161805, 47.125 ], [ -80.1164336, 47.1252267 ], [ -80.1166789, 47.1254869 ], [ -80.1169907, 47.1261341 ], [ -80.1171233, 47.1262933 ], [ -80.1175885, 47.1266167 ], [ -80.1183039, 47.1269166 ], [ -80.1187268, 47.1271689 ], [ -80.1190781, 47.1275105 ], [ -80.1192221, 47.1279836 ], [ -80.1191724, 47.1282416 ], [ -80.1189444, 47.1286634 ], [ -80.1188723, 47.1287159 ], [ -80.1188614, 47.1288242 ], [ -80.118654, 47.1291484 ], [ -80.1183025, 47.1293849 ], [ -80.1180492, 47.1294171 ], [ -80.117873, 47.1293058 ], [ -80.1177046, 47.1290949 ], [ -80.1176519, 47.1289762 ], [ -80.117346, 47.128697 ], [ -80.1171619, 47.1284927 ], [ -80.1170615, 47.1279717 ], [ -80.1168883, 47.1278518 ], [ -80.1161559, 47.1274849 ], [ -80.1156835, 47.1269125 ], [ -80.1154559, 47.1263707 ], [ -80.1154223, 47.1256587 ], [ -80.1153484, 47.1256008 ], [ -80.1153479, 47.1253713 ], [ -80.1153964, 47.1252323 ], [ -80.1153656, 47.1250897 ], [ -80.1152388, 47.125 ], [ -80.115096, 47.124899 ], [ -80.1144448, 47.1248389 ], [ -80.1138372, 47.1247309 ], [ -80.1131842, 47.1245604 ], [ -80.1126129, 47.1243481 ], [ -80.112341, 47.1242029 ], [ -80.1121182, 47.1239556 ], [ -80.1120492, 47.1238067 ], [ -80.112091, 47.1236484 ], [ -80.1122038, 47.1235566 ], [ -80.1126333, 47.1236357 ], [ -80.1128387, 47.1235865 ], [ -80.1133004, 47.1233038 ], [ -80.1134743, 47.1232678 ], [ -80.1136664, 47.1231798 ], [ -80.1138161, 47.1230206 ], [ -80.1137762, 47.122904 ], [ -80.1135291, 47.1227262 ], [ -80.1105799, 47.1215855 ], [ -80.1097895, 47.1213467 ], [ -80.1092492, 47.1212771 ], [ -80.1090371, 47.1213068 ], [ -80.1087257, 47.1214672 ], [ -80.1081493, 47.121924 ], [ -80.1080104, 47.1221675 ], [ -80.1079817, 47.1225574 ], [ -80.108188, 47.1231599 ], [ -80.108512, 47.123387 ], [ -80.1096901, 47.1236706 ], [ -80.1103758, 47.1239015 ], [ -80.1105938, 47.1240471 ], [ -80.1106011, 47.1241033 ], [ -80.1107967, 47.1242361 ], [ -80.1110196, 47.1242907 ], [ -80.1111444, 47.1243569 ], [ -80.1111141, 47.1244437 ], [ -80.1109183, 47.1245036 ], [ -80.1108692, 47.1246058 ], [ -80.1109976, 47.1247001 ], [ -80.1112799, 47.1247001 ], [ -80.1114041, 47.1247295 ], [ -80.1118208, 47.1249992 ], [ -80.1118528, 47.125 ], [ -80.1120207, 47.1250042 ], [ -80.1120396, 47.125 ], [ -80.1128023, 47.125 ], [ -80.1130161, 47.125157 ], [ -80.1132269, 47.1252464 ], [ -80.1135825, 47.1252676 ], [ -80.1136849, 47.1253209 ], [ -80.1142244, 47.1259318 ], [ -80.1142243, 47.1261245 ], [ -80.1140897, 47.1264329 ], [ -80.1141611, 47.126729 ], [ -80.1142077, 47.1268651 ], [ -80.1148101, 47.1278348 ], [ -80.1148664, 47.1279817 ], [ -80.1147809, 47.128188 ], [ -80.1146403, 47.1283211 ], [ -80.1145881, 47.1284319 ], [ -80.1146153, 47.1285465 ], [ -80.1149557, 47.1288037 ], [ -80.1150302, 47.1288984 ], [ -80.1151313, 47.1292636 ], [ -80.1154595, 47.1295556 ], [ -80.1158049, 47.1295292 ], [ -80.1159879, 47.1294672 ], [ -80.1159748, 47.1290429 ], [ -80.1159415, 47.1289457 ], [ -80.1160276, 47.1287762 ], [ -80.1161512, 47.1287688 ], [ -80.1163081, 47.1288586 ], [ -80.116325, 47.1289255 ], [ -80.1163923, 47.128964 ], [ -80.1164092, 47.129031 ], [ -80.1166999, 47.1293536 ], [ -80.1174516, 47.1299347 ], [ -80.1176484, 47.1303338 ], [ -80.1179871, 47.1304806 ], [ -80.1183058, 47.1305692 ], [ -80.1189668, 47.1308327 ], [ -80.1192775, 47.1310209 ], [ -80.1192756, 47.1312959 ], [ -80.1187447, 47.1316225 ], [ -80.1185648, 47.1316758 ], [ -80.1183291, 47.1316191 ], [ -80.1177947, 47.1313395 ], [ -80.1172821, 47.1312286 ], [ -80.116586, 47.1311428 ], [ -80.1162927, 47.1310584 ], [ -80.1158832, 47.130845 ], [ -80.1156312, 47.1305654 ], [ -80.1156278, 47.1301519 ], [ -80.115423, 47.1300452 ], [ -80.1152867, 47.1300505 ], [ -80.1150691, 47.1301344 ], [ -80.1148097, 47.1303767 ], [ -80.1140984, 47.1315274 ], [ -80.1138663, 47.1316915 ], [ -80.1134869, 47.1317766 ], [ -80.1134124, 47.1318746 ], [ -80.1134329, 47.1319697 ], [ -80.1135431, 47.1321161 ], [ -80.1135665, 47.1327806 ], [ -80.1135252, 47.1329758 ], [ -80.113525, 47.1333612 ], [ -80.1135534, 47.1335494 ], [ -80.1137108, 47.1338686 ], [ -80.1140451, 47.134336 ], [ -80.1140954, 47.1345002 ], [ -80.1140917, 47.1346647 ], [ -80.1135455, 47.1350347 ], [ -80.1134473, 47.135239 ], [ -80.1133878, 47.1352936 ], [ -80.1133714, 47.1354561 ], [ -80.1132962, 47.1355173 ], [ -80.113204, 47.1358968 ], [ -80.1131268, 47.1364257 ], [ -80.1130752, 47.1365733 ], [ -80.1130561, 47.1371667 ], [ -80.1128886, 47.1378002 ], [ -80.112729, 47.1381414 ], [ -80.1118953, 47.1391804 ], [ -80.111834, 47.1393172 ], [ -80.111883, 47.1394078 ], [ -80.1123071, 47.1397338 ], [ -80.1123277, 47.1398289 ], [ -80.1123166, 47.1401299 ], [ -80.112151, 47.1404884 ], [ -80.112137, 47.1406055 ], [ -80.1120649, 47.140658 ], [ -80.1118732, 47.1409755 ], [ -80.1121252, 47.1412551 ], [ -80.1121323, 47.1415041 ], [ -80.1120449, 47.1417927 ], [ -80.1120187, 47.1421371 ], [ -80.1120489, 47.1424357 ], [ -80.1122112, 47.142664 ], [ -80.1126141, 47.1430508 ], [ -80.1129182, 47.1434123 ], [ -80.1130865, 47.1438159 ], [ -80.1130737, 47.1440066 ], [ -80.112967, 47.144081 ], [ -80.1125729, 47.1442463 ], [ -80.1125813, 47.1443761 ], [ -80.1127225, 47.1444725 ], [ -80.1127522, 47.1445416 ], [ -80.1126782, 47.1446764 ], [ -80.1125418, 47.1446817 ], [ -80.1123061, 47.144625 ], [ -80.1121333, 47.1447346 ], [ -80.112018, 47.1448719 ], [ -80.1119925, 47.1450604 ], [ -80.1121688, 47.1451717 ], [ -80.1124658, 47.1452843 ], [ -80.1125821, 47.1454133 ], [ -80.1124965, 47.1456196 ], [ -80.1122581, 47.1459938 ], [ -80.1122671, 47.1461605 ], [ -80.1123804, 47.1462982 ], [ -80.112199, 47.1466634 ], [ -80.1121753, 47.1467696 ], [ -80.1120261, 47.1469656 ], [ -80.1118526, 47.1474238 ], [ -80.1117901, 47.147487 ], [ -80.1118131, 47.1475367 ], [ -80.1117632, 47.1479874 ], [ -80.1116867, 47.1481677 ], [ -80.1117637, 47.1482169 ], [ -80.1117769, 47.1484485 ], [ -80.1118508, 47.1485064 ], [ -80.1118368, 47.1486235 ], [ -80.1119864, 47.1488497 ], [ -80.1121143, 47.1489072 ], [ -80.1130218, 47.1488896 ], [ -80.113343, 47.1489327 ], [ -80.1138333, 47.1492235 ], [ -80.1140691, 47.1492802 ], [ -80.1142806, 47.1494064 ], [ -80.1145091, 47.1495996 ], [ -80.1146696, 47.1499102 ], [ -80.1148653, 47.150043 ], [ -80.1151448, 47.1500517 ], [ -80.1153884, 47.1502014 ], [ -80.1154865, 47.1503826 ], [ -80.1156944, 47.1504806 ], [ -80.115892, 47.1505311 ], [ -80.1162071, 47.1507843 ], [ -80.1161926, 47.1508645 ], [ -80.1162695, 47.1509137 ], [ -80.116278, 47.1510436 ], [ -80.1163519, 47.1511015 ], [ -80.1163427, 47.1513203 ], [ -80.1164142, 47.1514237 ], [ -80.1164977, 47.1518778 ], [ -80.1165686, 47.1519444 ], [ -80.1165607, 47.152044 ], [ -80.1163448, 47.1524311 ], [ -80.1162877, 47.1526329 ], [ -80.1163118, 47.1529488 ], [ -80.11637, 47.1530133 ], [ -80.116405, 47.1534137 ], [ -80.1164693, 47.1534608 ], [ -80.1165835, 47.1542503 ], [ -80.1165156, 47.1543678 ], [ -80.1165263, 47.1548376 ], [ -80.1165876, 47.1548934 ], [ -80.1166038, 47.1551163 ], [ -80.1165492, 47.1552726 ], [ -80.1164431, 47.1553838 ], [ -80.1158652, 47.1555744 ], [ -80.1152062, 47.1556508 ], [ -80.1150394, 47.155743 ], [ -80.1150133, 47.1558947 ], [ -80.1152393, 47.1561334 ], [ -80.1163073, 47.1570046 ], [ -80.1164963, 47.1573106 ], [ -80.1165835, 47.1576001 ], [ -80.1166478, 47.1576473 ], [ -80.1166574, 47.1578508 ], [ -80.1170131, 47.1584501 ], [ -80.1174974, 47.1587583 ], [ -80.1178194, 47.1588381 ], [ -80.1182067, 47.1590388 ], [ -80.1183401, 47.1592348 ], [ -80.1184273, 47.1595243 ], [ -80.1184047, 47.1598969 ], [ -80.1176806, 47.1604675 ], [ -80.1175908, 47.160609 ], [ -80.1175336, 47.1611962 ], [ -80.1173818, 47.1616304 ], [ -80.1173733, 47.161886 ], [ -80.1170341, 47.1623173 ], [ -80.1170473, 47.1627416 ], [ -80.1169066, 47.1628748 ], [ -80.1168702, 47.162979 ], [ -80.1168519, 47.1632238 ], [ -80.1169313, 47.1634203 ], [ -80.117084, 47.1636378 ], [ -80.1174271, 47.1638497 ], [ -80.1177618, 47.1639316 ], [ -80.1181923, 47.1642402 ], [ -80.1184615, 47.1643941 ], [ -80.1186743, 47.1644011 ], [ -80.1190661, 47.1642813 ], [ -80.1192638, 47.164139 ], [ -80.1193445, 47.1640236 ], [ -80.1194301, 47.1636246 ], [ -80.1193847, 47.1633694 ], [ -80.1194812, 47.1630547 ], [ -80.1196037, 47.1629736 ], [ -80.1198032, 47.1629418 ], [ -80.1202968, 47.1630312 ], [ -80.1204854, 47.1631077 ], [ -80.1205987, 47.1632455 ], [ -80.1206162, 47.163542 ], [ -80.120425, 47.1644746 ], [ -80.1201933, 47.1646755 ], [ -80.1201932, 47.1648683 ], [ -80.1203999, 47.1650854 ], [ -80.1204757, 47.1652538 ], [ -80.1202367, 47.1655912 ], [ -80.1193263, 47.1660398 ], [ -80.1192953, 47.1662826 ], [ -80.1193856, 47.1663707 ], [ -80.1196833, 47.16652 ], [ -80.1200017, 47.1665718 ], [ -80.1202855, 47.1664527 ], [ -80.1204469, 47.1664147 ], [ -80.1206451, 47.1665019 ], [ -80.1208258, 47.1666781 ], [ -80.1208178, 47.1669705 ], [ -80.1203362, 47.1674246 ], [ -80.1203125, 47.1677236 ], [ -80.1205689, 47.1680681 ], [ -80.1209199, 47.168373 ], [ -80.1214377, 47.1689711 ], [ -80.1220058, 47.1695407 ], [ -80.1221877, 47.1697905 ], [ -80.122523, 47.1701019 ], [ -80.1227134, 47.1704816 ], [ -80.1226872, 47.1706334 ], [ -80.1224937, 47.1708406 ], [ -80.1223833, 47.1710796 ], [ -80.1224403, 47.1712633 ], [ -80.1227774, 47.1716852 ], [ -80.1228731, 47.1719118 ], [ -80.1228689, 47.1720396 ], [ -80.1226632, 47.1724743 ], [ -80.1224296, 47.1727576 ], [ -80.1221621, 47.1729068 ], [ -80.121874, 47.172961 ], [ -80.1214712, 47.1729965 ], [ -80.1211977, 47.1731631 ], [ -80.1211618, 47.1733042 ], [ -80.1214311, 47.1734581 ], [ -80.1214456, 47.1735706 ], [ -80.120958, 47.1736565 ], [ -80.1201227, 47.1738512 ], [ -80.1197551, 47.1739016 ], [ -80.1193664, 47.1738201 ], [ -80.1189564, 47.1736066 ], [ -80.1187848, 47.1735971 ], [ -80.1185555, 47.1737526 ], [ -80.1184754, 47.1739047 ], [ -80.1182782, 47.1740838 ], [ -80.117819, 47.1743579 ], [ -80.1172038, 47.1746159 ], [ -80.1172026, 47.174735 ], [ -80.1172863, 47.1748037 ], [ -80.1172789, 47.1749402 ], [ -80.1173693, 47.1750283 ], [ -80.1176562, 47.1750933 ], [ -80.1178393, 47.175224 ], [ -80.1178465, 47.1752802 ], [ -80.1178156, 47.1753303 ], [ -80.1171933, 47.1753393 ], [ -80.1171659, 47.1754174 ], [ -80.1173042, 47.1755225 ], [ -80.1181831, 47.1756653 ], [ -80.1186349, 47.1759132 ], [ -80.118963, 47.1759757 ], [ -80.1192262, 47.1761469 ], [ -80.1196355, 47.1765163 ], [ -80.1199871, 47.1770507 ], [ -80.1200459, 47.1773448 ], [ -80.1199815, 47.1778758 ], [ -80.1199268, 47.1780322 ], [ -80.1196307, 47.1783787 ], [ -80.1195967, 47.1786302 ], [ -80.1196883, 47.1805634 ], [ -80.1197725, 47.1808616 ], [ -80.1194533, 47.1811585 ], [ -80.1194854, 47.1815675 ], [ -80.1195581, 47.1817446 ], [ -80.1198432, 47.1818919 ], [ -80.1206142, 47.1820355 ], [ -80.1207992, 47.1820839 ], [ -80.121117, 47.1822916 ], [ -80.1215464, 47.1827193 ], [ -80.1216034, 47.1829029 ], [ -80.1215117, 47.1831267 ], [ -80.1208813, 47.1836208 ], [ -80.1208133, 47.1837383 ], [ -80.1207781, 47.1839162 ], [ -80.1208356, 47.1843293 ], [ -80.1208914, 47.1844394 ], [ -80.1209138, 47.1846449 ], [ -80.120975, 47.1847008 ], [ -80.1210405, 47.1848216 ], [ -80.1212498, 47.1849932 ], [ -80.1221203, 47.1853916 ], [ -80.1225285, 47.1856874 ], [ -80.122668, 47.1858661 ], [ -80.1226662, 47.1859484 ], [ -80.1229106, 47.186135 ], [ -80.1232813, 47.1860759 ], [ -80.1234124, 47.1861247 ], [ -80.1234075, 47.1862157 ], [ -80.1233371, 47.1863786 ], [ -80.1237181, 47.1865598 ], [ -80.1238394, 47.1867906 ], [ -80.1237325, 47.1872506 ], [ -80.1237428, 47.1874909 ], [ -80.1237496, 47.1875 ], [ -80.0820668, 47.1875 ], [ -80.0820207, 47.1873597 ], [ -80.0821201, 47.1863845 ], [ -80.0822192, 47.1862171 ], [ -80.0822445, 47.1857989 ], [ -80.0823029, 47.1856707 ], [ -80.0823086, 47.1850015 ], [ -80.0824322, 47.1845718 ], [ -80.0823847, 47.1841694 ], [ -80.0824148, 47.183853 ], [ -80.0825023, 47.1837571 ], [ -80.0827573, 47.1836058 ], [ -80.0829065, 47.1836026 ], [ -80.0830735, 47.1835105 ], [ -80.0831615, 47.1834514 ], [ -80.0831762, 47.1833711 ], [ -80.0831689, 47.1833149 ], [ -80.0830205, 47.1831622 ], [ -80.0827967, 47.1830706 ], [ -80.0824855, 47.183075 ], [ -80.0821868, 47.1832742 ], [ -80.0820902, 47.1833962 ], [ -80.0819386, 47.1838672 ], [ -80.0818798, 47.1843809 ], [ -80.0817264, 47.1847414 ], [ -80.0816714, 47.1850905 ], [ -80.0814883, 47.1855747 ], [ -80.0814099, 47.1856446 ], [ -80.0813832, 47.1861819 ], [ -80.0814314, 47.1864284 ], [ -80.0813559, 47.1866823 ], [ -80.0814146, 47.1867837 ], [ -80.0811987, 47.1872075 ], [ -80.0811639, 47.1874221 ], [ -80.0811206, 47.1875 ], [ -80.032315, 47.1875 ], [ -80.0325816, 47.1871334 ], [ -80.0328337, 47.1869909 ], [ -80.0334643, 47.1868828 ], [ -80.0335525, 47.1868238 ], [ -80.0334786, 47.1867658 ], [ -80.0328876, 47.186761 ], [ -80.032342, 47.1865892 ], [ -80.0321296, 47.1866188 ], [ -80.0319911, 47.1867063 ], [ -80.0319926, 47.1868167 ], [ -80.0320415, 47.1869074 ], [ -80.0319968, 47.1871112 ], [ -80.0318053, 47.1872727 ], [ -80.031707, 47.1872842 ], [ -80.0311695, 47.1875 ], [ -80.029213, 47.1875 ], [ -80.0291207, 47.1874766 ], [ -80.0288125, 47.1874721 ], [ -80.028786, 47.1875 ], [ -80.016072, 47.1875 ], [ -80.0161059, 47.1874873 ], [ -80.0163459, 47.1864615 ], [ -80.0165405, 47.1860618 ], [ -80.0167168, 47.1859437 ], [ -80.0168599, 47.1859579 ], [ -80.0168793, 47.186209 ], [ -80.0169811, 47.1862257 ], [ -80.0171584, 47.1861812 ], [ -80.0172929, 47.1860288 ], [ -80.017325, 47.1858228 ], [ -80.0171284, 47.1856162 ], [ -80.0170326, 47.1855822 ], [ -80.0167912, 47.1855794 ], [ -80.0166098, 47.1857884 ], [ -80.016512, 47.1858367 ], [ -80.0161946, 47.1858582 ], [ -80.0157896, 47.1859756 ], [ -80.0153638, 47.1861906 ], [ -80.0151722, 47.1863521 ], [ -80.0152333, 47.1866375 ], [ -80.0151778, 47.186757 ], [ -80.0151467, 47.1870365 ], [ -80.0152002, 47.1872289 ], [ -80.0155211, 47.1874651 ], [ -80.0156239, 47.1875 ], [ -80.0, 47.1875 ], [ -80.0, 47.183339 ], [ -80.0, 47.182119 ], [ -80.0006309, 47.1817122 ], [ -80.0008744, 47.1816328 ], [ -80.0011281, 47.1816009 ], [ -80.0014514, 47.1817916 ], [ -80.0015533, 47.1818083 ], [ -80.0019359, 47.1816781 ], [ -80.0021662, 47.1815597 ], [ -80.0026282, 47.1814334 ], [ -80.0028437, 47.1813952 ], [ -80.003054, 47.181448 ], [ -80.0034243, 47.1815821 ], [ -80.0037008, 47.1815999 ], [ -80.0038684, 47.1815447 ], [ -80.0053808, 47.1813425 ], [ -80.0063241, 47.1811113 ], [ -80.00664, 47.1809794 ], [ -80.0068035, 47.1808592 ], [ -80.006802, 47.1807488 ], [ -80.0069757, 47.1806762 ], [ -80.0074356, 47.1806322 ], [ -80.0076883, 47.1805267 ], [ -80.0078895, 47.180376 ], [ -80.0080047, 47.180202 ], [ -80.0081977, 47.180151 ], [ -80.0084967, 47.1801815 ], [ -80.0087056, 47.1801239 ], [ -80.0090413, 47.1798208 ], [ -80.0093153, 47.1796545 ], [ -80.0098532, 47.1795038 ], [ -80.0099958, 47.1794812 ], [ -80.0102072, 47.1793781 ], [ -80.0102592, 47.1792305 ], [ -80.0102103, 47.1791399 ], [ -80.0097632, 47.1787269 ], [ -80.0097128, 47.1785259 ], [ -80.0097699, 47.1782873 ], [ -80.0099166, 47.1781001 ], [ -80.0098255, 47.1779383 ], [ -80.0097073, 47.1778914 ], [ -80.0094267, 47.1780383 ], [ -80.0083661, 47.1787553 ], [ -80.0077411, 47.1790386 ], [ -80.0069032, 47.1793146 ], [ -80.0058931, 47.1797736 ], [ -80.0055539, 47.179819 ], [ -80.004934, 47.1797818 ], [ -80.0041787, 47.1795938 ], [ -80.003896, 47.1795934 ], [ -80.0033372, 47.1798416 ], [ -80.0031518, 47.1799857 ], [ -80.0031156, 47.1801267 ], [ -80.0029729, 47.1803788 ], [ -80.002793, 47.1804687 ], [ -80.0026631, 47.1804933 ], [ -80.0026077, 47.1803832 ], [ -80.0026179, 47.1802013 ], [ -80.002458, 47.18012 ], [ -80.0020572, 47.1800727 ], [ -80.0018826, 47.1798421 ], [ -80.0018836, 47.1796861 ], [ -80.0020436, 47.1795379 ], [ -80.0026779, 47.1792286 ], [ -80.0028908, 47.1790063 ], [ -80.0028919, 47.1788504 ], [ -80.0026261, 47.1786875 ], [ -80.002321, 47.1786743 ], [ -80.0020648, 47.1787517 ], [ -80.0016394, 47.1790034 ], [ -80.0013892, 47.1792929 ], [ -80.0012287, 47.1796339 ], [ -80.0009642, 47.1800405 ], [ -80.0005968, 47.1803568 ], [ -80.0003844, 47.1803863 ], [ -80.0, 47.180226 ], [ -80.0, 47.166667 ], [ -80.0, 47.15 ], [ -80.0, 47.137431 ], [ -80.0001264, 47.1375206 ], [ -80.0002399, 47.1374657 ], [ -80.0003051, 47.1373571 ], [ -80.000267, 47.1371213 ], [ -80.0003449, 47.1370147 ], [ -80.0004833, 47.1369273 ], [ -80.0005638, 47.1367752 ], [ -80.0004377, 47.1365984 ], [ -80.0004459, 47.1364988 ], [ -80.0006785, 47.1363349 ], [ -80.0011293, 47.1363538 ], [ -80.0015429, 47.13644 ], [ -80.0022512, 47.1364918 ], [ -80.0029844, 47.136511 ], [ -80.0035659, 47.1365788 ], [ -80.003771, 47.1364931 ], [ -80.003855, 47.1363692 ], [ -80.0036399, 47.1361778 ], [ -80.0031468, 47.1360878 ], [ -80.002747, 47.1358478 ], [ -80.0027577, 47.1357027 ], [ -80.0026387, 47.1355822 ], [ -80.002596, 47.1354742 ], [ -80.0026755, 47.1352485 ], [ -80.0026608, 47.1350992 ], [ -80.002439, 47.1348884 ], [ -80.0018087, 47.1345005 ], [ -80.0016791, 47.1342956 ], [ -80.0014781, 47.1342168 ], [ -80.0010228, 47.1340962 ], [ -80.0006956, 47.1340701 ], [ -80.0, 47.134315 ], [ -80.0, 47.133333 ], [ -80.0, 47.125 ], [ -80.0614087, 47.125 ], [ -80.061321, 47.1250628 ], [ -80.0612444, 47.1252431 ], [ -80.060524, 47.1256486 ], [ -80.0603053, 47.1256587 ], [ -80.06012, 47.1255734 ], [ -80.0599099, 47.1255207 ], [ -80.0597838, 47.1255736 ], [ -80.0596114, 47.1257198 ], [ -80.0592052, 47.1259196 ], [ -80.0592507, 47.1262116 ], [ -80.0596284, 47.1264385 ], [ -80.0595534, 47.1267291 ], [ -80.0596751, 47.1268041 ], [ -80.0604873, 47.1265971 ], [ -80.0603939, 47.1262882 ], [ -80.0604661, 47.1262357 ], [ -80.0606751, 47.1262148 ], [ -80.0614698, 47.1263262 ], [ -80.0617925, 47.1264799 ], [ -80.0619332, 47.126769 ], [ -80.0619909, 47.1270263 ], [ -80.0619835, 47.1271627 ], [ -80.0616354, 47.1280788 ], [ -80.0612628, 47.1284126 ], [ -80.0613159, 47.1285681 ], [ -80.0615816, 47.1287308 ], [ -80.0617655, 47.1289353 ], [ -80.061758, 47.1290717 ], [ -80.0616518, 47.1291829 ], [ -80.0612958, 47.1293542 ], [ -80.0610422, 47.129579 ], [ -80.0609575, 47.1298588 ], [ -80.061, 47.1301595 ], [ -80.061328, 47.1304517 ], [ -80.0616639, 47.1306442 ], [ -80.0620054, 47.1307826 ], [ -80.0634084, 47.1310392 ], [ -80.0638616, 47.1310122 ], [ -80.0641642, 47.1308781 ], [ -80.0643705, 47.1306731 ], [ -80.0643816, 47.1305648 ], [ -80.0645473, 47.1303991 ], [ -80.0648407, 47.130291 ], [ -80.0651084, 47.1303714 ], [ -80.0653391, 47.1305192 ], [ -80.0656341, 47.1309437 ], [ -80.0656623, 47.1311318 ], [ -80.0655834, 47.131587 ], [ -80.0655776, 47.1318339 ], [ -80.0656934, 47.1321557 ], [ -80.0662589, 47.1328446 ], [ -80.0665578, 47.1335267 ], [ -80.0667758, 47.1336724 ], [ -80.0670308, 47.1337508 ], [ -80.0672263, 47.1338836 ], [ -80.067525, 47.1343362 ], [ -80.0677755, 47.1349646 ], [ -80.0681436, 47.1351807 ], [ -80.0682573, 47.1353553 ], [ -80.0683071, 47.1357122 ], [ -80.0685786, 47.1364724 ], [ -80.0685745, 47.1368297 ], [ -80.0685324, 47.136988 ], [ -80.068606, 47.1372387 ], [ -80.069202, 47.1378408 ], [ -80.0697478, 47.1384714 ], [ -80.0701024, 47.1388413 ], [ -80.070761, 47.1393801 ], [ -80.0707809, 47.1394385 ], [ -80.0715576, 47.1400241 ], [ -80.0718738, 47.1401583 ], [ -80.0723114, 47.1401379 ], [ -80.0728436, 47.1405001 ], [ -80.0729775, 47.1405403 ], [ -80.0732694, 47.1407439 ], [ -80.0732235, 47.1410669 ], [ -80.0732741, 47.1412679 ], [ -80.0733903, 47.141397 ], [ -80.0735507, 47.1415149 ], [ -80.0738227, 47.1416603 ], [ -80.0742335, 47.1417548 ], [ -80.0746418, 47.1418948 ], [ -80.0753837, 47.1422728 ], [ -80.0755201, 47.1422675 ], [ -80.0758269, 47.1421983 ], [ -80.0759862, 47.1422426 ], [ -80.0760582, 47.1423828 ], [ -80.0759827, 47.1426367 ], [ -80.0754345, 47.1433183 ], [ -80.0753559, 47.1435808 ], [ -80.0754661, 47.1437273 ], [ -80.0754337, 47.1438964 ], [ -80.0752135, 47.1440257 ], [ -80.0751516, 47.1441257 ], [ -80.0756529, 47.1445379 ], [ -80.0757055, 47.1446567 ], [ -80.0760184, 47.1449922 ], [ -80.0763336, 47.145475 ], [ -80.0767428, 47.1458814 ], [ -80.0769684, 47.146735 ], [ -80.0772221, 47.1469325 ], [ -80.0774166, 47.1469917 ], [ -80.077734, 47.1471995 ], [ -80.0779028, 47.1474473 ], [ -80.0779468, 47.1476289 ], [ -80.0779835, 47.1483691 ], [ -80.077924, 47.1484237 ], [ -80.0779262, 47.1485709 ], [ -80.0779957, 47.1487566 ], [ -80.0779445, 47.148941 ], [ -80.0777437, 47.1490919 ], [ -80.0777933, 47.1492193 ], [ -80.0779554, 47.1494476 ], [ -80.0779297, 47.1496362 ], [ -80.077805, 47.1499922 ], [ -80.0777242, 47.1501075 ], [ -80.0775986, 47.1501972 ], [ -80.0775184, 47.1503493 ], [ -80.0769754, 47.1507473 ], [ -80.0766904, 47.1507926 ], [ -80.076474, 47.1507573 ], [ -80.0762679, 47.1507696 ], [ -80.0760956, 47.1509159 ], [ -80.0758203, 47.1509719 ], [ -80.0752735, 47.1509195 ], [ -80.0751006, 47.151029 ], [ -80.0749769, 47.1510364 ], [ -80.0747401, 47.1509059 ], [ -80.0744722, 47.1504033 ], [ -80.0743563, 47.1500815 ], [ -80.0742406, 47.1499892 ], [ -80.0741097, 47.1499403 ], [ -80.0736095, 47.150024 ], [ -80.0731458, 47.1500034 ], [ -80.0724295, 47.149859 ], [ -80.0722076, 47.1498779 ], [ -80.0721257, 47.1499196 ], [ -80.072137, 47.1500408 ], [ -80.0725498, 47.1504753 ], [ -80.0725894, 47.1507847 ], [ -80.0724212, 47.1509959 ], [ -80.0721542, 47.1511818 ], [ -80.0717035, 47.1513928 ], [ -80.0716446, 47.1514842 ], [ -80.0717032, 47.1515855 ], [ -80.0716407, 47.1516488 ], [ -80.0712152, 47.1516344 ], [ -80.0706128, 47.1514719 ], [ -80.069197, 47.1512501 ], [ -80.0685814, 47.1510487 ], [ -80.0680386, 47.1508317 ], [ -80.0672119, 47.1503113 ], [ -80.066858, 47.1502076 ], [ -80.0664198, 47.1501912 ], [ -80.0659646, 47.1501077 ], [ -80.0653551, 47.1498889 ], [ -80.0641271, 47.1490552 ], [ -80.0638078, 47.1489296 ], [ -80.0636205, 47.1489266 ], [ -80.0632506, 47.1490223 ], [ -80.0632669, 47.1490525 ], [ -80.0632074, 47.149107 ], [ -80.0632392, 47.1493233 ], [ -80.0631197, 47.1493956 ], [ -80.0629899, 47.1494203 ], [ -80.062488, 47.1493935 ], [ -80.0621903, 47.1494367 ], [ -80.0614745, 47.1497513 ], [ -80.0608037, 47.150321 ], [ -80.0605505, 47.1505826 ], [ -80.0603142, 47.1509112 ], [ -80.0600861, 47.1513696 ], [ -80.0601015, 47.1515557 ], [ -80.0602141, 47.1516567 ], [ -80.0604213, 47.1517181 ], [ -80.0605787, 47.1518448 ], [ -80.0606657, 47.1527861 ], [ -80.0606062, 47.1528406 ], [ -80.0606048, 47.1529597 ], [ -80.0605317, 47.1531681 ], [ -80.0604218, 47.1532511 ], [ -80.0599954, 47.1533927 ], [ -80.0598006, 47.1535261 ], [ -80.0597178, 47.1537237 ], [ -80.0597516, 47.1545095 ], [ -80.0598639, 47.1548032 ], [ -80.0610486, 47.1554923 ], [ -80.0616935, 47.1559555 ], [ -80.0617123, 47.1563625 ], [ -80.0615342, 47.1569852 ], [ -80.0615705, 47.1570737 ], [ -80.0615298, 47.157113 ], [ -80.0615125, 47.1576609 ], [ -80.0615136, 47.1577345 ], [ -80.0616807, 47.1578719 ], [ -80.0619173, 47.1577729 ], [ -80.0620034, 47.1577961 ], [ -80.0620203, 47.1578631 ], [ -80.0617714, 47.1584192 ], [ -80.0617508, 47.1587463 ], [ -80.0620614, 47.1594133 ], [ -80.0622054, 47.1596752 ], [ -80.0622949, 47.1597681 ], [ -80.062353, 47.1598285 ], [ -80.0625171, 47.1600505 ], [ -80.0626015, 47.1601646 ], [ -80.0627107, 47.1602724 ], [ -80.0629006, 47.1604598 ], [ -80.0630205, 47.1605782 ], [ -80.0631431, 47.1606991 ], [ -80.0632265, 47.1607815 ], [ -80.0633995, 47.1609522 ], [ -80.0634504, 47.1610059 ], [ -80.0634642, 47.161072 ], [ -80.0635276, 47.1611332 ], [ -80.0636886, 47.1612713 ], [ -80.063845, 47.1613806 ], [ -80.0640283, 47.1614631 ], [ -80.0641049, 47.16143 ], [ -80.0639975, 47.1616648 ], [ -80.0638577, 47.1618715 ], [ -80.0638612, 47.1623219 ], [ -80.0637784, 47.1625195 ], [ -80.0629951, 47.1632178 ], [ -80.0629555, 47.1633307 ], [ -80.0625176, 47.1637733 ], [ -80.0617121, 47.1642661 ], [ -80.0612795, 47.164425 ], [ -80.0609283, 47.1645054 ], [ -80.0594417, 47.1646759 ], [ -80.0590431, 47.164776 ], [ -80.0585011, 47.1650548 ], [ -80.0582555, 47.1654094 ], [ -80.058243, 47.1656369 ], [ -80.0581677, 47.165698 ], [ -80.0581867, 47.1659123 ], [ -80.0583187, 47.1660348 ], [ -80.058549, 47.1661458 ], [ -80.0592196, 47.166191 ], [ -80.0594728, 47.1663517 ], [ -80.0595218, 47.1664423 ], [ -80.0597592, 47.1666096 ], [ -80.0600036, 47.1666036 ], [ -80.0601005, 47.1667112 ], [ -80.0600282, 47.1667636 ], [ -80.0597462, 47.1668002 ], [ -80.0594666, 47.1667913 ], [ -80.0589025, 47.1668645 ], [ -80.0583987, 47.1671495 ], [ -80.0580421, 47.1675135 ], [ -80.0578646, 47.1677508 ], [ -80.0578194, 47.1679178 ], [ -80.0577441, 47.167979 ], [ -80.0577454, 47.1682821 ], [ -80.057827, 47.1684332 ], [ -80.057985, 47.1685966 ], [ -80.0583274, 47.1687719 ], [ -80.0583332, 47.1689472 ], [ -80.0581911, 47.1690067 ], [ -80.0579442, 47.1690582 ], [ -80.0575598, 47.1690413 ], [ -80.0573871, 47.168958 ], [ -80.057247, 47.1689352 ], [ -80.0571443, 47.1690745 ], [ -80.0573878, 47.1692244 ], [ -80.0575569, 47.1692795 ], [ -80.057865, 47.1692839 ], [ -80.0581914, 47.1692362 ], [ -80.0585731, 47.169069 ], [ -80.0587472, 47.1690332 ], [ -80.059037, 47.1690896 ], [ -80.0593191, 47.1690531 ], [ -80.0595425, 47.1689151 ], [ -80.0597639, 47.1688594 ], [ -80.0601739, 47.1688804 ], [ -80.0604676, 47.1687723 ], [ -80.0606722, 47.1686496 ], [ -80.0611766, 47.1679792 ], [ -80.0612029, 47.1678274 ], [ -80.0612625, 47.1677729 ], [ -80.0612669, 47.1676451 ], [ -80.0612022, 47.1675611 ], [ -80.0611964, 47.1673857 ], [ -80.0610871, 47.1670833 ], [ -80.0609504, 47.1668591 ], [ -80.0606101, 47.1666015 ], [ -80.0599702, 47.1662768 ], [ -80.0598061, 47.1661307 ], [ -80.0596863, 47.1659734 ], [ -80.0596413, 47.1657182 ], [ -80.0597601, 47.1653796 ], [ -80.059934, 47.1651142 ], [ -80.0602301, 47.1649606 ], [ -80.0604419, 47.1648942 ], [ -80.0607367, 47.1648597 ], [ -80.0612545, 47.1648799 ], [ -80.0615639, 47.1647652 ], [ -80.0630766, 47.1637911 ], [ -80.0631915, 47.1636171 ], [ -80.0633078, 47.1635179 ], [ -80.063374, 47.1634554 ], [ -80.0636145, 47.1632864 ], [ -80.0636949, 47.1632151 ], [ -80.063775, 47.1631617 ], [ -80.0638681, 47.1631175 ], [ -80.0638696, 47.1630365 ], [ -80.0639628, 47.1629833 ], [ -80.0640685, 47.1629752 ], [ -80.0641615, 47.1629399 ], [ -80.0642408, 47.1628866 ], [ -80.0642947, 47.162824 ], [ -80.0643223, 47.1627523 ], [ -80.0643541, 47.1624466 ], [ -80.0643302, 47.1623024 ], [ -80.0643447, 47.1622305 ], [ -80.064372, 47.1621826 ], [ -80.0643855, 47.1621589 ], [ -80.0644785, 47.1621236 ], [ -80.0646886, 47.1621793 ], [ -80.0647937, 47.1622072 ], [ -80.0649124, 47.1622082 ], [ -80.0650184, 47.162182 ], [ -80.0651241, 47.1621739 ], [ -80.0652172, 47.1621297 ], [ -80.0653232, 47.1621035 ], [ -80.0653903, 47.1620411 ], [ -80.0657757, 47.1618823 ], [ -80.0658814, 47.1618741 ], [ -80.0660923, 47.1619298 ], [ -80.0662602, 47.1621382 ], [ -80.0662121, 47.1624145 ], [ -80.0661245, 47.1625075 ], [ -80.06614, 47.1626937 ], [ -80.0661773, 47.162861 ], [ -80.0662371, 47.1629835 ], [ -80.06641, 47.1631854 ], [ -80.0665426, 47.1632967 ], [ -80.066702, 47.1634371 ], [ -80.0668492, 47.1635193 ], [ -80.0670057, 47.163646 ], [ -80.067127, 47.1637321 ], [ -80.0672679, 47.1638456 ], [ -80.0673886, 47.1639378 ], [ -80.0675512, 47.1640441 ], [ -80.067795, 47.1641879 ], [ -80.0680782, 47.1643216 ], [ -80.0683173, 47.1644313 ], [ -80.0684578, 47.1644883 ], [ -80.0688632, 47.1646658 ], [ -80.0690368, 47.1647659 ], [ -80.0691142, 47.1648183 ], [ -80.0693667, 47.164962 ], [ -80.0694715, 47.1649989 ], [ -80.0697597, 47.1651182 ], [ -80.0701261, 47.1652922 ], [ -80.0702242, 47.1653234 ], [ -80.0703509, 47.1653637 ], [ -80.0705022, 47.1654118 ], [ -80.0706384, 47.1654551 ], [ -80.0710299, 47.1655796 ], [ -80.0712985, 47.1656651 ], [ -80.0714908, 47.1657262 ], [ -80.0715952, 47.16579 ], [ -80.071687, 47.1658267 ], [ -80.0719105, 47.1658735 ], [ -80.0720939, 47.165947 ], [ -80.0725917, 47.166104 ], [ -80.0726835, 47.1661408 ], [ -80.0730119, 47.1662244 ], [ -80.0733583, 47.1663131 ], [ -80.073541, 47.1663552 ], [ -80.073661, 47.1663764 ], [ -80.0738421, 47.1664003 ], [ -80.0739705, 47.1664362 ], [ -80.0741163, 47.166477 ], [ -80.0741938, 47.1665034 ], [ -80.0742725, 47.1665226 ], [ -80.0743768, 47.1665504 ], [ -80.0744685, 47.1665872 ], [ -80.0745602, 47.1666239 ], [ -80.0746614, 47.1666482 ], [ -80.0747707, 47.1666616 ], [ -80.0748758, 47.1666894 ], [ -80.0749812, 47.1666993 ], [ -80.0755476, 47.1668019 ], [ -80.0761773, 47.1669159 ], [ -80.0764677, 47.1669092 ], [ -80.0765993, 47.1669283 ], [ -80.0767176, 47.1669562 ], [ -80.077139, 47.1670046 ], [ -80.0772577, 47.1670056 ], [ -80.0775868, 47.1670532 ], [ -80.0781137, 47.1671115 ], [ -80.0783504, 47.1671494 ], [ -80.0785744, 47.1671692 ], [ -80.0786933, 47.1671611 ], [ -80.0789572, 47.1671632 ], [ -80.0790625, 47.1671731 ], [ -80.0796429, 47.1671867 ], [ -80.0797483, 47.1671966 ], [ -80.079867, 47.1671975 ], [ -80.0799729, 47.1671804 ], [ -80.0800916, 47.1671814 ], [ -80.0806545, 47.1672456 ], [ -80.0812112, 47.1672983 ], [ -80.0813294, 47.1673263 ], [ -80.0814482, 47.1673272 ], [ -80.0819093, 47.1673669 ], [ -80.0822397, 47.1673336 ], [ -80.082345, 47.1673524 ], [ -80.0824379, 47.1673172 ], [ -80.082505, 47.1672547 ], [ -80.0825851, 47.1672013 ], [ -80.0826911, 47.1671752 ], [ -80.0827969, 47.167158 ], [ -80.0832329, 47.1671255 ], [ -80.0833388, 47.1671084 ], [ -80.083551, 47.1670471 ], [ -80.0837371, 47.1669676 ], [ -80.0839907, 47.1667986 ], [ -80.084097, 47.1667545 ], [ -80.0841899, 47.1667193 ], [ -80.0843088, 47.1667112 ], [ -80.0845205, 47.1666769 ], [ -80.0846939, 47.1665703 ], [ -80.0849602, 47.1664285 ], [ -80.0852008, 47.1662504 ], [ -80.0852546, 47.1661878 ], [ -80.0853231, 47.1660444 ], [ -80.0853375, 47.1659725 ], [ -80.0854191, 47.1658292 ], [ -80.085698, 47.1657235 ], [ -80.0858039, 47.1657063 ], [ -80.0861738, 47.1656823 ], [ -80.086252, 47.1657369 ], [ -80.0862506, 47.1658178 ], [ -80.0862422, 47.1658396 ], [ -80.086223, 47.1658896 ], [ -80.0862349, 47.1659617 ], [ -80.0863383, 47.1660885 ], [ -80.08643, 47.1661252 ], [ -80.0865361, 47.1660991 ], [ -80.086629, 47.1660638 ], [ -80.0872093, 47.1660775 ], [ -80.0875399, 47.1660351 ], [ -80.0876453, 47.1660449 ], [ -80.087751, 47.1660368 ], [ -80.0878441, 47.1659925 ], [ -80.0879112, 47.1659301 ], [ -80.0880043, 47.1658858 ], [ -80.088123, 47.1658868 ], [ -80.0882415, 47.1659057 ], [ -80.0885165, 47.1660249 ], [ -80.0886353, 47.1660258 ], [ -80.0888471, 47.1659825 ], [ -80.089072, 47.1659483 ], [ -80.0892972, 47.1658961 ], [ -80.0893902, 47.1658608 ], [ -80.0896284, 47.1658177 ], [ -80.0900645, 47.1657762 ], [ -80.0902762, 47.1657419 ], [ -80.090527, 47.1657349 ], [ -80.0906324, 47.1657447 ], [ -80.0910817, 47.1657123 ], [ -80.0911874, 47.1656951 ], [ -80.0912936, 47.16566 ], [ -80.0913738, 47.1655976 ], [ -80.0914668, 47.1655624 ], [ -80.0915469, 47.165509 ], [ -80.09164, 47.1654648 ], [ -80.0917454, 47.1653519 ], [ -80.0918201, 47.1652719 ], [ -80.0918819, 47.1652057 ], [ -80.0919562, 47.1651562 ], [ -80.0923598, 47.1650304 ], [ -80.0924757, 47.16493 ], [ -80.0924339, 47.1648956 ], [ -80.0924382, 47.1647678 ], [ -80.0921707, 47.164302 ], [ -80.0920703, 47.1639736 ], [ -80.0920085, 47.163881 ], [ -80.091996, 47.1636862 ], [ -80.0922284, 47.1635221 ], [ -80.0922382, 47.1633401 ], [ -80.0923572, 47.163231 ], [ -80.0928418, 47.1631538 ], [ -80.0929818, 47.1631766 ], [ -80.093277, 47.1633716 ], [ -80.093417, 47.1633944 ], [ -80.0940502, 47.1632772 ], [ -80.0944262, 47.163164 ], [ -80.0948443, 47.1628925 ], [ -80.0950977, 47.1622453 ], [ -80.0953549, 47.1620486 ], [ -80.0955041, 47.1620453 ], [ -80.0962776, 47.1623732 ], [ -80.0967002, 47.1623961 ], [ -80.0971938, 47.1622929 ], [ -80.0975395, 47.1622666 ], [ -80.0984192, 47.1624832 ], [ -80.0988701, 47.1626943 ], [ -80.1001476, 47.1637741 ], [ -80.101321, 47.1644974 ], [ -80.1020545, 47.1649013 ], [ -80.1024109, 47.1651521 ], [ -80.1029175, 47.1656659 ], [ -80.1035361, 47.1664366 ], [ -80.1045168, 47.1672111 ], [ -80.1050878, 47.1675793 ], [ -80.1053916, 47.1677114 ], [ -80.1060047, 47.1677285 ], [ -80.1063145, 47.1678431 ], [ -80.1069194, 47.1683454 ], [ -80.1071498, 47.1684563 ], [ -80.1075744, 47.1683969 ], [ -80.1086932, 47.1684687 ], [ -80.1088885, 47.1685647 ], [ -80.109194, 47.1688071 ], [ -80.1094274, 47.1689093 ], [ -80.1095177, 47.1689975 ], [ -80.1095036, 47.1693072 ], [ -80.1095884, 47.1694495 ], [ -80.1098194, 47.1695972 ], [ -80.110612, 47.1697169 ], [ -80.1108407, 47.1697174 ], [ -80.1110542, 47.1695686 ], [ -80.1110557, 47.169064 ], [ -80.1111765, 47.1688725 ], [ -80.1116727, 47.168531 ], [ -80.1116778, 47.1680546 ], [ -80.1117397, 47.1679545 ], [ -80.1117647, 47.1675364 ], [ -80.1118272, 47.1674731 ], [ -80.1118293, 47.1670054 ], [ -80.1117093, 47.1668482 ], [ -80.1114177, 47.1666815 ], [ -80.1111624, 47.1666032 ], [ -80.1107398, 47.1663877 ], [ -80.1099191, 47.1656943 ], [ -80.1095044, 47.1655718 ], [ -80.1091794, 47.1655006 ], [ -80.108271, 47.1654813 ], [ -80.1077919, 47.1655044 ], [ -80.1070661, 47.1653863 ], [ -80.1065035, 47.1651479 ], [ -80.1062532, 47.1649787 ], [ -80.1061417, 47.1647587 ], [ -80.106054, 47.1644323 ], [ -80.1060808, 47.1641246 ], [ -80.1062242, 47.1637533 ], [ -80.1064785, 47.1633725 ], [ -80.1067218, 47.1631 ], [ -80.107013, 47.1628445 ], [ -80.1074432, 47.1623454 ], [ -80.107521, 47.162046 ], [ -80.1074284, 47.1618107 ], [ -80.1072284, 47.1616129 ], [ -80.1066768, 47.1612662 ], [ -80.1042068, 47.1598639 ], [ -80.1023698, 47.1587298 ], [ -80.1015384, 47.1581447 ], [ -80.1011972, 47.1578506 ], [ -80.1009585, 47.1576098 ], [ -80.1009416, 47.1575428 ], [ -80.1007151, 47.1572673 ], [ -80.1001921, 47.156916 ], [ -80.0995012, 47.1565833 ], [ -80.0994806, 47.1564881 ], [ -80.0996098, 47.1564266 ], [ -80.1005422, 47.1565691 ], [ -80.100675, 47.1565357 ], [ -80.1006672, 47.1564426 ], [ -80.1004503, 47.1561779 ], [ -80.100125, 47.1558771 ], [ -80.0998773, 47.1554697 ], [ -80.0996035, 47.155214 ], [ -80.0993598, 47.1550642 ], [ -80.0983694, 47.1548571 ], [ -80.0968338, 47.154708 ], [ -80.0944794, 47.1543614 ], [ -80.0932374, 47.154104 ], [ -80.092012, 47.1536842 ], [ -80.0916696, 47.1535091 ], [ -80.0911929, 47.1530643 ], [ -80.0909883, 47.1527648 ], [ -80.0907451, 47.1522296 ], [ -80.0907647, 47.1520584 ], [ -80.0910656, 47.1518137 ], [ -80.0912309, 47.1514184 ], [ -80.0917375, 47.1509319 ], [ -80.0930587, 47.1499631 ], [ -80.0932074, 47.1497303 ], [ -80.0932701, 47.1494744 ], [ -80.093188, 47.1490939 ], [ -80.0929089, 47.1486996 ], [ -80.092673, 47.1482207 ], [ -80.0924634, 47.1480121 ], [ -80.0917339, 47.1476363 ], [ -80.0911663, 47.1472593 ], [ -80.0910434, 47.1471108 ], [ -80.0909872, 47.146964 ], [ -80.0909777, 47.1467605 ], [ -80.0911196, 47.146701 ], [ -80.0915557, 47.1469924 ], [ -80.0918855, 47.1469727 ], [ -80.0921809, 47.1467821 ], [ -80.092258, 47.1466387 ], [ -80.0924301, 47.1460701 ], [ -80.0925605, 47.1458895 ], [ -80.0927152, 47.1458321 ], [ -80.0928388, 47.1458247 ], [ -80.0929667, 47.1458822 ], [ -80.0933055, 47.1458364 ], [ -80.0937561, 47.1456253 ], [ -80.093972, 47.145431 ], [ -80.0947734, 47.1439096 ], [ -80.0952443, 47.1433713 ], [ -80.0954089, 47.1429392 ], [ -80.0954231, 47.1426295 ], [ -80.0954595, 47.1425253 ], [ -80.0956705, 47.142422 ], [ -80.0957549, 47.1423348 ], [ -80.0958424, 47.1420462 ], [ -80.0959966, 47.1417592 ], [ -80.0961133, 47.1413102 ], [ -80.0962734, 47.1411986 ], [ -80.0964001, 47.1411825 ], [ -80.09682, 47.1412509 ], [ -80.097074, 47.1412556 ], [ -80.0973959, 47.1411428 ], [ -80.0975771, 47.1411631 ], [ -80.0977334, 47.1412161 ], [ -80.0979492, 47.1412145 ], [ -80.098196, 47.1409702 ], [ -80.0983233, 47.140991 ], [ -80.0987418, 47.1413711 ], [ -80.0989036, 47.14137 ], [ -80.0989661, 47.1413067 ], [ -80.0990883, 47.1408035 ], [ -80.099359, 47.1402602 ], [ -80.0993355, 47.1401738 ], [ -80.0989463, 47.1402481 ], [ -80.0987554, 47.140217 ], [ -80.0984549, 47.1400763 ], [ -80.0979128, 47.1397035 ], [ -80.0979008, 47.1395455 ], [ -80.0977513, 47.1393193 ], [ -80.0977847, 47.1392237 ], [ -80.0979127, 47.1390886 ], [ -80.0986814, 47.1387365 ], [ -80.0991653, 47.1384299 ], [ -80.0995538, 47.1383188 ], [ -80.1000968, 47.1383429 ], [ -80.1002011, 47.138314 ], [ -80.1002751, 47.1381792 ], [ -80.1003223, 47.1375445 ], [ -80.1002732, 47.1374539 ], [ -80.1002789, 47.137207 ], [ -80.100196, 47.1369825 ], [ -80.1001147, 47.1362534 ], [ -80.0999806, 47.135791 ], [ -80.0999946, 47.135674 ], [ -80.1002536, 47.135395 ], [ -80.1002773, 47.1352887 ], [ -80.0999448, 47.1349317 ], [ -80.0997148, 47.1346281 ], [ -80.0998404, 47.1343457 ], [ -80.0997969, 47.134201 ], [ -80.0994615, 47.1338527 ], [ -80.0994083, 47.1336972 ], [ -80.0994042, 47.1334396 ], [ -80.1001918, 47.1320719 ], [ -80.1005845, 47.1312181 ], [ -80.1009836, 47.1305765 ], [ -80.1012523, 47.1303082 ], [ -80.1017827, 47.1299449 ], [ -80.1020003, 47.129861 ], [ -80.1026274, 47.129798 ], [ -80.1031342, 47.1295409 ], [ -80.1035832, 47.1294489 ], [ -80.1043461, 47.1293437 ], [ -80.1061823, 47.1288993 ], [ -80.1067815, 47.1288775 ], [ -80.1070614, 47.1289231 ], [ -80.1072741, 47.1289302 ], [ -80.1078007, 47.1287314 ], [ -80.1080764, 47.128712 ], [ -80.1092693, 47.1289154 ], [ -80.1098491, 47.1290648 ], [ -80.1099824, 47.1290681 ], [ -80.1101582, 47.1289499 ], [ -80.1097803, 47.1285305 ], [ -80.1096264, 47.1284321 ], [ -80.1092011, 47.1284179 ], [ -80.1089037, 47.1282686 ], [ -80.1073629, 47.1273295 ], [ -80.1066754, 47.1269882 ], [ -80.1062291, 47.1266494 ], [ -80.1062123, 47.1263897 ], [ -80.1060337, 47.1261312 ], [ -80.1058447, 47.1260178 ], [ -80.1054328, 47.1258498 ], [ -80.1052802, 47.125825 ], [ -80.1048968, 47.1256524 ], [ -80.1041525, 47.1251275 ], [ -80.103866, 47.1250625 ], [ -80.1035101, 47.125 ], [ -80.1031439, 47.1249357 ], [ -80.1013163, 47.1247023 ], [ -80.1009849, 47.1246116 ], [ -80.1005313, 47.1244093 ], [ -80.0994304, 47.1237895 ], [ -80.0990821, 47.1236318 ], [ -80.0988592, 47.1235771 ], [ -80.09858, 47.1235684 ], [ -80.0982927, 47.1236592 ], [ -80.0980581, 47.1238688 ], [ -80.0975834, 47.1243421 ], [ -80.0968808, 47.1248516 ], [ -80.096631, 47.125 ], [ -80.0964565, 47.1251037 ] ], [ [ -80.0978925, 47.1066172 ], [ -80.0983244, 47.1064582 ], [ -80.0983312, 47.1062849 ], [ -80.0982126, 47.1062014 ], [ -80.098243, 47.1061145 ], [ -80.0984853, 47.105998 ], [ -80.0984963, 47.1058897 ], [ -80.0981543, 47.1057147 ], [ -80.0978225, 47.1055872 ], [ -80.0975052, 47.1055722 ], [ -80.0973629, 47.1055949 ], [ -80.0967089, 47.1055434 ], [ -80.0963624, 47.1056888 ], [ -80.095387, 47.1061722 ], [ -80.0952355, 47.1062209 ], [ -80.0948171, 47.1062261 ], [ -80.0945774, 47.1061044 ], [ -80.0945455, 47.1058882 ], [ -80.0944081, 47.1058199 ], [ -80.094161, 47.1058347 ], [ -80.0937184, 47.1057167 ], [ -80.09351, 47.1057745 ], [ -80.0934681, 47.1059328 ], [ -80.0939564, 47.1063427 ], [ -80.0939908, 47.1065135 ], [ -80.0935999, 47.1068627 ], [ -80.0934048, 47.1069594 ], [ -80.093398, 47.1071327 ], [ -80.0936831, 47.1073168 ], [ -80.0939683, 47.1073082 ], [ -80.0940991, 47.1073571 ], [ -80.094174, 47.1074886 ], [ -80.0942314, 47.107709 ], [ -80.0944954, 47.1077612 ], [ -80.0947201, 47.1077336 ], [ -80.0949376, 47.1076497 ], [ -80.0953036, 47.1073332 ], [ -80.0954926, 47.1072538 ], [ -80.0957367, 47.1072477 ], [ -80.0959819, 47.1073152 ], [ -80.0961962, 47.1074327 ], [ -80.0964511, 47.107511 ], [ -80.0966413, 47.1075053 ], [ -80.0968139, 47.1073958 ], [ -80.0969468, 47.1071696 ], [ -80.0971655, 47.1069667 ], [ -80.0978925, 47.1066172 ] ], [ [ -80.0922913, 47.1093749 ], [ -80.0924991, 47.1092803 ], [ -80.0925925, 47.109167 ], [ -80.0926388, 47.1088809 ], [ -80.0924535, 47.1087957 ], [ -80.0923438, 47.1088787 ], [ -80.0922953, 47.1090176 ], [ -80.0921353, 47.1091292 ], [ -80.0920626, 47.1091449 ], [ -80.0918876, 47.1091072 ], [ -80.0915551, 47.1091356 ], [ -80.0915447, 47.1092807 ], [ -80.091642, 47.109425 ], [ -80.0917982, 47.109478 ], [ -80.0922913, 47.1093749 ] ], [ [ -80.1050014, 47.1126204 ], [ -80.1053102, 47.1126982 ], [ -80.1057191, 47.1126822 ], [ -80.1058917, 47.1125727 ], [ -80.1058755, 47.1123498 ], [ -80.1057187, 47.11226 ], [ -80.1052221, 47.1121424 ], [ -80.1050369, 47.1120572 ], [ -80.1049807, 47.1117177 ], [ -80.1049317, 47.1116272 ], [ -80.1048416, 47.1115391 ], [ -80.1046496, 47.1114344 ], [ -80.1042239, 47.1113834 ], [ -80.10415, 47.1113255 ], [ -80.1039756, 47.1113246 ], [ -80.1035971, 47.1112538 ], [ -80.1033028, 47.1112884 ], [ -80.1032971, 47.1115353 ], [ -80.1034115, 47.1117466 ], [ -80.1037141, 47.1120345 ], [ -80.1038763, 47.1122628 ], [ -80.1041064, 47.1123737 ], [ -80.1045841, 47.1125065 ], [ -80.104959, 47.1125492 ], [ -80.1050014, 47.1126204 ] ], [ [ -80.0965904, 47.1125716 ], [ -80.0968787, 47.1125543 ], [ -80.0970387, 47.1124428 ], [ -80.0970752, 47.1123386 ], [ -80.0968097, 47.1117906 ], [ -80.0968258, 47.1113986 ], [ -80.096895, 47.1111622 ], [ -80.0968897, 47.1110236 ], [ -80.0966253, 47.110742 ], [ -80.0964848, 47.1106824 ], [ -80.0963751, 47.1107654 ], [ -80.096389, 47.1108411 ], [ -80.0965124, 47.1110264 ], [ -80.0964723, 47.1111025 ], [ -80.0963106, 47.1111036 ], [ -80.0959777, 47.1109026 ], [ -80.0958456, 47.1109728 ], [ -80.0957951, 47.111194 ], [ -80.095422, 47.1112616 ], [ -80.0953207, 47.1114746 ], [ -80.0951516, 47.1116122 ], [ -80.0948995, 47.1117179 ], [ -80.0942684, 47.111716 ], [ -80.093968, 47.111768 ], [ -80.0937941, 47.1118039 ], [ -80.0934796, 47.1119729 ], [ -80.0931416, 47.1120554 ], [ -80.0924712, 47.1119737 ], [ -80.0922083, 47.1119951 ], [ -80.0905012, 47.1123408 ], [ -80.0898773, 47.1123951 ], [ -80.0897502, 47.1123744 ], [ -80.0893704, 47.1124226 ], [ -80.0892001, 47.1124866 ], [ -80.0890479, 47.1126912 ], [ -80.0889573, 47.1129884 ], [ -80.0887814, 47.1132993 ], [ -80.0884025, 47.1136138 ], [ -80.0877087, 47.1138678 ], [ -80.0875979, 47.1138772 ], [ -80.0871725, 47.1140556 ], [ -80.086858, 47.1142246 ], [ -80.0864832, 47.114604 ], [ -80.0861469, 47.1147969 ], [ -80.0859216, 47.1147877 ], [ -80.0855129, 47.1146109 ], [ -80.0852652, 47.1145889 ], [ -80.0852063, 47.1146803 ], [ -80.0852437, 47.1148424 ], [ -80.0853519, 47.1150711 ], [ -80.0854711, 47.1151915 ], [ -80.0856119, 47.1154806 ], [ -80.085673, 47.1155364 ], [ -80.0857254, 47.1158478 ], [ -80.0856785, 47.1160971 ], [ -80.0852692, 47.1164984 ], [ -80.0851913, 47.1167977 ], [ -80.0854179, 47.1173027 ], [ -80.0858118, 47.1177524 ], [ -80.0858873, 47.1179207 ], [ -80.0861601, 47.1183323 ], [ -80.0864214, 47.1186227 ], [ -80.0866781, 47.1188113 ], [ -80.0869009, 47.118866 ], [ -80.0872217, 47.1191019 ], [ -80.087393, 47.1193042 ], [ -80.0874395, 47.1194402 ], [ -80.0877022, 47.1196115 ], [ -80.0879311, 47.1196489 ], [ -80.0885158, 47.1195148 ], [ -80.0887793, 47.1195302 ], [ -80.088872, 47.1195728 ], [ -80.0889464, 47.1196675 ], [ -80.0889487, 47.1198147 ], [ -80.0891152, 47.1199153 ], [ -80.0894326, 47.1199303 ], [ -80.0898745, 47.1202043 ], [ -80.0901502, 47.120185 ], [ -80.0902381, 47.1201259 ], [ -80.0902145, 47.1200394 ], [ -80.0901243, 47.1199513 ], [ -80.0901881, 47.119769 ], [ -80.0901131, 47.1196375 ], [ -80.0896583, 47.1195542 ], [ -80.0893992, 47.119411 ], [ -80.089406, 47.1192377 ], [ -80.0894869, 47.1189297 ], [ -80.0896518, 47.1187272 ], [ -80.0895732, 47.1185675 ], [ -80.0896006, 47.1184894 ], [ -80.0901486, 47.1180373 ], [ -80.0905983, 47.1177894 ], [ -80.0910224, 47.11773 ], [ -80.0910359, 47.1175762 ], [ -80.0908688, 47.1174389 ], [ -80.0908635, 47.1173003 ], [ -80.0909569, 47.1171871 ], [ -80.091175, 47.11714 ], [ -80.0913005, 47.1170504 ], [ -80.0912788, 47.1168817 ], [ -80.0911051, 47.1167249 ], [ -80.091118, 47.1165343 ], [ -80.0911926, 47.1164363 ], [ -80.091171, 47.1162676 ], [ -80.0910089, 47.1160393 ], [ -80.0907164, 47.1159916 ], [ -80.0905468, 47.1158997 ], [ -80.0904694, 47.1158137 ], [ -80.0905271, 47.1156487 ], [ -80.0906271, 47.1155549 ], [ -80.0909942, 47.1155046 ], [ -80.0911078, 47.115257 ], [ -80.0916641, 47.1149347 ], [ -80.0918604, 47.1149116 ], [ -80.092088, 47.115068 ], [ -80.0922024, 47.1150867 ], [ -80.0922964, 47.1150102 ], [ -80.0922971, 47.1148544 ], [ -80.0923651, 47.114737 ], [ -80.0928863, 47.1143998 ], [ -80.0934282, 47.113965 ], [ -80.0937305, 47.1138308 ], [ -80.0943493, 47.1134452 ], [ -80.0945638, 47.1133701 ], [ -80.0948363, 47.1133594 ], [ -80.0950846, 47.1134182 ], [ -80.0952554, 47.113391 ], [ -80.0956178, 47.113239 ], [ -80.095751, 47.1132424 ], [ -80.0959025, 47.1131936 ], [ -80.0959207, 47.1131415 ], [ -80.0960746, 47.1130473 ], [ -80.0963303, 47.1129697 ], [ -80.0964037, 47.1127981 ], [ -80.0964086, 47.1127072 ], [ -80.0965904, 47.1125716 ] ], [ [ -80.1008397, 47.1194123 ], [ -80.1010172, 47.1194045 ], [ -80.1021893, 47.1195128 ], [ -80.1024001, 47.1194095 ], [ -80.1024166, 47.119247 ], [ -80.1023706, 47.1191477 ], [ -80.1021595, 47.1188288 ], [ -80.1021415, 47.1184956 ], [ -80.1022125, 47.1183695 ], [ -80.1025034, 47.118114 ], [ -80.1027059, 47.1178809 ], [ -80.1026854, 47.1177858 ], [ -80.1025958, 47.1177345 ], [ -80.1022129, 47.1177914 ], [ -80.1020415, 47.1177818 ], [ -80.1017092, 47.1174249 ], [ -80.1016162, 47.1169601 ], [ -80.1015042, 47.116896 ], [ -80.1014236, 47.1170113 ], [ -80.1013543, 47.1172478 ], [ -80.1013481, 47.1174578 ], [ -80.1016016, 47.1178478 ], [ -80.1014956, 47.117959 ], [ -80.1009066, 47.118221 ], [ -80.1004389, 47.1183283 ], [ -80.1002601, 47.1184552 ], [ -80.1002364, 47.1185615 ], [ -80.1003133, 47.1186107 ], [ -80.100412, 47.118636 ], [ -80.100707, 47.1186381 ], [ -80.1007791, 47.1185857 ], [ -80.1008997, 47.1185869 ], [ -80.1009153, 47.118773 ], [ -80.1006443, 47.1190868 ], [ -80.1005769, 47.119241 ], [ -80.1006453, 47.1193531 ], [ -80.1008397, 47.1194123 ] ], [ [ -80.1082802, 47.1195869 ], [ -80.1072902, 47.1189577 ], [ -80.1068275, 47.1187814 ], [ -80.1062145, 47.1187275 ], [ -80.1058674, 47.1186435 ], [ -80.1056172, 47.118667 ], [ -80.1054882, 47.1187286 ], [ -80.1054578, 47.1188154 ], [ -80.1055752, 47.119018 ], [ -80.1059173, 47.1193857 ], [ -80.1060837, 47.1196789 ], [ -80.1064881, 47.1199834 ], [ -80.1070551, 47.1201307 ], [ -80.1078607, 47.1201334 ], [ -80.1082526, 47.1202431 ], [ -80.1088055, 47.1205075 ], [ -80.1089515, 47.1205129 ], [ -80.1090497, 47.1205013 ], [ -80.109042, 47.1202156 ], [ -80.1089639, 47.1200928 ], [ -80.1089609, 47.1199088 ], [ -80.1087932, 47.1197347 ], [ -80.108577, 47.1196995 ], [ -80.1082802, 47.1195869 ] ], [ [ -80.0995505, 47.1227537 ], [ -80.0988175, 47.1227352 ], [ -80.098024, 47.122505 ], [ -80.0978733, 47.1223979 ], [ -80.0974305, 47.1222799 ], [ -80.0962747, 47.1222017 ], [ -80.0959736, 47.1222169 ], [ -80.095876, 47.1222652 ], [ -80.0958844, 47.1223951 ], [ -80.095968, 47.1224637 ], [ -80.0973121, 47.1226185 ], [ -80.0983636, 47.1229183 ], [ -80.0986562, 47.1229659 ], [ -80.0987173, 47.1230218 ], [ -80.0992176, 47.1231675 ], [ -80.0994211, 47.1232006 ], [ -80.0997095, 47.1231834 ], [ -80.0998356, 47.1231305 ], [ -80.0998853, 47.1230652 ], [ -80.0997588, 47.1228886 ], [ -80.0995505, 47.1227537 ] ], [ [ -80.0937928, 47.1235318 ], [ -80.0940713, 47.1236964 ], [ -80.0943033, 47.1237251 ], [ -80.0944445, 47.1236288 ], [ -80.0944871, 47.1235072 ], [ -80.0943781, 47.1234344 ], [ -80.0942552, 47.1232859 ], [ -80.0937266, 47.122952 ], [ -80.0935903, 47.1229573 ], [ -80.093495, 47.1231529 ], [ -80.0932266, 47.1232284 ], [ -80.0927656, 47.1231625 ], [ -80.0921121, 47.122955 ], [ -80.0919479, 47.1230017 ], [ -80.0919513, 47.1232225 ], [ -80.091981, 47.1232916 ], [ -80.0922443, 47.1234997 ], [ -80.0924763, 47.1235283 ], [ -80.0929035, 47.1234603 ], [ -80.093519, 47.1234688 ], [ -80.0937928, 47.1235318 ] ], [ [ -80.0937404, 47.1305622 ], [ -80.0937993, 47.1304708 ], [ -80.0937782, 47.1303389 ], [ -80.0934193, 47.1299042 ], [ -80.0933716, 47.1296945 ], [ -80.0934081, 47.1295903 ], [ -80.09377, 47.1294015 ], [ -80.0938949, 47.129275 ], [ -80.0937993, 47.1290483 ], [ -80.0936395, 47.1289672 ], [ -80.0934807, 47.1289597 ], [ -80.0926263, 47.1290958 ], [ -80.0924028, 47.1290043 ], [ -80.092169, 47.1288653 ], [ -80.0916744, 47.1284727 ], [ -80.09152, 47.1283374 ], [ -80.0913455, 47.1283365 ], [ -80.0912449, 47.1283935 ], [ -80.0911712, 47.1287578 ], [ -80.0911923, 47.1288897 ], [ -80.0911315, 47.1290633 ], [ -80.0912132, 47.1292143 ], [ -80.0912991, 47.1300451 ], [ -80.0915134, 47.1301626 ], [ -80.0918357, 47.1302794 ], [ -80.0921332, 47.1302361 ], [ -80.0923974, 47.1302883 ], [ -80.0926924, 47.1302905 ], [ -80.093509, 47.1305704 ], [ -80.0937404, 47.1305622 ] ], [ [ -80.0624986, 47.1462559 ], [ -80.0626538, 47.1462354 ], [ -80.0626873, 47.1461399 ], [ -80.0625415, 47.1459417 ], [ -80.0625205, 47.1458097 ], [ -80.0625794, 47.1457184 ], [ -80.0626929, 47.1456635 ], [ -80.0630226, 47.1456439 ], [ -80.0635828, 47.1459648 ], [ -80.0638088, 47.1460108 ], [ -80.0639828, 47.145975 ], [ -80.0645508, 47.1459667 ], [ -80.0648183, 47.1458176 ], [ -80.0648502, 47.1456117 ], [ -80.0647915, 47.1455104 ], [ -80.0632738, 47.1443906 ], [ -80.0626935, 47.1437819 ], [ -80.0623956, 47.1435956 ], [ -80.0623543, 47.143598 ], [ -80.0622633, 47.1436658 ], [ -80.062279, 47.1440814 ], [ -80.0622068, 47.1441338 ], [ -80.0621866, 47.1442682 ], [ -80.0618664, 47.1447208 ], [ -80.0618528, 47.1448746 ], [ -80.0621134, 47.145321 ], [ -80.0621789, 47.1456714 ], [ -80.0624986, 47.1462559 ] ], [ [ -80.1093708, 47.1510215 ], [ -80.1090847, 47.1509933 ], [ -80.1089253, 47.150949 ], [ -80.108492, 47.150649 ], [ -80.1084661, 47.1504154 ], [ -80.1085717, 47.1502674 ], [ -80.1085796, 47.1501677 ], [ -80.1085349, 47.1499493 ], [ -80.1083968, 47.1496515 ], [ -80.1083678, 47.1494266 ], [ -80.1082812, 47.1493666 ], [ -80.1080023, 47.1493946 ], [ -80.1077562, 47.1494831 ], [ -80.1076973, 47.1495744 ], [ -80.1075499, 47.1496881 ], [ -80.1074947, 47.1498076 ], [ -80.107574, 47.1500041 ], [ -80.1077982, 47.1501323 ], [ -80.1078406, 47.1502035 ], [ -80.1079, 47.1503416 ], [ -80.1078417, 47.1504698 ], [ -80.1076955, 47.1506571 ], [ -80.1074336, 47.1507521 ], [ -80.1072195, 47.1508642 ], [ -80.1071679, 47.1510118 ], [ -80.107303, 47.1511255 ], [ -80.1077915, 47.151306 ], [ -80.1078527, 47.1513618 ], [ -80.1079392, 47.1516145 ], [ -80.1081477, 47.1517494 ], [ -80.1089182, 47.1517004 ], [ -80.1094554, 47.1515492 ], [ -80.1095403, 47.1514987 ], [ -80.1095864, 47.1514053 ], [ -80.1095442, 47.1511414 ], [ -80.1093708, 47.1510215 ] ], [ [ -80.1074541, 47.1602362 ], [ -80.1074415, 47.1600414 ], [ -80.1071458, 47.1598098 ], [ -80.106813, 47.1596455 ], [ -80.1065202, 47.1595979 ], [ -80.1061945, 47.1596825 ], [ -80.1061877, 47.1598558 ], [ -80.1065023, 47.1600722 ], [ -80.106803, 47.1602129 ], [ -80.1070133, 47.1602655 ], [ -80.1073626, 47.1602672 ], [ -80.1074541, 47.1602362 ] ], [ [ -80.0962976, 47.1703527 ], [ -80.0959266, 47.1701822 ], [ -80.0956314, 47.1699872 ], [ -80.0955194, 47.1697304 ], [ -80.0955243, 47.1696394 ], [ -80.0954601, 47.1695922 ], [ -80.0954099, 47.169428 ], [ -80.0952966, 47.1692902 ], [ -80.0949856, 47.1691019 ], [ -80.0945259, 47.1691464 ], [ -80.0942826, 47.1692261 ], [ -80.0936771, 47.1694947 ], [ -80.09323, 47.169734 ], [ -80.0927571, 47.1701618 ], [ -80.0923252, 47.1709727 ], [ -80.0922296, 47.171361 ], [ -80.0921519, 47.1714677 ], [ -80.0919793, 47.1724217 ], [ -80.0919697, 47.173026 ], [ -80.0921561, 47.1733776 ], [ -80.0924253, 47.1735316 ], [ -80.0929305, 47.1735496 ], [ -80.0932155, 47.1736969 ], [ -80.0937931, 47.1740847 ], [ -80.0944531, 47.1746603 ], [ -80.09558, 47.1754404 ], [ -80.0959408, 47.1755633 ], [ -80.096443, 47.17559 ], [ -80.0966014, 47.1755607 ], [ -80.0970999, 47.1755592 ], [ -80.097371, 47.1756309 ], [ -80.0978026, 47.1760132 ], [ -80.0982039, 47.1762896 ], [ -80.0985769, 47.1763779 ], [ -80.0991331, 47.1764041 ], [ -80.0995098, 47.1763277 ], [ -80.1000407, 47.1761571 ], [ -80.1006251, 47.1757565 ], [ -80.1013549, 47.1755173 ], [ -80.1030715, 47.1746125 ], [ -80.103737, 47.1743261 ], [ -80.1045135, 47.174223 ], [ -80.1047816, 47.1741105 ], [ -80.1049868, 47.1738318 ], [ -80.1050582, 47.1731275 ], [ -80.1048711, 47.1727391 ], [ -80.1045861, 47.1725918 ], [ -80.1042932, 47.1725441 ], [ -80.103979, 47.1725573 ], [ -80.1037619, 47.1724853 ], [ -80.103192, 47.1721906 ], [ -80.1029428, 47.172095 ], [ -80.1015891, 47.17204 ], [ -80.1011683, 47.1719348 ], [ -80.1008069, 47.171775 ], [ -80.098783, 47.1710968 ], [ -80.0982414, 47.1709904 ], [ -80.0962976, 47.1703527 ] ], [ [ -80.0585095, 47.177229 ], [ -80.058574, 47.1770835 ], [ -80.0585586, 47.1768974 ], [ -80.0583247, 47.1767582 ], [ -80.0581046, 47.1766947 ], [ -80.0575241, 47.1763154 ], [ -80.0573179, 47.1763277 ], [ -80.0570994, 47.1763746 ], [ -80.056964, 47.1764535 ], [ -80.0567804, 47.1767082 ], [ -80.0567222, 47.1770659 ], [ -80.05676, 47.1772648 ], [ -80.0568024, 47.177336 ], [ -80.0569502, 47.1774519 ], [ -80.0569712, 47.1775839 ], [ -80.057042, 47.1776505 ], [ -80.0570552, 47.1781117 ], [ -80.0571974, 47.1782818 ], [ -80.0573278, 47.1782939 ], [ -80.0574978, 47.1781931 ], [ -80.0575568, 47.1781018 ], [ -80.0582561, 47.1774906 ], [ -80.0585095, 47.177229 ] ], [ [ -80.1179328, 47.1820037 ], [ -80.1183284, 47.1819119 ], [ -80.1189339, 47.1818359 ], [ -80.1190631, 47.1817743 ], [ -80.1187356, 47.1815559 ], [ -80.1180775, 47.1813204 ], [ -80.1176863, 47.1810916 ], [ -80.1171295, 47.1806432 ], [ -80.116489, 47.1803188 ], [ -80.1160414, 47.1801359 ], [ -80.1148016, 47.1798702 ], [ -80.1132742, 47.1798881 ], [ -80.1124594, 47.1799851 ], [ -80.1123114, 47.180062 ], [ -80.112136, 47.1802171 ], [ -80.1120377, 47.1802286 ], [ -80.112034, 47.1803932 ], [ -80.1119745, 47.1804478 ], [ -80.1119514, 47.1805909 ], [ -80.1118919, 47.1806455 ], [ -80.1118943, 47.1807927 ], [ -80.1121215, 47.1812978 ], [ -80.1123756, 47.1814951 ], [ -80.1128942, 47.1817447 ], [ -80.113229, 47.1818266 ], [ -80.113815, 47.1819219 ], [ -80.114145, 47.1819021 ], [ -80.1143137, 47.1819203 ], [ -80.1150792, 47.1819254 ], [ -80.1160523, 47.181799 ], [ -80.1164843, 47.1817958 ], [ -80.1170071, 47.1819175 ], [ -80.1172735, 47.1818873 ], [ -80.1179328, 47.1820037 ] ], [ [ -80.0621341, 47.1841273 ], [ -80.0622485, 47.1839165 ], [ -80.0621621, 47.1836637 ], [ -80.062245, 47.1834661 ], [ -80.0626664, 47.183186 ], [ -80.0626485, 47.1830453 ], [ -80.0623755, 47.1826336 ], [ -80.0618203, 47.1816066 ], [ -80.0617591, 47.1815507 ], [ -80.061732, 47.1814361 ], [ -80.0613981, 47.1811981 ], [ -80.0613217, 47.1811856 ], [ -80.0611534, 47.1809745 ], [ -80.0611482, 47.180836 ], [ -80.0610926, 47.1807259 ], [ -80.0610816, 47.180412 ], [ -80.0610074, 47.1801245 ], [ -80.060913, 47.1799714 ], [ -80.0605343, 47.1797076 ], [ -80.0604087, 47.179375 ], [ -80.0600918, 47.1792039 ], [ -80.0599013, 47.1792096 ], [ -80.0595247, 47.1795153 ], [ -80.0588975, 47.1798445 ], [ -80.0584165, 47.1801791 ], [ -80.0581631, 47.1804407 ], [ -80.0581677, 47.1805425 ], [ -80.0582541, 47.1807953 ], [ -80.0584862, 47.1812463 ], [ -80.0595508, 47.1823564 ], [ -80.0599242, 47.1829039 ], [ -80.0601462, 47.1833073 ], [ -80.0602644, 47.1833541 ], [ -80.0606811, 47.1833946 ], [ -80.0608182, 47.1834261 ], [ -80.0609848, 47.1835267 ], [ -80.0611398, 47.1836989 ], [ -80.0611553, 47.1838851 ], [ -80.0613536, 47.1839725 ], [ -80.0616368, 47.1840095 ], [ -80.06202, 47.1841455 ], [ -80.0621341, 47.1841273 ] ], [ [ -80.0440831, 47.1311862 ], [ -80.0442866, 47.1312195 ], [ -80.0443716, 47.1311691 ], [ -80.0444529, 47.1310906 ], [ -80.0444732, 47.1309563 ], [ -80.0444141, 47.1308181 ], [ -80.0440746, 47.1305974 ], [ -80.0439408, 47.1305571 ], [ -80.043525, 47.1303239 ], [ -80.0422306, 47.1292219 ], [ -80.0421156, 47.1291664 ], [ -80.0418994, 47.129131 ], [ -80.0416507, 47.1292648 ], [ -80.0416166, 47.1293234 ], [ -80.0414803, 47.1293287 ], [ -80.0411552, 47.1292204 ], [ -80.0410219, 47.129217 ], [ -80.0408515, 47.1292809 ], [ -80.0409029, 47.1293261 ], [ -80.0408525, 47.1293545 ], [ -80.0408984, 47.1294538 ], [ -80.0410108, 47.1295548 ], [ -80.0411925, 47.1296121 ], [ -80.0414876, 47.1296144 ], [ -80.0417592, 47.1295303 ], [ -80.0421245, 47.1295625 ], [ -80.0423133, 47.129676 ], [ -80.0426029, 47.129962 ], [ -80.042939, 47.1303841 ], [ -80.0437798, 47.131054 ], [ -80.0440831, 47.1311862 ] ], [ [ -80.0490957, 47.1307389 ], [ -80.0490109, 47.130367 ], [ -80.0490606, 47.1300722 ], [ -80.0489852, 47.1299039 ], [ -80.0488859, 47.1298418 ], [ -80.0487368, 47.1298449 ], [ -80.0485767, 47.1299564 ], [ -80.0484858, 47.1302537 ], [ -80.048259, 47.1303635 ], [ -80.047879, 47.1304115 ], [ -80.0471865, 47.1303534 ], [ -80.0466315, 47.1303636 ], [ -80.0462805, 47.1304439 ], [ -80.045867, 47.1305875 ], [ -80.0457012, 47.1307531 ], [ -80.0457594, 47.1310472 ], [ -80.0459142, 47.1312194 ], [ -80.0462949, 47.1314376 ], [ -80.0465457, 47.1314511 ], [ -80.0467579, 47.1314215 ], [ -80.0471352, 47.1311895 ], [ -80.0473941, 47.1311033 ], [ -80.047799, 47.1310226 ], [ -80.0486273, 47.1310387 ], [ -80.0488989, 47.1309545 ], [ -80.0490596, 47.1308798 ], [ -80.0490957, 47.1307389 ] ], [ [ -80.0547199, 47.1330714 ], [ -80.0547075, 47.1328766 ], [ -80.0548193, 47.1327113 ], [ -80.0548279, 47.1326485 ], [ -80.0548009, 47.1325339 ], [ -80.0546833, 47.1325239 ], [ -80.0545542, 47.1325854 ], [ -80.0544305, 47.1325927 ], [ -80.0540477, 47.132879 ], [ -80.0538773, 47.1329429 ], [ -80.0536551, 47.1331545 ], [ -80.053553, 47.1333305 ], [ -80.0533261, 47.1334403 ], [ -80.0530221, 47.1336936 ], [ -80.0529795, 47.1338151 ], [ -80.0526862, 47.1341527 ], [ -80.052703, 47.1342197 ], [ -80.052953, 47.134389 ], [ -80.0531916, 47.1344372 ], [ -80.0533769, 47.1345226 ], [ -80.0538894, 47.1346338 ], [ -80.0543379, 47.1349274 ], [ -80.0544056, 47.1350027 ], [ -80.0545425, 47.1350342 ], [ -80.0546564, 47.1350161 ], [ -80.0548385, 47.1348807 ], [ -80.0549633, 47.1345247 ], [ -80.0550241, 47.1341216 ], [ -80.054988, 47.1336109 ], [ -80.054768, 47.1333179 ], [ -80.0547199, 47.1330714 ] ], [ [ -80.0309658, 47.1348697 ], [ -80.0311736, 47.1340867 ], [ -80.0311268, 47.1339138 ], [ -80.0307817, 47.1335177 ], [ -80.0306992, 47.1332931 ], [ -80.0307225, 47.1329205 ], [ -80.0308048, 47.1326861 ], [ -80.0308073, 47.1324112 ], [ -80.0307187, 47.1322039 ], [ -80.0303752, 47.1319182 ], [ -80.030193, 47.1318241 ], [ -80.0298908, 47.1317655 ], [ -80.0292463, 47.1321832 ], [ -80.0290367, 47.1323968 ], [ -80.0287764, 47.133061 ], [ -80.0287699, 47.1335006 ], [ -80.0286824, 47.1335964 ], [ -80.0285629, 47.1336687 ], [ -80.0283751, 47.1336288 ], [ -80.0282042, 47.1336559 ], [ -80.0283558, 47.1338367 ], [ -80.028738, 47.1341655 ], [ -80.0287711, 47.1342627 ], [ -80.0289681, 47.1345061 ], [ -80.0290414, 47.1345273 ], [ -80.0292367, 47.1344307 ], [ -80.0293553, 47.1345144 ], [ -80.0294942, 47.1346932 ], [ -80.0296088, 47.1349414 ], [ -80.0297768, 47.1351525 ], [ -80.0303304, 47.1354909 ], [ -80.0305427, 47.1356909 ], [ -80.0305915, 47.1357815 ], [ -80.0305361, 47.135901 ], [ -80.0303295, 47.1358763 ], [ -80.0301142, 47.1356851 ], [ -80.0296899, 47.1357441 ], [ -80.0295403, 47.1357105 ], [ -80.0292386, 47.1356886 ], [ -80.0291119, 47.1357046 ], [ -80.0291089, 47.1359428 ], [ -80.0292117, 47.1360331 ], [ -80.0296905, 47.1360105 ], [ -80.0301989, 47.1362864 ], [ -80.0314997, 47.1371786 ], [ -80.0316158, 47.1373077 ], [ -80.0316362, 47.1374028 ], [ -80.0314632, 47.1375122 ], [ -80.0313273, 47.1375543 ], [ -80.0309971, 47.137537 ], [ -80.0305355, 47.1374339 ], [ -80.0303325, 47.1374374 ], [ -80.0300369, 47.1376277 ], [ -80.0300691, 47.1378808 ], [ -80.0301846, 47.1379732 ], [ -80.0305261, 47.1381117 ], [ -80.0305526, 47.1381894 ], [ -80.0317187, 47.137857 ], [ -80.0320046, 47.1376559 ], [ -80.0320819, 47.1375125 ], [ -80.032093, 47.1371747 ], [ -80.031871, 47.1367344 ], [ -80.0312181, 47.1363338 ], [ -80.0310872, 47.1360554 ], [ -80.0311624, 47.1357648 ], [ -80.0312998, 47.1356037 ], [ -80.0313074, 47.1354672 ], [ -80.031091, 47.1352023 ], [ -80.0309658, 47.1348697 ] ], [ [ -80.0369011, 47.1374655 ], [ -80.0370207, 47.1373932 ], [ -80.0372175, 47.1371776 ], [ -80.0373327, 47.1365814 ], [ -80.0371761, 47.1356103 ], [ -80.0369998, 47.1350398 ], [ -80.0369997, 47.1348103 ], [ -80.036769, 47.134433 ], [ -80.0366082, 47.1342781 ], [ -80.0365318, 47.1342657 ], [ -80.036367, 47.1342754 ], [ -80.0362124, 47.1343327 ], [ -80.0356559, 47.1346915 ], [ -80.0355653, 47.134796 ], [ -80.0355187, 47.1350821 ], [ -80.0355263, 47.1351752 ], [ -80.0358043, 47.1355328 ], [ -80.0359281, 47.1359845 ], [ -80.0360661, 47.1363191 ], [ -80.0360967, 47.1364618 ], [ -80.0360984, 47.1368018 ], [ -80.0362141, 47.1373531 ], [ -80.0363078, 47.1374694 ], [ -80.0366543, 47.1375169 ], [ -80.0369011, 47.1374655 ] ], [ [ -80.0495517, 47.1352652 ], [ -80.049424, 47.1352076 ], [ -80.0492946, 47.1350396 ], [ -80.0490859, 47.1348678 ], [ -80.0489006, 47.1347825 ], [ -80.0485068, 47.1347548 ], [ -80.0482601, 47.1348063 ], [ -80.0481278, 47.1348765 ], [ -80.0480882, 47.1349893 ], [ -80.0482131, 47.1352851 ], [ -80.0475554, 47.1356641 ], [ -80.0474221, 47.1356607 ], [ -80.0468851, 47.1353894 ], [ -80.0466907, 47.13533 ], [ -80.046243, 47.1353027 ], [ -80.0459529, 47.1352094 ], [ -80.0458868, 47.1352445 ], [ -80.0458278, 47.1353359 ], [ -80.0459095, 47.1357164 ], [ -80.0461569, 47.1359312 ], [ -80.0467824, 47.1361803 ], [ -80.0470415, 47.1363236 ], [ -80.0470341, 47.1366896 ], [ -80.046876, 47.1369483 ], [ -80.0467418, 47.1371008 ], [ -80.0466991, 47.1372223 ], [ -80.0466396, 47.1372769 ], [ -80.0466382, 47.137396 ], [ -80.0467792, 47.1374924 ], [ -80.0471919, 47.1375048 ], [ -80.0478359, 47.1372796 ], [ -80.0483122, 47.1373024 ], [ -80.0487095, 47.1371286 ], [ -80.0490365, 47.1369251 ], [ -80.0490578, 47.1368643 ], [ -80.0491173, 47.1368098 ], [ -80.0491318, 47.1365 ], [ -80.049232, 47.1364063 ], [ -80.0495479, 47.136311 ], [ -80.0498526, 47.1360946 ], [ -80.0498988, 47.1360012 ], [ -80.0498902, 47.1354123 ], [ -80.0497232, 47.1352749 ], [ -80.0495517, 47.1352652 ] ], [ [ -80.0414209, 47.1446303 ], [ -80.0415685, 47.1445167 ], [ -80.0417459, 47.1442795 ], [ -80.0418526, 47.1439757 ], [ -80.0417935, 47.1438375 ], [ -80.0416719, 47.1437625 ], [ -80.0415451, 47.1437785 ], [ -80.0412612, 47.1438974 ], [ -80.0406653, 47.1439468 ], [ -80.0405336, 47.1440538 ], [ -80.0404214, 47.1446413 ], [ -80.0403751, 47.1447347 ], [ -80.0400399, 47.1450379 ], [ -80.0400074, 47.145207 ], [ -80.0401164, 47.1452799 ], [ -80.0402406, 47.1453094 ], [ -80.0403978, 47.1452066 ], [ -80.0405317, 47.1452468 ], [ -80.0405648, 47.145344 ], [ -80.0404977, 47.145535 ], [ -80.0405629, 47.1456559 ], [ -80.0407283, 47.1456829 ], [ -80.0410697, 47.1453623 ], [ -80.0410823, 47.1451349 ], [ -80.0412495, 47.1448501 ], [ -80.0413436, 47.1447737 ], [ -80.0414209, 47.1446303 ] ], [ [ -80.0408197, 47.1500583 ], [ -80.041071, 47.149879 ], [ -80.0411519, 47.1497637 ], [ -80.0411681, 47.1495644 ], [ -80.0408896, 47.1493996 ], [ -80.0406661, 47.149308 ], [ -80.0401625, 47.1489411 ], [ -80.0400353, 47.1489203 ], [ -80.0397793, 47.1489977 ], [ -80.0395814, 47.1491398 ], [ -80.039495, 47.1493093 ], [ -80.0395745, 47.1495426 ], [ -80.0399436, 47.1498324 ], [ -80.0400022, 47.1499338 ], [ -80.0399785, 47.1502696 ], [ -80.0400146, 47.1503581 ], [ -80.0401297, 47.1504137 ], [ -80.0402152, 47.1504001 ], [ -80.0406645, 47.1500788 ], [ -80.0408197, 47.1500583 ] ], [ [ -80.0429193, 47.1510532 ], [ -80.0427897, 47.1513075 ], [ -80.0424489, 47.1516648 ], [ -80.0419594, 47.1520622 ], [ -80.041904, 47.1521817 ], [ -80.0425363, 47.1524503 ], [ -80.0427394, 47.1524467 ], [ -80.043881, 47.1521468 ], [ -80.0441517, 47.151989 ], [ -80.0443414, 47.1517171 ], [ -80.0447671, 47.1513093 ], [ -80.0448423, 47.1510187 ], [ -80.0448015, 47.1508284 ], [ -80.0442149, 47.1504296 ], [ -80.043832, 47.1502936 ], [ -80.0433413, 47.1501583 ], [ -80.0417498, 47.1494025 ], [ -80.0415931, 47.1495421 ], [ -80.0415566, 47.1498758 ], [ -80.0415679, 47.149997 ], [ -80.0415053, 47.1500602 ], [ -80.0416601, 47.1502324 ], [ -80.0422523, 47.150577 ], [ -80.0426672, 47.1507366 ], [ -80.0429045, 47.1509039 ], [ -80.0429193, 47.1510532 ] ], [ [ -80.0517736, 47.1729072 ], [ -80.0520308, 47.1729033 ], [ -80.0520613, 47.1728165 ], [ -80.0521554, 47.17274 ], [ -80.0521011, 47.1722813 ], [ -80.0520571, 47.1720997 ], [ -80.0518966, 47.1719817 ], [ -80.0516486, 47.1719596 ], [ -80.0511791, 47.1719931 ], [ -80.0509297, 47.1720901 ], [ -80.0508961, 47.1721856 ], [ -80.0511337, 47.1725824 ], [ -80.0515948, 47.1728413 ], [ -80.0517736, 47.1729072 ] ], [ [ -80.0488149, 47.1729749 ], [ -80.0492971, 47.1729435 ], [ -80.0496816, 47.1729604 ], [ -80.0502908, 47.1731425 ], [ -80.0504232, 47.1730723 ], [ -80.0499157, 47.1726773 ], [ -80.049715, 47.1726353 ], [ -80.0491859, 47.1727234 ], [ -80.0488834, 47.1726648 ], [ -80.0483444, 47.172283 ], [ -80.0481987, 47.1723143 ], [ -80.048155, 47.1723622 ], [ -80.0481688, 47.1724379 ], [ -80.0482584, 47.1724893 ], [ -80.0483348, 47.1725018 ], [ -80.0485081, 47.1726218 ], [ -80.0485877, 47.1728552 ], [ -80.0488149, 47.1729749 ] ], [ [ -80.051952, 47.1738177 ], [ -80.0521995, 47.173803 ], [ -80.0524011, 47.173689 ], [ -80.0531027, 47.1734547 ], [ -80.0531592, 47.1734088 ], [ -80.0530665, 47.1733662 ], [ -80.0527583, 47.1733618 ], [ -80.0523432, 47.1732022 ], [ -80.0521461, 47.1731884 ], [ -80.051945, 47.1733391 ], [ -80.0518403, 47.1735607 ], [ -80.0518364, 47.1737253 ], [ -80.051952, 47.1738177 ] ], [ [ -80.0562983, 47.1763173 ], [ -80.0559543, 47.1760317 ], [ -80.055386, 47.1756176 ], [ -80.055339, 47.1754447 ], [ -80.0552137, 47.1753416 ], [ -80.0549407, 47.1753521 ], [ -80.0548241, 47.1754157 ], [ -80.0544351, 47.1755267 ], [ -80.0537746, 47.175529 ], [ -80.0534808, 47.1756371 ], [ -80.0532513, 47.1757924 ], [ -80.053283, 47.1760088 ], [ -80.0534762, 47.1761872 ], [ -80.0540004, 47.1764197 ], [ -80.0547813, 47.1766114 ], [ -80.0550861, 47.1768172 ], [ -80.0553379, 47.177097 ], [ -80.0555912, 47.1772577 ], [ -80.055907, 47.1773551 ], [ -80.0561551, 47.1773773 ], [ -80.0563287, 47.1773046 ], [ -80.0563703, 47.1771094 ], [ -80.0563738, 47.1764857 ], [ -80.0563029, 47.1764191 ], [ -80.0562983, 47.1763173 ] ], [ [ -80.0544603, 47.1787531 ], [ -80.0548764, 47.1787568 ], [ -80.0551325, 47.1786792 ], [ -80.0554125, 47.1784954 ], [ -80.0555366, 47.1782953 ], [ -80.0554946, 47.1780314 ], [ -80.0553338, 47.1776839 ], [ -80.0549209, 47.1772493 ], [ -80.0547186, 47.1770969 ], [ -80.0540501, 47.1767766 ], [ -80.053719, 47.1767226 ], [ -80.0534175, 47.1767376 ], [ -80.0531869, 47.1768193 ], [ -80.0529537, 47.1769465 ], [ -80.0528266, 47.1771553 ], [ -80.0528212, 47.177439 ], [ -80.0529825, 47.1778234 ], [ -80.0533245, 47.1781913 ], [ -80.0537353, 47.1784787 ], [ -80.0541923, 47.1786727 ], [ -80.0544603, 47.1787531 ] ], [ [ -80.0391736, 47.1851623 ], [ -80.0391022, 47.1850588 ], [ -80.0389973, 47.1850509 ], [ -80.0388516, 47.1850822 ], [ -80.0388465, 47.1851732 ], [ -80.0389148, 47.1852853 ], [ -80.0388425, 47.1853378 ], [ -80.0388843, 47.1853721 ], [ -80.0386608, 47.1855101 ], [ -80.0386751, 47.1856226 ], [ -80.0388386, 47.1857319 ], [ -80.0390771, 47.1857433 ], [ -80.0393286, 47.1855641 ], [ -80.0391736, 47.1851623 ] ], [ [ -80.0317057, 47.1865219 ], [ -80.031775, 47.1864782 ], [ -80.0317535, 47.1863094 ], [ -80.0316093, 47.1862215 ], [ -80.0310291, 47.1860716 ], [ -80.0309124, 47.1861352 ], [ -80.0308819, 47.186222 ], [ -80.0310006, 47.1863057 ], [ -80.0312874, 47.1863709 ], [ -80.031505, 47.1864799 ], [ -80.0317057, 47.1865219 ] ], [ [ -80.0291119, 47.129848 ], [ -80.0291242, 47.1300428 ], [ -80.029024, 47.1301365 ], [ -80.0290449, 47.1302684 ], [ -80.0289477, 47.1303535 ], [ -80.0289493, 47.1304639 ], [ -80.0288679, 47.1305424 ], [ -80.0288598, 47.1306421 ], [ -80.0287753, 47.1307292 ], [ -80.028786, 47.1308136 ], [ -80.0285343, 47.1311855 ], [ -80.0284855, 47.1315539 ], [ -80.028538, 47.1316726 ], [ -80.028653, 47.1317281 ], [ -80.0289038, 47.1317416 ], [ -80.029122, 47.1316947 ], [ -80.0292507, 47.1315965 ], [ -80.0298327, 47.1314714 ], [ -80.0309719, 47.1314834 ], [ -80.0312186, 47.131432 ], [ -80.0315482, 47.131183 ], [ -80.0314673, 47.1310688 ], [ -80.0312276, 47.1309469 ], [ -80.0308104, 47.1308328 ], [ -80.0305605, 47.1306634 ], [ -80.0305137, 47.1304905 ], [ -80.030591, 47.1303471 ], [ -80.0308041, 47.1301616 ], [ -80.0309343, 47.1299443 ], [ -80.0309808, 47.1291992 ], [ -80.0307273, 47.1285426 ], [ -80.0304076, 47.1279212 ], [ -80.0302606, 47.1278421 ], [ -80.0301024, 47.1278712 ], [ -80.0298882, 47.1279831 ], [ -80.0296664, 47.1280018 ], [ -80.0293794, 47.1276703 ], [ -80.029036, 47.1276141 ], [ -80.0286275, 47.1276666 ], [ -80.0283752, 47.1277722 ], [ -80.0281962, 47.1278989 ], [ -80.0281688, 47.1282065 ], [ -80.0282156, 47.1283794 ], [ -80.0289499, 47.128931 ], [ -80.029042, 47.1291664 ], [ -80.0291189, 47.1292157 ], [ -80.0291709, 47.1297567 ], [ -80.0291119, 47.129848 ] ], [ [ -80.0276686, 47.1300891 ], [ -80.0273578, 47.1300933 ], [ -80.0261139, 47.1303028 ], [ -80.0259063, 47.1302045 ], [ -80.0258295, 47.1301552 ], [ -80.0259155, 47.129949 ], [ -80.0258702, 47.1298865 ], [ -80.0258396, 47.1297438 ], [ -80.0255328, 47.1293539 ], [ -80.0254049, 47.1283783 ], [ -80.0253347, 47.128119 ], [ -80.0252644, 47.1280891 ], [ -80.0250935, 47.1281162 ], [ -80.0245691, 47.1284985 ], [ -80.0245197, 47.1286006 ], [ -80.0240543, 47.1288916 ], [ -80.0238147, 47.1289992 ], [ -80.0234159, 47.1290624 ], [ -80.0229428, 47.1292604 ], [ -80.0228812, 47.1293972 ], [ -80.0231208, 47.129519 ], [ -80.0235248, 47.1295943 ], [ -80.0239623, 47.1298037 ], [ -80.0240753, 47.1299415 ], [ -80.0241446, 47.1303567 ], [ -80.0242647, 47.1305508 ], [ -80.0242601, 47.1306786 ], [ -80.0243359, 47.1308838 ], [ -80.0242648, 47.1312393 ], [ -80.0240959, 47.1314136 ], [ -80.0241096, 47.1314893 ], [ -80.0242541, 47.131614 ], [ -80.0244388, 47.1316626 ], [ -80.0251918, 47.1317399 ], [ -80.0255708, 47.1316184 ], [ -80.0260933, 47.1313183 ], [ -80.0262423, 47.1313152 ], [ -80.0264515, 47.1315239 ], [ -80.0266519, 47.1315658 ], [ -80.0267121, 47.1322366 ], [ -80.0266776, 47.132488 ], [ -80.0266986, 47.1333085 ], [ -80.0269556, 47.1335341 ], [ -80.027184, 47.1335348 ], [ -80.0273193, 47.133456 ], [ -80.027427, 47.1323077 ], [ -80.0274065, 47.1319831 ], [ -80.027468, 47.1316168 ], [ -80.0276664, 47.1312821 ], [ -80.027976, 47.1305158 ], [ -80.0279521, 47.1303925 ], [ -80.0278442, 47.1301637 ], [ -80.0277928, 47.1301186 ], [ -80.0276686, 47.1300891 ] ], [ [ -80.027936, 47.1357968 ], [ -80.0279706, 47.1355454 ], [ -80.0279324, 47.1353096 ], [ -80.0278412, 47.1349183 ], [ -80.0278741, 47.1343271 ], [ -80.0277515, 47.1341785 ], [ -80.0276273, 47.134149 ], [ -80.0274055, 47.1341677 ], [ -80.0271333, 47.1344445 ], [ -80.0270591, 47.1348087 ], [ -80.0271238, 47.1351222 ], [ -80.0271065, 47.1352479 ], [ -80.0268548, 47.1358493 ], [ -80.0268412, 47.1364621 ], [ -80.0267384, 47.1366014 ], [ -80.026628, 47.1366476 ], [ -80.0263711, 47.1366514 ], [ -80.0262606, 47.1364681 ], [ -80.0261349, 47.1363282 ], [ -80.026084, 47.1363199 ], [ -80.0259456, 47.1364074 ], [ -80.0259151, 47.1364942 ], [ -80.0259564, 47.1367212 ], [ -80.0258572, 47.1368886 ], [ -80.0258064, 47.1371098 ], [ -80.0256079, 47.137215 ], [ -80.0253358, 47.1374918 ], [ -80.0250025, 47.1377126 ], [ -80.0245345, 47.1382786 ], [ -80.0246067, 47.1384557 ], [ -80.024853, 47.138597 ], [ -80.0251039, 47.1386105 ], [ -80.0254988, 47.1384823 ], [ -80.0259196, 47.1383952 ], [ -80.0262192, 47.1382698 ], [ -80.0270658, 47.1375454 ], [ -80.0273486, 47.1371235 ], [ -80.0275959, 47.1368794 ], [ -80.0276579, 47.1367794 ], [ -80.0275596, 47.1363319 ], [ -80.0275738, 47.1362149 ], [ -80.0276634, 47.1360367 ], [ -80.027936, 47.1357968 ] ], [ [ -80.0072868, 47.1372071 ], [ -80.0075138, 47.1370974 ], [ -80.0079062, 47.1365558 ], [ -80.008124, 47.1364721 ], [ -80.0081668, 47.1363506 ], [ -80.0081399, 47.136236 ], [ -80.0078361, 47.1362964 ], [ -80.0075125, 47.1362985 ], [ -80.0067593, 47.13668 ], [ -80.0065837, 47.1368348 ], [ -80.0065399, 47.1371122 ], [ -80.0067892, 47.1372449 ], [ -80.0069795, 47.1372393 ], [ -80.0072868, 47.1372071 ] ], [ [ -80.0129435, 47.1422377 ], [ -80.0130834, 47.1422606 ], [ -80.0134463, 47.1421089 ], [ -80.0144285, 47.1417648 ], [ -80.014685, 47.1414947 ], [ -80.014684, 47.1411916 ], [ -80.0146229, 47.1411357 ], [ -80.0146143, 47.1407395 ], [ -80.0145278, 47.1404499 ], [ -80.01445, 47.140327 ], [ -80.0141838, 47.1401273 ], [ -80.0136806, 47.1399898 ], [ -80.0134501, 47.1398419 ], [ -80.0134012, 47.1397513 ], [ -80.0131962, 47.1396075 ], [ -80.0123642, 47.1397925 ], [ -80.0123937, 47.1398616 ], [ -80.0128104, 47.1401686 ], [ -80.0128562, 47.1402679 ], [ -80.0128465, 47.1404866 ], [ -80.0127803, 47.1405217 ], [ -80.0125167, 47.1405061 ], [ -80.012477, 47.1406189 ], [ -80.0125269, 47.1410127 ], [ -80.01248, 47.1410692 ], [ -80.0124688, 47.1411776 ], [ -80.0123915, 47.141321 ], [ -80.0121792, 47.14158 ], [ -80.0120896, 47.1417581 ], [ -80.0121415, 47.1420696 ], [ -80.0122168, 47.142238 ], [ -80.0123155, 47.1422633 ], [ -80.0125837, 47.1421512 ], [ -80.0128346, 47.1421647 ], [ -80.0129435, 47.1422377 ] ], [ [ -80.0069959, 47.1428882 ], [ -80.0071129, 47.1428615 ], [ -80.0075777, 47.1424969 ], [ -80.0082016, 47.1421769 ], [ -80.0081996, 47.1420296 ], [ -80.0080038, 47.1418598 ], [ -80.0072343, 47.1417521 ], [ -80.0069783, 47.1418295 ], [ -80.0069, 47.1418993 ], [ -80.0065488, 47.1419795 ], [ -80.0063854, 47.1420996 ], [ -80.0063594, 47.1422881 ], [ -80.0064052, 47.1423874 ], [ -80.0068936, 47.1428347 ], [ -80.0069959, 47.1428882 ] ], [ [ -80.019964, 47.1489416 ], [ -80.019877, 47.1488447 ], [ -80.019882, 47.1487538 ], [ -80.0200444, 47.14856 ], [ -80.0201126, 47.1482131 ], [ -80.0200326, 47.1477135 ], [ -80.0198728, 47.1476322 ], [ -80.019625, 47.14761 ], [ -80.0194667, 47.1476392 ], [ -80.0190794, 47.1476308 ], [ -80.0188804, 47.1476992 ], [ -80.018803, 47.1478427 ], [ -80.0187725, 47.148618 ], [ -80.0187073, 47.1487267 ], [ -80.0186849, 47.1489434 ], [ -80.0186223, 47.1490066 ], [ -80.0186259, 47.1494937 ], [ -80.0187394, 47.1496684 ], [ -80.0188738, 47.1497455 ], [ -80.0192143, 47.1498104 ], [ -80.0193874, 47.1499305 ], [ -80.0196948, 47.1503573 ], [ -80.0205077, 47.1506097 ], [ -80.0207846, 47.1504347 ], [ -80.0207219, 47.1502684 ], [ -80.0208044, 47.150034 ], [ -80.0207911, 47.1497656 ], [ -80.0206695, 47.149461 ], [ -80.0204664, 47.149235 ], [ -80.019964, 47.1489416 ] ], [ [ -80.0108949, 47.1502383 ], [ -80.0107255, 47.1499167 ], [ -80.010751, 47.1496914 ], [ -80.0108105, 47.1496369 ], [ -80.0108146, 47.1494723 ], [ -80.0107012, 47.1492976 ], [ -80.0104452, 47.1491455 ], [ -80.0102798, 47.1491184 ], [ -80.0099973, 47.149118 ], [ -80.0092337, 47.149452 ], [ -80.0091024, 47.1495957 ], [ -80.0089659, 47.15006 ], [ -80.0088269, 47.1503402 ], [ -80.0090518, 47.1507718 ], [ -80.0089795, 47.1508242 ], [ -80.0089744, 47.1509152 ], [ -80.0083014, 47.1513742 ], [ -80.0075352, 47.1519831 ], [ -80.0071727, 47.1524012 ], [ -80.0068453, 47.1526046 ], [ -80.0064666, 47.1527629 ], [ -80.0063714, 47.1527657 ], [ -80.0052051, 47.1533641 ], [ -80.0047769, 47.1536245 ], [ -80.0046745, 47.1538005 ], [ -80.0048476, 47.1539207 ], [ -80.005099, 47.1539711 ], [ -80.0056487, 47.1540153 ], [ -80.0065233, 47.1539015 ], [ -80.0068048, 47.1538283 ], [ -80.0072217, 47.1536762 ], [ -80.0075328, 47.1534426 ], [ -80.0075511, 47.1533905 ], [ -80.0078806, 47.1531047 ], [ -80.0088504, 47.1525291 ], [ -80.0091451, 47.1522653 ], [ -80.0102386, 47.1514528 ], [ -80.0108119, 47.1508949 ], [ -80.010904, 47.1506713 ], [ -80.0108949, 47.1502383 ] ], [ [ -80.0328668, 47.1543854 ], [ -80.0330017, 47.1544992 ], [ -80.0330033, 47.1546097 ], [ -80.0332843, 47.1547291 ], [ -80.033407, 47.1548777 ], [ -80.033402, 47.1549686 ], [ -80.0333302, 47.1550579 ], [ -80.0333221, 47.1551576 ], [ -80.0335619, 47.1552794 ], [ -80.0339865, 47.1552203 ], [ -80.0345697, 47.1549393 ], [ -80.0350252, 47.1546006 ], [ -80.0354575, 47.1537533 ], [ -80.0355893, 47.1536463 ], [ -80.0358489, 47.153597 ], [ -80.036078, 47.1536344 ], [ -80.0362459, 47.153616 ], [ -80.0362764, 47.1535292 ], [ -80.0362402, 47.1532111 ], [ -80.0362987, 47.153083 ], [ -80.0365801, 47.1530097 ], [ -80.0367567, 47.1529284 ], [ -80.0367516, 47.1527898 ], [ -80.036581, 47.1526242 ], [ -80.0359593, 47.1522104 ], [ -80.0358014, 47.1520469 ], [ -80.0358134, 47.1515532 ], [ -80.0360524, 47.1509496 ], [ -80.0361272, 47.1508517 ], [ -80.0363414, 47.1507398 ], [ -80.0366616, 47.1507096 ], [ -80.0367934, 47.1506026 ], [ -80.0368477, 47.1504095 ], [ -80.0367652, 47.1501849 ], [ -80.0367763, 47.1500765 ], [ -80.0368929, 47.150013 ], [ -80.0370298, 47.1500446 ], [ -80.0374437, 47.1503601 ], [ -80.0375359, 47.150366 ], [ -80.0376809, 47.1502979 ], [ -80.0378371, 47.1501215 ], [ -80.0379103, 47.1499131 ], [ -80.0378664, 47.1497315 ], [ -80.0373439, 47.1491504 ], [ -80.0371453, 47.1487966 ], [ -80.0371355, 47.1485563 ], [ -80.0370968, 47.1485133 ], [ -80.0371563, 47.1484587 ], [ -80.0371369, 47.1482077 ], [ -80.0372695, 47.1477153 ], [ -80.0375085, 47.1473413 ], [ -80.0381063, 47.1467505 ], [ -80.038066, 47.1465971 ], [ -80.0378196, 47.1464558 ], [ -80.0376863, 47.1464523 ], [ -80.0373535, 47.1467101 ], [ -80.0371286, 47.1467375 ], [ -80.0368822, 47.1465963 ], [ -80.0367331, 47.1465994 ], [ -80.0366018, 47.1467432 ], [ -80.0365566, 47.1469102 ], [ -80.0364716, 47.1469606 ], [ -80.0363444, 47.1469398 ], [ -80.0361362, 47.1468048 ], [ -80.0367257, 47.1460841 ], [ -80.0369292, 47.1458879 ], [ -80.0370879, 47.145666 ], [ -80.037093, 47.145575 ], [ -80.037013, 47.1455344 ], [ -80.0368869, 47.1455872 ], [ -80.0366803, 47.1457921 ], [ -80.036545, 47.145871 ], [ -80.0363898, 47.1458915 ], [ -80.0362935, 47.1458207 ], [ -80.0363015, 47.1454915 ], [ -80.0363712, 47.145255 ], [ -80.0363029, 47.1451429 ], [ -80.0361859, 47.1451697 ], [ -80.035877, 47.1453211 ], [ -80.0354628, 47.1454278 ], [ -80.0350434, 47.1453959 ], [ -80.0347116, 47.1452682 ], [ -80.0346403, 47.1451647 ], [ -80.0346676, 47.1448571 ], [ -80.0349662, 47.1444286 ], [ -80.0350053, 47.1442789 ], [ -80.0348444, 47.1441241 ], [ -80.0346638, 47.1441404 ], [ -80.0343834, 47.1442874 ], [ -80.0341677, 47.1442888 ], [ -80.0340327, 47.1441749 ], [ -80.0339461, 47.1438854 ], [ -80.0339466, 47.1423524 ], [ -80.033717, 47.1420486 ], [ -80.033496, 47.141682 ], [ -80.0330505, 47.1411501 ], [ -80.0326168, 47.1407762 ], [ -80.0322743, 47.1405641 ], [ -80.0319582, 47.1404298 ], [ -80.0307058, 47.1400505 ], [ -80.0304844, 47.1398766 ], [ -80.0304146, 47.139654 ], [ -80.0304104, 47.1393596 ], [ -80.0302572, 47.1392978 ], [ -80.0301265, 47.1394784 ], [ -80.0301027, 47.1398141 ], [ -80.0300356, 47.1400051 ], [ -80.0300743, 47.1400481 ], [ -80.0300371, 47.1401155 ], [ -80.0301462, 47.1408769 ], [ -80.0302043, 47.1409415 ], [ -80.030184, 47.1410759 ], [ -80.0301244, 47.1411304 ], [ -80.029985, 47.1411443 ], [ -80.0294806, 47.1409333 ], [ -80.029156, 47.1408618 ], [ -80.0290171, 47.1409125 ], [ -80.0290085, 47.1412048 ], [ -80.0289251, 47.1413656 ], [ -80.0289338, 47.1415323 ], [ -80.0288615, 47.1415847 ], [ -80.0288417, 47.1417559 ], [ -80.0285996, 47.1421386 ], [ -80.0286011, 47.142249 ], [ -80.0285289, 47.1423014 ], [ -80.0285147, 47.1424184 ], [ -80.0284185, 47.1425771 ], [ -80.0283463, 47.1426296 ], [ -80.0283351, 47.1427379 ], [ -80.0281749, 47.1430789 ], [ -80.0279195, 47.1434227 ], [ -80.0279231, 47.1436803 ], [ -80.0280901, 47.1438178 ], [ -80.0280845, 47.1441015 ], [ -80.0276861, 47.144431 ], [ -80.0276093, 47.1446112 ], [ -80.0276658, 47.1447949 ], [ -80.0278822, 47.1450598 ], [ -80.0279968, 47.1453081 ], [ -80.0280029, 47.1455202 ], [ -80.0279312, 47.1456095 ], [ -80.0279078, 47.1457525 ], [ -80.0277511, 47.1461216 ], [ -80.0275899, 47.146389 ], [ -80.0269075, 47.1468374 ], [ -80.0265976, 47.1471447 ], [ -80.0265894, 47.1472443 ], [ -80.0267019, 47.1473454 ], [ -80.0271402, 47.147362 ], [ -80.0273163, 47.1474734 ], [ -80.0272359, 47.1476255 ], [ -80.0269972, 47.1478068 ], [ -80.0269728, 47.1478762 ], [ -80.0269011, 47.1479655 ], [ -80.026895, 47.1482124 ], [ -80.026805, 47.1483537 ], [ -80.0266889, 47.1484541 ], [ -80.0264553, 47.1485444 ], [ -80.0255214, 47.1487128 ], [ -80.0251962, 47.1488341 ], [ -80.0250303, 47.1489997 ], [ -80.0246889, 47.1497792 ], [ -80.0245179, 47.1500359 ], [ -80.0242645, 47.1502973 ], [ -80.024237, 47.1503755 ], [ -80.0240559, 47.1505845 ], [ -80.0236477, 47.1509033 ], [ -80.0229204, 47.1510964 ], [ -80.0226837, 47.1511954 ], [ -80.0226811, 47.1512409 ], [ -80.0224776, 47.1514371 ], [ -80.0223447, 47.1516999 ], [ -80.0221228, 47.1519482 ], [ -80.0217828, 47.1521496 ], [ -80.0215823, 47.1523371 ], [ -80.0207058, 47.1529924 ], [ -80.0203429, 47.1536032 ], [ -80.0200823, 47.1538084 ], [ -80.0197667, 47.1539404 ], [ -80.0192699, 47.1540518 ], [ -80.0173565, 47.1540966 ], [ -80.0170841, 47.1541439 ], [ -80.0168388, 47.1543057 ], [ -80.0166794, 47.1544907 ], [ -80.0163465, 47.1547484 ], [ -80.0159591, 47.1549696 ], [ -80.0146845, 47.1555321 ], [ -80.0142945, 47.1557987 ], [ -80.0142308, 47.1560178 ], [ -80.0140929, 47.1561421 ], [ -80.0134967, 47.1564209 ], [ -80.012868, 47.1566393 ], [ -80.0124506, 47.1567546 ], [ -80.0116656, 47.1571493 ], [ -80.0112751, 47.1573792 ], [ -80.0110195, 47.1574934 ], [ -80.0109467, 47.157509 ], [ -80.0106886, 47.1576687 ], [ -80.0106061, 47.1576736 ], [ -80.0103077, 47.1579094 ], [ -80.0100959, 47.1582052 ], [ -80.0099421, 47.1583361 ], [ -80.0092207, 47.1585117 ], [ -80.0077877, 47.1584147 ], [ -80.0066234, 47.1584719 ], [ -80.0063974, 47.1584256 ], [ -80.005902, 47.1584179 ], [ -80.0053405, 47.1584453 ], [ -80.0053134, 47.1587898 ], [ -80.0052544, 47.1588811 ], [ -80.0053021, 47.1591276 ], [ -80.0054747, 47.159211 ], [ -80.0057848, 47.1591332 ], [ -80.0059309, 47.1591388 ], [ -80.0068675, 47.1593841 ], [ -80.0071506, 47.1594213 ], [ -80.0073797, 47.1592293 ], [ -80.0074525, 47.1592137 ], [ -80.0076114, 47.1592213 ], [ -80.0080196, 47.1593617 ], [ -80.0084157, 47.1593072 ], [ -80.008713, 47.1594569 ], [ -80.0088906, 47.1596788 ], [ -80.0096282, 47.1599924 ], [ -80.0102396, 47.1601293 ], [ -80.0110506, 47.1602345 ], [ -80.0112716, 47.1603717 ], [ -80.0113856, 47.1605832 ], [ -80.0116065, 47.1607204 ], [ -80.0120265, 47.1607892 ], [ -80.0124796, 47.1607256 ], [ -80.0126512, 47.1607354 ], [ -80.0129546, 47.1608677 ], [ -80.0130747, 47.1610618 ], [ -80.012982, 47.1614782 ], [ -80.0129041, 47.1615848 ], [ -80.012478, 47.1617629 ], [ -80.0123674, 47.1620386 ], [ -80.0123572, 47.1624501 ], [ -80.012266, 47.1629768 ], [ -80.0117653, 47.1644373 ], [ -80.0115326, 47.1648307 ], [ -80.0112535, 47.165088 ], [ -80.010752, 47.1653273 ], [ -80.0102484, 47.1654192 ], [ -80.0098649, 47.1657053 ], [ -80.0095777, 47.1658328 ], [ -80.0093796, 47.1659748 ], [ -80.0092798, 47.1661053 ], [ -80.009267, 47.1663328 ], [ -80.0091952, 47.166422 ], [ -80.0092125, 47.1665258 ], [ -80.0091203, 47.1667495 ], [ -80.0088616, 47.1671019 ], [ -80.0081129, 47.1678516 ], [ -80.0080334, 47.1680773 ], [ -80.0083103, 47.1685909 ], [ -80.0084198, 47.1687006 ], [ -80.0091983, 47.1687455 ], [ -80.0096576, 47.1688942 ], [ -80.0107105, 47.1694981 ], [ -80.0117045, 47.1699639 ], [ -80.0124912, 47.1701386 ], [ -80.0129072, 47.1701424 ], [ -80.0132397, 47.1700775 ], [ -80.013555, 47.1699088 ], [ -80.0137958, 47.1696452 ], [ -80.0138758, 47.1694563 ], [ -80.0138397, 47.1689087 ], [ -80.0138703, 47.1681333 ], [ -80.0139676, 47.1678186 ], [ -80.0141499, 47.1674537 ], [ -80.0143445, 47.1672835 ], [ -80.014626, 47.1672103 ], [ -80.0148873, 47.1670419 ], [ -80.015316, 47.1663592 ], [ -80.0158105, 47.1658342 ], [ -80.0161364, 47.1655202 ], [ -80.0164607, 47.1653254 ], [ -80.0167326, 47.1652414 ], [ -80.01692, 47.1652445 ], [ -80.0170763, 47.1652977 ], [ -80.0170961, 47.165356 ], [ -80.0173298, 47.1654953 ], [ -80.0175014, 47.165505 ], [ -80.0176308, 47.1654435 ], [ -80.0177621, 47.1652998 ], [ -80.0180269, 47.1651595 ], [ -80.0184464, 47.1651914 ], [ -80.0187677, 47.1650053 ], [ -80.0187784, 47.1646306 ], [ -80.0189556, 47.1643566 ], [ -80.0191598, 47.1641972 ], [ -80.0201475, 47.1637621 ], [ -80.0204265, 47.1635048 ], [ -80.0206286, 47.1631982 ], [ -80.0206418, 47.1630075 ], [ -80.0207752, 47.1627815 ], [ -80.0208108, 47.1626037 ], [ -80.0211402, 47.1623179 ], [ -80.0217435, 47.1620953 ], [ -80.0218153, 47.162006 ], [ -80.0217751, 47.1618525 ], [ -80.0218799, 47.161631 ], [ -80.0222684, 47.1614834 ], [ -80.0226889, 47.1613594 ], [ -80.0229312, 47.1612063 ], [ -80.0229358, 47.1610785 ], [ -80.0230198, 47.1609545 ], [ -80.0230987, 47.1609215 ], [ -80.0233614, 47.161093 ], [ -80.0235167, 47.1610725 ], [ -80.0240059, 47.160868 ], [ -80.0243047, 47.1608985 ], [ -80.024567, 47.1610332 ], [ -80.0245151, 47.1611808 ], [ -80.0239235, 47.1613319 ], [ -80.02381, 47.1613868 ], [ -80.0238874, 47.1614729 ], [ -80.0241353, 47.1614951 ], [ -80.0245457, 47.1617826 ], [ -80.0252581, 47.162551 ], [ -80.0251233, 47.1631257 ], [ -80.0249191, 47.1632851 ], [ -80.0246656, 47.1633171 ], [ -80.0245235, 47.1633764 ], [ -80.0245057, 47.1634653 ], [ -80.0243993, 47.1635765 ], [ -80.0241432, 47.1636539 ], [ -80.0241219, 47.1637147 ], [ -80.0243352, 47.1639883 ], [ -80.0244758, 47.164048 ], [ -80.0246723, 47.1640251 ], [ -80.0249559, 47.1638695 ], [ -80.0252822, 47.1638219 ], [ -80.0254782, 47.1637622 ], [ -80.0255266, 47.1635865 ], [ -80.0256376, 47.1635771 ], [ -80.0257175, 47.1636177 ], [ -80.0259614, 47.1638045 ], [ -80.0259676, 47.1640167 ], [ -80.0260287, 47.1640726 ], [ -80.0260481, 47.1643236 ], [ -80.0261387, 47.1644486 ], [ -80.0261571, 47.1648556 ], [ -80.0262182, 47.1649115 ], [ -80.0262137, 47.1650393 ], [ -80.0265152, 47.1652539 ], [ -80.0265513, 47.1653424 ], [ -80.0263151, 47.1654782 ], [ -80.0263331, 47.166537 ], [ -80.0263897, 47.1667207 ], [ -80.0263929, 47.1674006 ], [ -80.0263303, 47.1674638 ], [ -80.0263074, 47.1676437 ], [ -80.0262336, 47.1678152 ], [ -80.0260518, 47.1679875 ], [ -80.0255763, 47.1682678 ], [ -80.0254877, 47.16829 ], [ -80.0248014, 47.1687102 ], [ -80.0246669, 47.1688627 ], [ -80.024669, 47.1690099 ], [ -80.0247536, 47.1691523 ], [ -80.0249272, 47.1693092 ], [ -80.0249232, 47.1694738 ], [ -80.0247104, 47.1696961 ], [ -80.0241946, 47.1700524 ], [ -80.024187, 47.1701889 ], [ -80.0243474, 47.1703069 ], [ -80.0246753, 47.1703698 ], [ -80.0249544, 47.170342 ], [ -80.0253312, 47.1702659 ], [ -80.0256866, 47.1700211 ], [ -80.0259391, 47.1699155 ], [ -80.0261897, 47.1698922 ], [ -80.0264682, 47.1700571 ], [ -80.0267453, 47.1703411 ], [ -80.0267815, 47.1704297 ], [ -80.0269236, 47.1705998 ], [ -80.0270489, 47.1709325 ], [ -80.0271101, 47.1709884 ], [ -80.0271213, 47.1711096 ], [ -80.0272726, 47.1712537 ], [ -80.0274253, 47.1712787 ], [ -80.0275552, 47.171254 ], [ -80.0277844, 47.1712915 ], [ -80.0280828, 47.1715147 ], [ -80.028281, 47.1718318 ], [ -80.0284226, 47.1719651 ], [ -80.0285056, 47.171997 ], [ -80.028639, 47.1720005 ], [ -80.0287617, 47.1719196 ], [ -80.0287923, 47.1718327 ], [ -80.0289771, 47.1716518 ], [ -80.0291354, 47.1716226 ], [ -80.0292913, 47.1716389 ], [ -80.0294578, 47.1717396 ], [ -80.0294599, 47.1718868 ], [ -80.0293784, 47.1719653 ], [ -80.0292328, 47.1719966 ], [ -80.0291162, 47.1720602 ], [ -80.029267, 47.1721674 ], [ -80.0294009, 47.1722077 ], [ -80.0299495, 47.1726004 ], [ -80.0302699, 47.1730292 ], [ -80.0302294, 47.1737571 ], [ -80.0303466, 47.1741894 ], [ -80.0304715, 47.1744853 ], [ -80.030926, 47.1751839 ], [ -80.0312306, 47.1753898 ], [ -80.0317429, 47.1754644 ], [ -80.0321326, 47.1756199 ], [ -80.0324026, 47.1758477 ], [ -80.032718, 47.1763675 ], [ -80.03266, 47.1765324 ], [ -80.0324858, 47.1765682 ], [ -80.0322684, 47.1766888 ], [ -80.0322639, 47.1768166 ], [ -80.0324733, 47.1770252 ], [ -80.0326063, 47.177451 ], [ -80.0330633, 47.1778746 ], [ -80.0334384, 47.1783398 ], [ -80.0337359, 47.1784895 ], [ -80.0339875, 47.1785398 ], [ -80.0342274, 47.1786616 ], [ -80.0342743, 47.1788346 ], [ -80.0341624, 47.1792294 ], [ -80.0344015, 47.1797367 ], [ -80.0345238, 47.1798485 ], [ -80.0351438, 47.1814556 ], [ -80.035199, 47.181988 ], [ -80.0352515, 47.1821067 ], [ -80.0352241, 47.1824144 ], [ -80.0351905, 47.1825099 ], [ -80.0352808, 47.1828277 ], [ -80.035369, 47.1829982 ], [ -80.0361394, 47.1835648 ], [ -80.0362765, 47.1835964 ], [ -80.0365643, 47.1837352 ], [ -80.0366978, 47.1837387 ], [ -80.0367895, 47.1837077 ], [ -80.0367771, 47.1835129 ], [ -80.0368204, 47.1834282 ], [ -80.0370328, 47.1833986 ], [ -80.0373212, 47.1835743 ], [ -80.0375474, 47.1836204 ], [ -80.0379028, 47.1833755 ], [ -80.0383443, 47.1831538 ], [ -80.0384217, 47.1830104 ], [ -80.0385056, 47.1826569 ], [ -80.0385187, 47.1824662 ], [ -80.0381152, 47.182235 ], [ -80.0381676, 47.1821242 ], [ -80.0386895, 47.1817504 ], [ -80.0388448, 47.1815004 ], [ -80.0389688, 47.1810707 ], [ -80.0389723, 47.1808693 ], [ -80.0390516, 47.1806436 ], [ -80.0391379, 47.180015 ], [ -80.0392754, 47.1798538 ], [ -80.0396786, 47.1796259 ], [ -80.0396913, 47.1793985 ], [ -80.0396352, 47.1792516 ], [ -80.0396442, 47.178996 ], [ -80.0398636, 47.1787931 ], [ -80.0398655, 47.1784813 ], [ -80.0401037, 47.1782631 ], [ -80.0401505, 47.177977 ], [ -80.0399258, 47.1778117 ], [ -80.0397735, 47.1778236 ], [ -80.0396778, 47.1780191 ], [ -80.0392624, 47.1782817 ], [ -80.0387735, 47.1785232 ], [ -80.0385642, 47.1785441 ], [ -80.0378785, 47.1781199 ], [ -80.0378061, 47.1779428 ], [ -80.0377968, 47.1777393 ], [ -80.0378492, 47.1776285 ], [ -80.0377595, 47.1773476 ], [ -80.0376025, 47.1772577 ], [ -80.0375037, 47.1772323 ], [ -80.0370765, 47.1773369 ], [ -80.0369328, 47.1772859 ], [ -80.0367489, 47.1770814 ], [ -80.0364571, 47.1771072 ], [ -80.0360938, 47.1767999 ], [ -80.0361279, 47.1767412 ], [ -80.0363428, 47.1766662 ], [ -80.036383, 47.1765901 ], [ -80.0362521, 47.1765412 ], [ -80.0359908, 47.1764801 ], [ -80.0357284, 47.1763454 ], [ -80.035458, 47.1763104 ], [ -80.035293, 47.1763201 ], [ -80.035073, 47.1764862 ], [ -80.0349106, 47.1764504 ], [ -80.0347791, 47.1763647 ], [ -80.0347867, 47.1762282 ], [ -80.0349883, 47.1761143 ], [ -80.0357598, 47.1758731 ], [ -80.0364065, 47.1755657 ], [ -80.0364212, 47.1754854 ], [ -80.0362923, 47.1753542 ], [ -80.0361171, 47.1753164 ], [ -80.0359302, 47.1753501 ], [ -80.0354801, 47.1756346 ], [ -80.0352652, 47.1757097 ], [ -80.0349795, 47.175718 ], [ -80.0346107, 47.175465 ], [ -80.0344971, 47.1752903 ], [ -80.0341502, 47.1750132 ], [ -80.0338598, 47.1749199 ], [ -80.0333566, 47.1748193 ], [ -80.0329975, 47.1745769 ], [ -80.0329058, 47.1743783 ], [ -80.0329465, 47.1743391 ], [ -80.0329103, 47.1742505 ], [ -80.0329901, 47.173832 ], [ -80.0334146, 47.1730843 ], [ -80.0342333, 47.1725938 ], [ -80.0346503, 47.1724417 ], [ -80.035075, 47.1723826 ], [ -80.035708, 47.1724585 ], [ -80.0358328, 47.1725248 ], [ -80.0359601, 47.1725456 ], [ -80.0366687, 47.1730195 ], [ -80.0370874, 47.1732073 ], [ -80.0375172, 47.1732867 ], [ -80.0377556, 47.1732981 ], [ -80.0386434, 47.1736452 ], [ -80.0390259, 47.1737444 ], [ -80.0392673, 47.1737471 ], [ -80.0394531, 47.1736398 ], [ -80.0394871, 47.1733515 ], [ -80.0396108, 47.1733442 ], [ -80.0397356, 47.1734105 ], [ -80.0397784, 47.1735185 ], [ -80.0399481, 47.1736105 ], [ -80.0400779, 47.1735858 ], [ -80.0400753, 47.1734018 ], [ -80.0402066, 47.173258 ], [ -80.0404668, 47.1732454 ], [ -80.0406278, 47.1734002 ], [ -80.0406967, 47.1735492 ], [ -80.0409606, 47.1737943 ], [ -80.0414058, 47.1740598 ], [ -80.0418271, 47.1742021 ], [ -80.0420781, 47.1742156 ], [ -80.0422141, 47.1741735 ], [ -80.0422863, 47.1738915 ], [ -80.042204, 47.1734741 ], [ -80.0423424, 47.1731571 ], [ -80.0425989, 47.1728868 ], [ -80.0428885, 47.1727138 ], [ -80.0430657, 47.1726693 ], [ -80.0435964, 47.1726917 ], [ -80.0436341, 47.1726612 ], [ -80.0436294, 47.1725594 ], [ -80.04334, 47.1723102 ], [ -80.043289, 47.1720723 ], [ -80.0433566, 47.1719181 ], [ -80.043634, 47.1717798 ], [ -80.0450671, 47.1718395 ], [ -80.0453029, 47.1718964 ], [ -80.04539, 47.1719932 ], [ -80.045331, 47.1720846 ], [ -80.0451518, 47.1722114 ], [ -80.0452202, 47.1723235 ], [ -80.0455767, 47.1723818 ], [ -80.0458898, 47.1722952 ], [ -80.045774, 47.1719733 ], [ -80.0458115, 47.1717132 ], [ -80.0457498, 47.1716205 ], [ -80.0456153, 47.1715435 ], [ -80.0454055, 47.1715276 ], [ -80.0451952, 47.1714748 ], [ -80.0448208, 47.171276 ], [ -80.0445595, 47.1712149 ], [ -80.0441786, 47.1712261 ], [ -80.0424245, 47.1715822 ], [ -80.042037, 47.171574 ], [ -80.0415531, 47.1714949 ], [ -80.0407188, 47.1711107 ], [ -80.0404423, 47.1710931 ], [ -80.0402839, 47.1711223 ], [ -80.0400262, 47.1710894 ], [ -80.039602, 47.1709558 ], [ -80.0394115, 47.1709614 ], [ -80.0389879, 47.1710941 ], [ -80.038525, 47.171147 ], [ -80.0379781, 47.1710943 ], [ -80.0376806, 47.1709447 ], [ -80.0374321, 47.1708857 ], [ -80.0372162, 47.1708872 ], [ -80.0367289, 47.1710095 ], [ -80.0361016, 47.171109 ], [ -80.0354381, 47.1711198 ], [ -80.0344226, 47.1709447 ], [ -80.0331159, 47.170832 ], [ -80.0327537, 47.1705984 ], [ -80.0325887, 47.1703786 ], [ -80.0324765, 47.1700848 ], [ -80.0324774, 47.1696994 ], [ -80.0325797, 47.1695233 ], [ -80.0330389, 47.1692128 ], [ -80.0336728, 47.1689033 ], [ -80.0337327, 47.1684265 ], [ -80.0334717, 47.1677136 ], [ -80.0332527, 47.1674942 ], [ -80.0327729, 47.1672505 ], [ -80.0323488, 47.1671168 ], [ -80.0321293, 47.1670901 ], [ -80.0320025, 47.1671061 ], [ -80.0317973, 47.1671919 ], [ -80.0312246, 47.1675573 ], [ -80.0309965, 47.1675935 ], [ -80.0308692, 47.1675727 ], [ -80.0306609, 47.1674376 ], [ -80.0305518, 47.1671352 ], [ -80.0307925, 47.166642 ], [ -80.0311911, 47.1660829 ], [ -80.0314795, 47.1651477 ], [ -80.0315704, 47.1643914 ], [ -80.0317499, 47.1638424 ], [ -80.0318741, 47.1636423 ], [ -80.032148, 47.1634759 ], [ -80.0329905, 47.1633383 ], [ -80.0331982, 47.163207 ], [ -80.0332322, 47.1629188 ], [ -80.0333167, 47.1628316 ], [ -80.0337331, 47.1626426 ], [ -80.0338207, 47.1625468 ], [ -80.0338089, 47.1623888 ], [ -80.0335578, 47.1621458 ], [ -80.0335536, 47.1618513 ], [ -80.0336259, 47.1617989 ], [ -80.0336213, 47.1616971 ], [ -80.0333167, 47.1614912 ], [ -80.0330433, 47.1614649 ], [ -80.032806, 47.1612976 ], [ -80.0326899, 47.1611684 ], [ -80.032585, 47.1609309 ], [ -80.0325548, 47.1605955 ], [ -80.0321997, 47.159959 ], [ -80.0322358, 47.159818 ], [ -80.0323845, 47.1597781 ], [ -80.0325351, 47.1596558 ], [ -80.0325498, 47.1593461 ], [ -80.0327406, 47.1589183 ], [ -80.0328127, 47.1584068 ], [ -80.0328951, 47.1581724 ], [ -80.0329534, 47.1575852 ], [ -80.0328796, 47.1575272 ], [ -80.0328388, 47.1573369 ], [ -80.0323586, 47.1568269 ], [ -80.0319476, 47.1565026 ], [ -80.0318376, 47.1563561 ], [ -80.0316964, 47.1558005 ], [ -80.0317824, 47.1555943 ], [ -80.0319147, 47.1555241 ], [ -80.0320288, 47.155506 ], [ -80.032408, 47.155614 ], [ -80.0325373, 47.1555525 ], [ -80.0325806, 47.1554678 ], [ -80.0325505, 47.1553619 ], [ -80.0323794, 47.1551594 ], [ -80.0321905, 47.1550459 ], [ -80.0320663, 47.1550164 ], [ -80.0319533, 47.1551081 ], [ -80.0319778, 47.1552682 ], [ -80.0318286, 47.1552713 ], [ -80.0315766, 47.1551842 ], [ -80.0310237, 47.1546898 ], [ -80.0309635, 47.154478 ], [ -80.0310531, 47.1542999 ], [ -80.0311472, 47.1542235 ], [ -80.0311782, 47.1539439 ], [ -80.0310025, 47.1536398 ], [ -80.030784, 47.1534572 ], [ -80.030586, 47.1533697 ], [ -80.0302332, 47.1533395 ], [ -80.0301721, 47.1532836 ], [ -80.0301441, 47.1530954 ], [ -80.0301476, 47.1528941 ], [ -80.0300987, 47.1528034 ], [ -80.0298482, 47.1525972 ], [ -80.0298105, 47.1523982 ], [ -80.0301081, 47.1518961 ], [ -80.0301157, 47.1517596 ], [ -80.0299731, 47.1515527 ], [ -80.0298286, 47.1514281 ], [ -80.0299018, 47.1512197 ], [ -80.0300718, 47.151119 ], [ -80.0304917, 47.1511877 ], [ -80.0306174, 47.1510981 ], [ -80.0305863, 47.1509186 ], [ -80.0302172, 47.1506287 ], [ -80.0302625, 47.1504617 ], [ -80.0304299, 47.1504064 ], [ -80.0305663, 47.1504012 ], [ -80.0308, 47.1505404 ], [ -80.0309267, 47.1505244 ], [ -80.0310747, 47.1502182 ], [ -80.0312524, 47.1502105 ], [ -80.031344, 47.1504091 ], [ -80.03134, 47.1505737 ], [ -80.0312093, 47.1509838 ], [ -80.0310818, 47.1516147 ], [ -80.0311506, 47.1519932 ], [ -80.0313156, 47.152213 ], [ -80.0315183, 47.1526317 ], [ -80.0315923, 47.1531487 ], [ -80.0316412, 47.1532393 ], [ -80.0316331, 47.1535685 ], [ -80.0317834, 47.1538685 ], [ -80.0320298, 47.1540098 ], [ -80.0324778, 47.1540372 ], [ -80.0326341, 47.1540903 ], [ -80.0326306, 47.1542917 ], [ -80.0328668, 47.1543854 ] ], [ [ -80.0051598, 47.1654947 ], [ -80.0052433, 47.165334 ], [ -80.0053015, 47.1649395 ], [ -80.0052139, 47.1648058 ], [ -80.005134, 47.1647652 ], [ -80.0048418, 47.164754 ], [ -80.0042134, 47.1647796 ], [ -80.0038371, 47.1648924 ], [ -80.0035794, 47.1650889 ], [ -80.0034954, 47.1652129 ], [ -80.0034485, 47.165499 ], [ -80.0035146, 47.1656935 ], [ -80.0044509, 47.165902 ], [ -80.0048812, 47.1657888 ], [ -80.0051598, 47.1654947 ] ], [ [ -80.0259368, 47.1711086 ], [ -80.0259327, 47.1710437 ], [ -80.0260137, 47.1709284 ], [ -80.026364, 47.1707745 ], [ -80.0265402, 47.1706565 ], [ -80.0265065, 47.1705224 ], [ -80.0263624, 47.1704346 ], [ -80.0258797, 47.1704291 ], [ -80.0256281, 47.1703787 ], [ -80.0253388, 47.170359 ], [ -80.0252661, 47.1706041 ], [ -80.0251143, 47.1706528 ], [ -80.0248531, 47.1708212 ], [ -80.024654, 47.1708896 ], [ -80.0245634, 47.1709942 ], [ -80.0245583, 47.1710851 ], [ -80.024898, 47.171306 ], [ -80.02528, 47.1713685 ], [ -80.0253605, 47.1716754 ], [ -80.025829, 47.171798 ], [ -80.0259624, 47.1718014 ], [ -80.026405, 47.171883 ], [ -80.0266015, 47.1718601 ], [ -80.0266962, 47.1718205 ], [ -80.026739, 47.1716989 ], [ -80.0266951, 47.1715173 ], [ -80.0262867, 47.171377 ], [ -80.0260275, 47.1712337 ], [ -80.0259368, 47.1711086 ] ], [ [ -80.0060432, 47.1728105 ], [ -80.0061532, 47.1727275 ], [ -80.0061527, 47.1726907 ], [ -80.0059007, 47.1726035 ], [ -80.0053283, 47.1725465 ], [ -80.0050848, 47.172626 ], [ -80.0050634, 47.1726868 ], [ -80.0051378, 47.1727816 ], [ -80.0055008, 47.1728594 ], [ -80.0060432, 47.1728105 ] ], [ [ -80.0230871, 47.1751138 ], [ -80.0234309, 47.1749405 ], [ -80.0237109, 47.1747568 ], [ -80.0238627, 47.1747082 ], [ -80.0240287, 47.1745425 ], [ -80.0240103, 47.1743651 ], [ -80.0238428, 47.1744203 ], [ -80.0229374, 47.1748506 ], [ -80.0228044, 47.174884 ], [ -80.0225539, 47.1749072 ], [ -80.0223466, 47.1748458 ], [ -80.0221526, 47.1748232 ], [ -80.0218424, 47.174901 ], [ -80.0215348, 47.1749333 ], [ -80.0210917, 47.1748149 ], [ -80.0206186, 47.1748201 ], [ -80.0203248, 47.1749282 ], [ -80.0198873, 47.1752147 ], [ -80.0196933, 47.1754216 ], [ -80.0195792, 47.1756692 ], [ -80.0195721, 47.1758425 ], [ -80.0196607, 47.1760498 ], [ -80.0198151, 47.1761853 ], [ -80.0200351, 47.1762488 ], [ -80.0206518, 47.1762946 ], [ -80.0210007, 47.1762599 ], [ -80.0212426, 47.1760699 ], [ -80.021378, 47.1757616 ], [ -80.0217437, 47.1755643 ], [ -80.0220762, 47.1754993 ], [ -80.0226599, 47.1754479 ], [ -80.0228458, 47.1753406 ], [ -80.0230871, 47.1751138 ] ], [ [ -80.0256639, 47.1826786 ], [ -80.0259227, 47.1827852 ], [ -80.0260434, 47.1827866 ], [ -80.0262487, 47.1827008 ], [ -80.026271, 47.1824841 ], [ -80.0262185, 47.1823653 ], [ -80.02608, 47.1822233 ], [ -80.0259938, 47.1819705 ], [ -80.02584, 47.1818719 ], [ -80.0256653, 47.1818708 ], [ -80.0255976, 47.182025 ], [ -80.0255793, 47.1823067 ], [ -80.0254316, 47.1824202 ], [ -80.0250715, 47.1825634 ], [ -80.0246818, 47.1826374 ], [ -80.0245036, 47.1826082 ], [ -80.0241261, 47.1824179 ], [ -80.0239906, 47.1824968 ], [ -80.0239315, 47.1825881 ], [ -80.0239983, 47.1828194 ], [ -80.0240722, 47.1828774 ], [ -80.0240742, 47.1830246 ], [ -80.0245082, 47.1829395 ], [ -80.0246691, 47.1828648 ], [ -80.0248311, 47.1828638 ], [ -80.0249957, 47.1830468 ], [ -80.0251551, 47.1830912 ], [ -80.0252901, 47.1829756 ], [ -80.0253354, 47.1828085 ], [ -80.0254352, 47.1826779 ], [ -80.0256639, 47.1826786 ] ] ] } },
{ "type": "Feature", "properties": { "element": "relation", "id": 5644618, "natural": "wood", "source": "NRCan-CanVec-10.0", "type": "multipolygon" }, "geometry": { "type": "Polygon", "coordinates": [ [ [ -80.1369604, 47.1251962 ], [ -80.1376408, 47.1256737 ], [ -80.1379971, 47.1257316 ], [ -80.1384169, 47.1256071 ], [ -80.1389331, 47.1255533 ], [ -80.1392227, 47.1254169 ], [ -80.1393541, 47.1253097 ], [ -80.1394712, 47.125 ], [ -80.1395273, 47.1248516 ], [ -80.1397939, 47.1246655 ], [ -80.1398641, 47.1245025 ], [ -80.13989, 47.1237727 ], [ -80.1398312, 47.1236714 ], [ -80.1397979, 47.1233815 ], [ -80.1397367, 47.1233257 ], [ -80.1397336, 47.1231417 ], [ -80.1396597, 47.1230838 ], [ -80.1394809, 47.1226327 ], [ -80.1392579, 47.1223855 ], [ -80.1389823, 47.1222122 ], [ -80.1386466, 47.1220568 ], [ -80.1384812, 47.1218372 ], [ -80.1384703, 47.1217529 ], [ -80.1383219, 47.1216003 ], [ -80.1380293, 47.1215528 ], [ -80.1379008, 47.1214585 ], [ -80.1378572, 47.1213138 ], [ -80.1379153, 47.1211856 ], [ -80.1382279, 47.120906 ], [ -80.1382418, 47.120789 ], [ -80.1383011, 47.1207344 ], [ -80.1384664, 47.1201832 ], [ -80.1385003, 47.1199318 ], [ -80.1385754, 47.1198706 ], [ -80.1385978, 47.1191127 ], [ -80.1386583, 47.118939 ], [ -80.1386709, 47.1181703 ], [ -80.1386509, 47.1179193 ], [ -80.1385897, 47.1178635 ], [ -80.1385775, 47.1175129 ], [ -80.1385188, 47.1174116 ], [ -80.1385, 47.1172342 ], [ -80.1381764, 47.1166586 ], [ -80.1380183, 47.1164953 ], [ -80.1380013, 47.1164283 ], [ -80.1379117, 47.1163771 ], [ -80.1377209, 47.1161534 ], [ -80.1375512, 47.1160616 ], [ -80.1373768, 47.1160608 ], [ -80.1372544, 47.1161418 ], [ -80.1372648, 47.1167674 ], [ -80.1372127, 47.1168783 ], [ -80.1370589, 47.1169725 ], [ -80.1369002, 47.1169651 ], [ -80.13669, 47.1169126 ], [ -80.1365888, 47.1169329 ], [ -80.1365555, 47.1170284 ], [ -80.1366531, 47.1171727 ], [ -80.1366494, 47.1173373 ], [ -80.1365047, 47.1174055 ], [ -80.1363175, 47.1174026 ], [ -80.1358559, 47.1171074 ], [ -80.1355354, 47.1167158 ], [ -80.1355088, 47.1166381 ], [ -80.1349018, 47.1161816 ], [ -80.1347401, 47.1161829 ], [ -80.1346995, 47.1162221 ], [ -80.1347328, 47.1163193 ], [ -80.1346989, 47.116378 ], [ -80.1345693, 47.1164028 ], [ -80.1340683, 47.1160278 ], [ -80.1338666, 47.1159124 ], [ -80.1337903, 47.1157074 ], [ -80.1335765, 47.1156267 ], [ -80.133247, 47.1156466 ], [ -80.1330647, 47.1155527 ], [ -80.1328599, 47.1150607 ], [ -80.1328781, 47.1148159 ], [ -80.1329841, 47.114512 ], [ -80.1329278, 47.1143652 ], [ -80.1324826, 47.1141001 ], [ -80.1323305, 47.1141121 ], [ -80.1322815, 47.1142143 ], [ -80.1323717, 47.114495 ], [ -80.1322748, 47.1147729 ], [ -80.1321967, 47.1148428 ], [ -80.1320198, 47.1148874 ], [ -80.1318896, 47.1148754 ], [ -80.1316558, 47.1147365 ], [ -80.1316443, 47.1146153 ], [ -80.1318072, 47.114495 ], [ -80.1316946, 47.1143941 ], [ -80.1314547, 47.1142726 ], [ -80.1313124, 47.1141026 ], [ -80.1307521, 47.1135895 ], [ -80.1305517, 47.113355 ], [ -80.1305311, 47.1130672 ], [ -80.1304433, 47.1129337 ], [ -80.1304408, 47.1127865 ], [ -80.1305753, 47.1126707 ], [ -80.1307837, 47.1126128 ], [ -80.1309781, 47.112672 ], [ -80.1311525, 47.1126728 ], [ -80.1312785, 47.1126199 ], [ -80.1312767, 47.1125095 ], [ -80.1313645, 47.1124503 ], [ -80.131657, 47.1123052 ], [ -80.1316698, 47.1121146 ], [ -80.1317376, 47.1119972 ], [ -80.1317007, 47.1118719 ], [ -80.1313567, 47.1115866 ], [ -80.1311877, 47.1113389 ], [ -80.1311944, 47.110973 ], [ -80.1314172, 47.1104495 ], [ -80.1314506, 47.1101613 ], [ -80.1314173, 47.1098715 ], [ -80.1312519, 47.1096519 ], [ -80.1309528, 47.1093922 ], [ -80.1304065, 47.1091474 ], [ -80.1302315, 47.1091098 ], [ -80.1298069, 47.1091325 ], [ -80.1295519, 47.1092471 ], [ -80.1294272, 47.1093736 ], [ -80.1293563, 47.1098851 ], [ -80.1291879, 47.1102522 ], [ -80.1291867, 47.110564 ], [ -80.1292811, 47.1109097 ], [ -80.1292726, 47.1111652 ], [ -80.1290231, 47.1114182 ], [ -80.1290721, 47.1115088 ], [ -80.1292617, 47.1116589 ], [ -80.1292683, 47.111871 ], [ -80.1290763, 47.1119591 ], [ -80.1289055, 47.1119863 ], [ -80.1287747, 47.1119376 ], [ -80.1287123, 47.1118081 ], [ -80.1286942, 47.1114749 ], [ -80.1286258, 47.1113628 ], [ -80.1281152, 47.110977 ], [ -80.127959, 47.1107314 ], [ -80.1279639, 47.1104477 ], [ -80.1280457, 47.1102133 ], [ -80.128767, 47.1095323 ], [ -80.1288161, 47.1094302 ], [ -80.1293557, 47.1090775 ], [ -80.1298275, 47.1088423 ], [ -80.1299026, 47.1085884 ], [ -80.1298161, 47.1081431 ], [ -80.1292099, 47.107338 ], [ -80.1290264, 47.1069779 ], [ -80.1289859, 47.1068245 ], [ -80.1288987, 47.1067277 ], [ -80.1288963, 47.1065805 ], [ -80.1292754, 47.10611 ], [ -80.1293105, 47.1059322 ], [ -80.1292222, 47.1055692 ], [ -80.1292573, 47.1051987 ], [ -80.1292428, 47.1050863 ], [ -80.1291126, 47.1050743 ], [ -80.1288849, 47.1051107 ], [ -80.1286784, 47.1052789 ], [ -80.1281255, 47.1055927 ], [ -80.127747, 47.1057147 ], [ -80.1275374, 47.105699 ], [ -80.1274351, 47.1056456 ], [ -80.1273976, 47.1054835 ], [ -80.1275539, 47.1051511 ], [ -80.1275224, 47.1049717 ], [ -80.1273837, 47.1048298 ], [ -80.1272972, 47.1039992 ], [ -80.1272258, 47.1038958 ], [ -80.1272185, 47.1036469 ], [ -80.1274269, 47.1033963 ], [ -80.1277248, 47.1031971 ], [ -80.1278932, 47.1028299 ], [ -80.1281875, 47.1026025 ], [ -80.128262, 47.1025045 ], [ -80.1281809, 47.1021977 ], [ -80.1282039, 47.1020547 ], [ -80.1283117, 47.1018612 ], [ -80.128468, 47.1017214 ], [ -80.1285213, 47.1014916 ], [ -80.1284771, 47.10131 ], [ -80.1283875, 47.1012588 ], [ -80.128376, 47.1011376 ], [ -80.1283148, 47.1010818 ], [ -80.1282894, 47.100885 ], [ -80.1283863, 47.1007998 ], [ -80.1290227, 47.1007473 ], [ -80.1291505, 47.1008048 ], [ -80.1293218, 47.101007 ], [ -80.1293787, 47.1011906 ], [ -80.1291843, 47.1017095 ], [ -80.1289838, 47.1020531 ], [ -80.129028, 47.1022346 ], [ -80.1292242, 47.1024041 ], [ -80.1296396, 47.1024074 ], [ -80.1297401, 47.102543 ], [ -80.1296008, 47.1027498 ], [ -80.1295718, 47.1029102 ], [ -80.1296462, 47.1030049 ], [ -80.1299696, 47.1031951 ], [ -80.1300186, 47.1032856 ], [ -80.1299901, 47.1034829 ], [ -80.1296577, 47.1037041 ], [ -80.1296534, 47.1038318 ], [ -80.1299453, 47.1040353 ], [ -80.1302705, 47.1041432 ], [ -80.1304164, 47.1043412 ], [ -80.1303964, 47.104861 ], [ -80.1304896, 47.1053257 ], [ -80.1314192, 47.1065136 ], [ -80.1314791, 47.1066885 ], [ -80.1316626, 47.106856 ], [ -80.1319521, 47.1069122 ], [ -80.1321792, 47.1070317 ], [ -80.1320411, 47.107312 ], [ -80.1320556, 47.1074245 ], [ -80.1326667, 47.1081386 ], [ -80.1329029, 47.1086174 ], [ -80.1330361, 47.1091987 ], [ -80.133004, 47.1093678 ], [ -80.1329265, 47.1094745 ], [ -80.1326715, 47.1095891 ], [ -80.1327085, 47.1097143 ], [ -80.1331984, 47.110005 ], [ -80.1334092, 47.110287 ], [ -80.1335394, 47.1106844 ], [ -80.1335467, 47.1109333 ], [ -80.1338005, 47.1117085 ], [ -80.1337593, 47.1119037 ], [ -80.1336727, 47.1120364 ], [ -80.1334135, 47.1122787 ], [ -80.1332863, 47.1124508 ], [ -80.1333366, 47.1126149 ], [ -80.1334202, 47.1126835 ], [ -80.1336212, 47.1127621 ], [ -80.1338684, 47.1127472 ], [ -80.1340755, 47.1126157 ], [ -80.1341306, 47.1123035 ], [ -80.1343232, 47.1122523 ], [ -80.1347072, 47.1122688 ], [ -80.1348265, 47.1121964 ], [ -80.1347932, 47.1120993 ], [ -80.1348416, 47.1119603 ], [ -80.1349961, 47.1119029 ], [ -80.1354642, 47.1118321 ], [ -80.1355545, 47.1117275 ], [ -80.1355115, 47.1116196 ], [ -80.135208, 47.1114877 ], [ -80.1352129, 47.1113968 ], [ -80.1354315, 47.1111937 ], [ -80.1355175, 47.1110242 ], [ -80.135509, 47.1107017 ], [ -80.1356446, 47.1102741 ], [ -80.1355144, 47.1098768 ], [ -80.1352612, 47.109331 ], [ -80.135243, 47.1091904 ], [ -80.1351715, 47.1090871 ], [ -80.1348499, 47.1080439 ], [ -80.1348384, 47.1075374 ], [ -80.1350206, 47.1072459 ], [ -80.1350721, 47.1069056 ], [ -80.1350036, 47.1066008 ], [ -80.1340032, 47.1055391 ], [ -80.1338826, 47.1051525 ], [ -80.1336671, 47.1047688 ], [ -80.1334854, 47.104519 ], [ -80.1333213, 47.1043731 ], [ -80.1329458, 47.1039084 ], [ -80.1329283, 47.1038046 ], [ -80.1328283, 47.1037058 ], [ -80.1327127, 47.1034209 ], [ -80.1326206, 47.1030297 ], [ -80.1327411, 47.1020676 ], [ -80.1328199, 47.1018418 ], [ -80.1329458, 47.1012109 ], [ -80.1329979, 47.1007147 ], [ -80.1329906, 47.1004658 ], [ -80.1327859, 47.0993958 ], [ -80.1327526, 47.0989133 ], [ -80.1326733, 47.0985242 ], [ -80.1325716, 47.098315 ], [ -80.1323149, 47.0983192 ], [ -80.1314969, 47.0985073 ], [ -80.1312486, 47.0984486 ], [ -80.131024, 47.0982836 ], [ -80.1309447, 47.0980872 ], [ -80.1308018, 47.0978805 ], [ -80.1306408, 47.0977258 ], [ -80.1304942, 47.097491 ], [ -80.1304827, 47.0973698 ], [ -80.1306299, 47.0970635 ], [ -80.130579, 47.0968625 ], [ -80.1303859, 47.0966843 ], [ -80.1303556, 47.0965785 ], [ -80.1304356, 47.0964263 ], [ -80.1305809, 47.0963949 ], [ -80.1307365, 47.096411 ], [ -80.1309157, 47.0963209 ], [ -80.1309871, 47.0962316 ], [ -80.1310223, 47.0960538 ], [ -80.1306705, 47.0954828 ], [ -80.1305113, 47.0946679 ], [ -80.1305785, 47.0945137 ], [ -80.1308159, 47.0944881 ], [ -80.130963, 47.0943744 ], [ -80.131009, 47.0942809 ], [ -80.130894, 47.0940329 ], [ -80.130285, 47.0932365 ], [ -80.1300398, 47.0929765 ], [ -80.1299672, 47.0927995 ], [ -80.1298001, 47.0926622 ], [ -80.1295368, 47.0922616 ], [ -80.1293527, 47.0920573 ], [ -80.1289847, 47.0918415 ], [ -80.128639, 47.0918312 ], [ -80.1285621, 47.091782 ], [ -80.1284459, 47.0918456 ], [ -80.1280633, 47.0919027 ], [ -80.1278029, 47.0920713 ], [ -80.1274626, 47.0927775 ], [ -80.1273034, 47.0929259 ], [ -80.1271393, 47.0929726 ], [ -80.1268354, 47.0928039 ], [ -80.1263373, 47.0921907 ], [ -80.1256188, 47.0916702 ], [ -80.125333, 47.091642 ], [ -80.125, 47.0917019 ], [ -80.125, 47.0782039 ], [ -80.1252051, 47.0781437 ], [ -80.1254333, 47.0781442 ], [ -80.1257558, 47.0782976 ], [ -80.1260597, 47.0782736 ], [ -80.126326, 47.0780876 ], [ -80.1263211, 47.0779859 ], [ -80.1259012, 47.0774956 ], [ -80.125848, 47.0773401 ], [ -80.1258704, 47.0771603 ], [ -80.1259449, 47.0770623 ], [ -80.1258789, 47.0769048 ], [ -80.1256992, 47.0767654 ], [ -80.1253845, 47.0767051 ], [ -80.125, 47.0767438 ], [ -80.125, 47.0735022 ], [ -80.1252017, 47.0734551 ], [ -80.1255303, 47.0732059 ], [ -80.1256768, 47.0730554 ], [ -80.1260278, 47.072819 ], [ -80.1263576, 47.0726433 ], [ -80.1265688, 47.0725767 ], [ -80.1271225, 47.0725292 ], [ -80.1274511, 47.0724726 ], [ -80.1281155, 47.0722229 ], [ -80.1285966, 47.0719985 ], [ -80.1287594, 47.0718782 ], [ -80.1306582, 47.0711688 ], [ -80.1314315, 47.0709919 ], [ -80.1322593, 47.0708513 ], [ -80.1325195, 47.0708753 ], [ -80.1331567, 47.071089 ], [ -80.1333134, 47.0709861 ], [ -80.1333624, 47.070884 ], [ -80.1333775, 47.0706479 ], [ -80.1334943, 47.0704284 ], [ -80.1337986, 47.0702486 ], [ -80.1339602, 47.0702473 ], [ -80.1343432, 47.0704197 ], [ -80.1344225, 47.0704234 ], [ -80.1346815, 47.0703738 ], [ -80.1348533, 47.0702275 ], [ -80.1350699, 47.0701068 ], [ -80.135767, 47.07011 ], [ -80.136291, 47.0701861 ], [ -80.1372361, 47.0702481 ], [ -80.1377861, 47.070365 ], [ -80.1379011, 47.0704204 ], [ -80.138263, 47.0704609 ], [ -80.1384905, 47.0704245 ], [ -80.1385909, 47.0701748 ], [ -80.1387476, 47.0700718 ], [ -80.1393581, 47.0698225 ], [ -80.1394295, 47.0697332 ], [ -80.1397592, 47.0695575 ], [ -80.1400763, 47.0695724 ], [ -80.1406723, 47.0697885 ], [ -80.1410251, 47.069855 ], [ -80.1414147, 47.0698542 ], [ -80.1420664, 47.069795 ], [ -80.142352, 47.0698231 ], [ -80.1427726, 47.0699648 ], [ -80.1429039, 47.0700504 ], [ -80.1429529, 47.0701409 ], [ -80.1429118, 47.0703361 ], [ -80.1430625, 47.0704431 ], [ -80.1433614, 47.0705101 ], [ -80.1437438, 47.070453 ], [ -80.1439036, 47.070534 ], [ -80.1440337, 47.0705459 ], [ -80.1441626, 47.0704843 ], [ -80.1441668, 47.0703566 ], [ -80.1442405, 47.0702218 ], [ -80.1451668, 47.0699137 ], [ -80.1462025, 47.0693298 ], [ -80.1468855, 47.0688721 ], [ -80.1484711, 47.0680198 ], [ -80.1486416, 47.0677998 ], [ -80.1491491, 47.0674603 ], [ -80.1497626, 47.0673949 ], [ -80.150134, 47.0672534 ], [ -80.1506627, 47.0668531 ], [ -80.1508985, 47.0665612 ], [ -80.1522326, 47.0652736 ], [ -80.1523966, 47.0652269 ], [ -80.1525745, 47.0652558 ], [ -80.1527021, 47.0653132 ], [ -80.1527421, 47.0654298 ], [ -80.1526557, 47.0655625 ], [ -80.1526648, 47.0657291 ], [ -80.1529372, 47.0659109 ], [ -80.1529046, 47.0660432 ], [ -80.1528121, 47.0661933 ], [ -80.1528079, 47.0663211 ], [ -80.1529168, 47.0663938 ], [ -80.1530657, 47.0663905 ], [ -80.1534873, 47.0662205 ], [ -80.1536669, 47.0659744 ], [ -80.1538586, 47.0658863 ], [ -80.1540322, 47.0658503 ], [ -80.1545048, 47.0658812 ], [ -80.1546681, 47.0657977 ], [ -80.1546692, 47.0656786 ], [ -80.1542032, 47.0652819 ], [ -80.1541625, 47.0649359 ], [ -80.154085, 47.0648499 ], [ -80.153996, 47.0648354 ], [ -80.1537431, 47.0646751 ], [ -80.1538289, 47.0645056 ], [ -80.1539801, 47.0644568 ], [ -80.1540726, 47.0643067 ], [ -80.1539861, 47.0642468 ], [ -80.1539974, 47.0639826 ], [ -80.1542719, 47.063541 ], [ -80.1544932, 47.0633293 ], [ -80.155121, 47.062991 ], [ -80.1550737, 47.0628182 ], [ -80.1549084, 47.0625987 ], [ -80.1547778, 47.0625 ], [ -80.1616584, 47.0625 ], [ -80.1618816, 47.0628506 ], [ -80.1619298, 47.0634455 ], [ -80.1620898, 47.0639118 ], [ -80.1623102, 47.0642044 ], [ -80.1627339, 47.06453 ], [ -80.162783, 47.0646205 ], [ -80.1627655, 47.0647094 ], [ -80.1626899, 47.0647338 ], [ -80.1624261, 47.0646818 ], [ -80.1623475, 47.0647149 ], [ -80.162376, 47.064903 ], [ -80.1624899, 47.0650774 ], [ -80.1625234, 47.0653672 ], [ -80.1626457, 47.0654788 ], [ -80.162869, 47.0655701 ], [ -80.1633536, 47.0655662 ], [ -80.1641321, 47.0653348 ], [ -80.1645006, 47.0653947 ], [ -80.1646267, 47.065727 ], [ -80.1646878, 47.0657828 ], [ -80.1646967, 47.0662979 ], [ -80.1646253, 47.0663872 ], [ -80.1646261, 47.0666166 ], [ -80.1648753, 47.0665562 ], [ -80.1649625, 47.0666529 ], [ -80.1649517, 47.0667612 ], [ -80.1648513, 47.0668183 ], [ -80.1647729, 47.067044 ], [ -80.1646543, 47.0671532 ], [ -80.1644124, 47.0672699 ], [ -80.1642909, 47.0673877 ], [ -80.1642844, 47.067561 ], [ -80.1642094, 47.0676222 ], [ -80.1641893, 47.0682977 ], [ -80.1641173, 47.0683502 ], [ -80.1641122, 47.0687897 ], [ -80.164188, 47.0689579 ], [ -80.1647115, 47.0691896 ], [ -80.165291, 47.0689902 ], [ -80.1657463, 47.0693026 ], [ -80.1657826, 47.069391 ], [ -80.1656064, 47.0700137 ], [ -80.1656901, 47.0702749 ], [ -80.1657767, 47.0703348 ], [ -80.1658862, 47.0702517 ], [ -80.1660403, 47.0700015 ], [ -80.1660854, 47.0696786 ], [ -80.1659954, 47.0690495 ], [ -80.1661989, 47.0685413 ], [ -80.1665307, 47.0681274 ], [ -80.1668264, 47.0678176 ], [ -80.1669267, 47.0677605 ], [ -80.1669479, 47.0676997 ], [ -80.1672025, 47.0675851 ], [ -80.167332, 47.0675603 ], [ -80.1673688, 47.0674929 ], [ -80.16729, 47.0673333 ], [ -80.1673359, 47.0672399 ], [ -80.1677091, 47.0670161 ], [ -80.1685606, 47.0666131 ], [ -80.1690148, 47.0663107 ], [ -80.1693472, 47.0659336 ], [ -80.1695399, 47.0655338 ], [ -80.1696342, 47.065494 ], [ -80.1697105, 47.0655064 ], [ -80.1697543, 47.0658437 ], [ -80.1697056, 47.0661385 ], [ -80.1693496, 47.0666219 ], [ -80.169233, 47.0668415 ], [ -80.1692271, 47.0670515 ], [ -80.1695637, 47.0672804 ], [ -80.1697647, 47.0673588 ], [ -80.1701211, 47.0674534 ], [ -80.1708031, 47.0674998 ], [ -80.1713288, 47.0674934 ], [ -80.1718286, 47.0674461 ], [ -80.1718861, 47.0674737 ], [ -80.1719901, 47.0674447 ], [ -80.1729408, 47.0676448 ], [ -80.1731114, 47.0676175 ], [ -80.1734966, 47.0673589 ], [ -80.1735769, 47.0672436 ], [ -80.1735533, 47.0671572 ], [ -80.1731887, 47.066777 ], [ -80.1731049, 47.0665158 ], [ -80.1731901, 47.0663094 ], [ -80.1736101, 47.0658731 ], [ -80.1736511, 47.065678 ], [ -80.173643, 47.0653923 ], [ -80.1734789, 47.0652464 ], [ -80.1729032, 47.0649329 ], [ -80.1727355, 47.064759 ], [ -80.1725542, 47.0643535 ], [ -80.1723944, 47.0642725 ], [ -80.1719895, 47.0641243 ], [ -80.1717705, 47.0640979 ], [ -80.1715751, 47.0641579 ], [ -80.1714263, 47.0641613 ], [ -80.1708186, 47.0638242 ], [ -80.1705608, 47.0637549 ], [ -80.1699583, 47.0639048 ], [ -80.1697617, 47.0638912 ], [ -80.1697133, 47.0638375 ], [ -80.1697047, 47.0637077 ], [ -80.1700549, 47.0636269 ], [ -80.1701299, 47.0635657 ], [ -80.1701267, 47.0633818 ], [ -80.1699529, 47.0632252 ], [ -80.169957, 47.0630974 ], [ -80.1700434, 47.0629647 ], [ -80.1698436, 47.0627672 ], [ -80.16929, 47.0626223 ], [ -80.1685842, 47.0625 ], [ -80.1734991, 47.0625 ], [ -80.1735653, 47.0625639 ], [ -80.1735726, 47.0626201 ], [ -80.1738166, 47.0628064 ], [ -80.1740526, 47.0628997 ], [ -80.1743352, 47.0629364 ], [ -80.1748255, 47.0632636 ], [ -80.175315, 47.0633613 ], [ -80.1754494, 47.0634382 ], [ -80.1755312, 47.063589 ], [ -80.1757356, 47.0640441 ], [ -80.1759929, 47.0642693 ], [ -80.1763282, 47.0644245 ], [ -80.1764517, 47.064417 ], [ -80.1764818, 47.0643302 ], [ -80.1763462, 47.0641798 ], [ -80.1763727, 47.0640649 ], [ -80.1764881, 47.0639644 ], [ -80.1764481, 47.0638478 ], [ -80.1756713, 47.0632632 ], [ -80.1756482, 47.0632136 ], [ -80.1749985, 47.0626496 ], [ -80.1750007, 47.0625 ], [ -80.2125688, 47.0625 ], [ -80.2125332, 47.0627047 ], [ -80.2125496, 47.0630833 ], [ -80.2124687, 47.063162 ], [ -80.2124607, 47.0634174 ], [ -80.2123775, 47.0635415 ], [ -80.2123771, 47.0636974 ], [ -80.2123029, 47.0637954 ], [ -80.2122936, 47.0639773 ], [ -80.2122193, 47.0640754 ], [ -80.2122123, 47.0642118 ], [ -80.2121344, 47.0642817 ], [ -80.2121341, 47.0644376 ], [ -80.2120562, 47.0645075 ], [ -80.2120482, 47.064763 ], [ -80.2119672, 47.0648416 ], [ -80.2118897, 47.0651042 ], [ -80.2118773, 47.0652948 ], [ -80.2117994, 47.0653647 ], [ -80.2118014, 47.0654751 ], [ -80.2117175, 47.0655624 ], [ -80.2117202, 47.0657096 ], [ -80.2116265, 47.0657861 ], [ -80.2116322, 47.0659246 ], [ -80.2115416, 47.0659925 ], [ -80.2115406, 47.0661115 ], [ -80.2114687, 47.0661641 ], [ -80.2114296, 47.066277 ], [ -80.211258, 47.0664235 ], [ -80.2109242, 47.0665346 ], [ -80.2108058, 47.0666438 ], [ -80.2104865, 47.0673717 ], [ -80.2104216, 47.0676363 ], [ -80.2102909, 47.0679361 ], [ -80.210117, 47.0684766 ], [ -80.2100106, 47.0688996 ], [ -80.2099799, 47.0692982 ], [ -80.2098097, 47.0702152 ], [ -80.2099328, 47.0703636 ], [ -80.2099331, 47.0705562 ], [ -80.20969, 47.0712964 ], [ -80.2091568, 47.0726409 ], [ -80.2091505, 47.0728141 ], [ -80.2090956, 47.0729336 ], [ -80.209024, 47.0735273 ], [ -80.2090709, 47.0736633 ], [ -80.2093793, 47.0738966 ], [ -80.2094, 47.0739917 ], [ -80.2093796, 47.0740893 ], [ -80.2091716, 47.0744959 ], [ -80.2092746, 47.0745859 ], [ -80.2094834, 47.0745646 ], [ -80.2098868, 47.0744465 ], [ -80.2103842, 47.0744444 ], [ -80.2111863, 47.0739505 ], [ -80.2115586, 47.0736898 ], [ -80.2115797, 47.073629 ], [ -80.2116389, 47.0735743 ], [ -80.2116502, 47.0731543 ], [ -80.2115599, 47.0730663 ], [ -80.2115542, 47.0729278 ], [ -80.2114662, 47.0727944 ], [ -80.2114766, 47.0724934 ], [ -80.2114311, 47.072431 ], [ -80.2114709, 47.0723549 ], [ -80.2114374, 47.0722578 ], [ -80.2114715, 47.0716947 ], [ -80.211521, 47.0716293 ], [ -80.2115584, 47.0712502 ], [ -80.211549, 47.0707351 ], [ -80.2114781, 47.0706686 ], [ -80.2113858, 47.0704702 ], [ -80.2113911, 47.0704161 ], [ -80.2115603, 47.0703151 ], [ -80.2119607, 47.0702056 ], [ -80.2122925, 47.0699841 ], [ -80.2123316, 47.0698712 ], [ -80.2123908, 47.0698166 ], [ -80.2123925, 47.0697343 ], [ -80.2124824, 47.0696297 ], [ -80.2125784, 47.0691591 ], [ -80.2127188, 47.06887 ], [ -80.2132994, 47.0680468 ], [ -80.2137227, 47.0672899 ], [ -80.21423, 47.0667942 ], [ -80.2142721, 47.0666727 ], [ -80.2143688, 47.0665874 ], [ -80.2144831, 47.0662574 ], [ -80.214654, 47.0660741 ], [ -80.2146623, 47.0660113 ], [ -80.2153154, 47.0655208 ], [ -80.2153335, 47.0654687 ], [ -80.2156481, 47.0651803 ], [ -80.2158327, 47.06488 ], [ -80.2159019, 47.0646803 ], [ -80.2159979, 47.0645582 ], [ -80.2162232, 47.0644113 ], [ -80.2167851, 47.0643004 ], [ -80.2169603, 47.064182 ], [ -80.2170706, 47.0639797 ], [ -80.2171521, 47.0635894 ], [ -80.2170645, 47.0633001 ], [ -80.2168162, 47.0628931 ], [ -80.216451, 47.062669 ], [ -80.2161079, 47.0626135 ], [ -80.2156898, 47.0626192 ], [ -80.2154742, 47.0627769 ], [ -80.2154792, 47.0628786 ], [ -80.2155561, 47.0629278 ], [ -80.2155618, 47.0630662 ], [ -80.2153635, 47.063135 ], [ -80.2151512, 47.0631282 ], [ -80.2150468, 47.0629646 ], [ -80.2150524, 47.0627546 ], [ -80.2152226, 47.0625345 ], [ -80.2152364, 47.0625 ], [ -80.2476502, 47.0625 ], [ -80.2476469, 47.0625281 ], [ -80.247726, 47.0626876 ], [ -80.2482668, 47.0631417 ], [ -80.2487625, 47.0638819 ], [ -80.2492814, 47.0645158 ], [ -80.2496087, 47.0647337 ], [ -80.2498188, 47.0647859 ], [ -80.25, 47.0647988 ], [ -80.25, 47.1237534 ], [ -80.2497713, 47.1238741 ], [ -80.2496398, 47.1242932 ], [ -80.2496355, 47.1247327 ], [ -80.249724, 47.125 ], [ -80.248823, 47.125 ], [ -80.2486828, 47.1248452 ], [ -80.2485502, 47.1248788 ], [ -80.2484891, 47.125 ], [ -80.2482418, 47.125 ], [ -80.2482415, 47.1249942 ], [ -80.2484178, 47.1247566 ], [ -80.2484113, 47.1245813 ], [ -80.248293, 47.1245347 ], [ -80.248156, 47.1245034 ], [ -80.2478869, 47.1246985 ], [ -80.2476194, 47.125 ], [ -80.2427836, 47.125 ], [ -80.2428154, 47.1249081 ], [ -80.2427628, 47.1244777 ], [ -80.2428493, 47.124189 ], [ -80.2434018, 47.1237186 ], [ -80.2434045, 47.1233613 ], [ -80.2426447, 47.1226059 ], [ -80.2424332, 47.1223242 ], [ -80.2423145, 47.1220849 ], [ -80.2420923, 47.1219115 ], [ -80.2417975, 47.1217539 ], [ -80.2416808, 47.121625 ], [ -80.2415799, 47.1214895 ], [ -80.2414165, 47.1210687 ], [ -80.241243, 47.120949 ], [ -80.2407892, 47.12094 ], [ -80.2402753, 47.1206003 ], [ -80.2402859, 47.120492 ], [ -80.2404643, 47.1203648 ], [ -80.2403745, 47.1203137 ], [ -80.2396287, 47.1202943 ], [ -80.2392666, 47.1200983 ], [ -80.2390215, 47.1197194 ], [ -80.2390187, 47.1190677 ], [ -80.2390967, 47.1189977 ], [ -80.2391036, 47.1188613 ], [ -80.2391786, 47.1188 ], [ -80.2391892, 47.1186917 ], [ -80.2392702, 47.118613 ], [ -80.2392621, 47.11852 ], [ -80.2390946, 47.1183829 ], [ -80.2390775, 47.1183159 ], [ -80.2391099, 47.1181836 ], [ -80.2393512, 47.1180299 ], [ -80.2393655, 47.1179496 ], [ -80.2396138, 47.1176595 ], [ -80.2397389, 47.1175696 ], [ -80.2399883, 47.117509 ], [ -80.2400277, 47.1172402 ], [ -80.2399312, 47.1171696 ], [ -80.239939, 47.116914 ], [ -80.2397886, 47.1168439 ], [ -80.2390279, 47.1168679 ], [ -80.2383111, 47.1170366 ], [ -80.2381163, 47.1171336 ], [ -80.2381107, 47.1173437 ], [ -80.2382609, 47.1175697 ], [ -80.2382681, 47.1177818 ], [ -80.2381961, 47.1178344 ], [ -80.238192, 47.118118 ], [ -80.2383421, 47.118344 ], [ -80.2383396, 47.1185454 ], [ -80.2382677, 47.118598 ], [ -80.2381855, 47.1189516 ], [ -80.2381136, 47.1190042 ], [ -80.2380661, 47.11918 ], [ -80.2380166, 47.1192454 ], [ -80.2376886, 47.1203482 ], [ -80.2372623, 47.1209581 ], [ -80.2372765, 47.1210338 ], [ -80.2374419, 47.1210605 ], [ -80.2377078, 47.12103 ], [ -80.2378559, 47.1211456 ], [ -80.2377022, 47.1212401 ], [ -80.2372348, 47.1213481 ], [ -80.2371133, 47.1214661 ], [ -80.2371483, 47.1216368 ], [ -80.2372341, 47.1218158 ], [ -80.2373755, 47.121912 ], [ -80.2375701, 47.1219709 ], [ -80.2379445, 47.1219762 ], [ -80.2381211, 47.1220873 ], [ -80.2382069, 47.1222662 ], [ -80.238281, 47.122324 ], [ -80.2382831, 47.1224344 ], [ -80.2384483, 47.122617 ], [ -80.2384564, 47.12271 ], [ -80.2388764, 47.1232822 ], [ -80.2391203, 47.1234317 ], [ -80.2394519, 47.1235218 ], [ -80.2394515, 47.1238336 ], [ -80.2395353, 47.1239022 ], [ -80.2395397, 47.1239671 ], [ -80.2397836, 47.1241165 ], [ -80.2402881, 47.1242896 ], [ -80.2402962, 47.1243826 ], [ -80.2404271, 47.1244312 ], [ -80.2407551, 47.1244933 ], [ -80.2409168, 47.1244919 ], [ -80.2409626, 47.1243984 ], [ -80.2409478, 47.1242859 ], [ -80.241061, 47.1242308 ], [ -80.2411343, 47.1242518 ], [ -80.2415659, 47.1245966 ], [ -80.2416, 47.1248864 ], [ -80.2415273, 47.125 ], [ -80.2335297, 47.125 ], [ -80.2327059, 47.1242588 ], [ -80.2318017, 47.1235717 ], [ -80.2315802, 47.123435 ], [ -80.2312584, 47.1233556 ], [ -80.2312394, 47.1235268 ], [ -80.2313738, 47.1237594 ], [ -80.2321817, 47.1247245 ], [ -80.2324484, 47.125 ], [ -80.2033665, 47.125 ], [ -80.2036461, 47.1248114 ], [ -80.203698, 47.1247006 ], [ -80.2036817, 47.1243218 ], [ -80.2036197, 47.1242293 ], [ -80.2034791, 47.1241698 ], [ -80.2031793, 47.1242589 ], [ -80.2027269, 47.1243234 ], [ -80.2020621, 47.1242251 ], [ -80.2018056, 47.1240735 ], [ -80.2017695, 47.1238291 ], [ -80.2014383, 47.1235829 ], [ -80.2014356, 47.1234357 ], [ -80.2013616, 47.1233779 ], [ -80.201221, 47.1233185 ], [ -80.200806, 47.1233523 ], [ -80.2005968, 47.1231808 ], [ -80.2004725, 47.1231515 ], [ -80.2003359, 47.1233129 ], [ -80.2003101, 47.1234647 ], [ -80.2001345, 47.1235831 ], [ -80.1998505, 47.1236656 ], [ -80.1997206, 47.1238463 ], [ -80.1997748, 47.1240386 ], [ -80.2000189, 47.1243808 ], [ -80.2000081, 47.1244891 ], [ -80.1998818, 47.124698 ], [ -80.2000221, 47.1249134 ], [ -80.2000253, 47.1249608 ], [ -80.1943986, 47.125 ], [ -80.1943937, 47.1248652 ], [ -80.1939742, 47.1246413 ], [ -80.193796, 47.1246125 ], [ -80.1935247, 47.1246971 ], [ -80.1933737, 47.1245901 ], [ -80.1933778, 47.1244623 ], [ -80.1936387, 47.1243302 ], [ -80.1936508, 47.1242955 ], [ -80.1935494, 47.1241231 ], [ -80.1935448, 47.1238655 ], [ -80.1936312, 47.1237327 ], [ -80.1936334, 47.1231459 ], [ -80.1934295, 47.1229203 ], [ -80.1929668, 47.1225886 ], [ -80.1925928, 47.1224271 ], [ -80.1924662, 47.1224433 ], [ -80.1924645, 47.1225256 ], [ -80.1926363, 47.1227277 ], [ -80.1927614, 47.1229865 ], [ -80.1927306, 47.1230365 ], [ -80.1925393, 47.1231615 ], [ -80.192542, 47.1233087 ], [ -80.1927683, 47.1235472 ], [ -80.1928777, 47.1238126 ], [ -80.1929653, 47.124102 ], [ -80.1929561, 47.1244766 ], [ -80.1927518, 47.1247554 ], [ -80.1924341, 47.125 ], [ -80.1875, 47.125 ], [ -80.185506, 47.125 ], [ -80.1854176, 47.1249352 ], [ -80.1854422, 47.1247099 ], [ -80.1853385, 47.124583 ], [ -80.1843812, 47.1240885 ], [ -80.1839637, 47.1239751 ], [ -80.1837571, 47.1239508 ], [ -80.1835166, 47.1239852 ], [ -80.1831782, 47.124224 ], [ -80.1831638, 47.1243042 ], [ -80.1830857, 47.1243742 ], [ -80.1830853, 47.12453 ], [ -80.1832503, 47.1247127 ], [ -80.1832495, 47.125 ], [ -80.170277, 47.125 ], [ -80.1703357, 47.124859 ], [ -80.1705645, 47.1239695 ], [ -80.1705656, 47.1238504 ], [ -80.1705141, 47.1238054 ], [ -80.1704384, 47.1238298 ], [ -80.170189, 47.124083 ], [ -80.1696789, 47.1248535 ], [ -80.1695228, 47.1249933 ], [ -80.1695176, 47.125 ], [ -80.1611542, 47.125 ], [ -80.1610966, 47.1249483 ], [ -80.1610238, 47.1247714 ], [ -80.1608859, 47.1241251 ], [ -80.1608352, 47.1235756 ], [ -80.1607642, 47.1233163 ], [ -80.1606829, 47.1232022 ], [ -80.1604653, 47.1230936 ], [ -80.1602975, 47.1231122 ], [ -80.1597882, 47.1233783 ], [ -80.1596484, 47.1235482 ], [ -80.159554, 47.1237807 ], [ -80.1595677, 47.1243976 ], [ -80.1594596, 47.1249397 ], [ -80.1594003, 47.125 ], [ -80.1593973, 47.125003 ], [ -80.1593816, 47.1252023 ], [ -80.1593065, 47.1252636 ], [ -80.15928, 47.1253785 ], [ -80.1590862, 47.1255489 ], [ -80.1590008, 47.1255626 ], [ -80.1589772, 47.1256689 ], [ -80.1590524, 47.1258004 ], [ -80.1591518, 47.1258624 ], [ -80.1591283, 47.1259686 ], [ -80.1590411, 47.1260646 ], [ -80.1590145, 47.1261796 ], [ -80.1584175, 47.1268901 ], [ -80.1580271, 47.1274323 ], [ -80.1578253, 47.1275097 ], [ -80.1576817, 47.1274589 ], [ -80.1574442, 47.1274846 ], [ -80.1573473, 47.1275698 ], [ -80.1573377, 47.1277518 ], [ -80.1574713, 47.1281404 ], [ -80.1573732, 47.1283447 ], [ -80.1568644, 47.1286475 ], [ -80.1568615, 47.1288489 ], [ -80.1567743, 47.1289449 ], [ -80.1557336, 47.1293082 ], [ -80.1553096, 47.1295606 ], [ -80.1551449, 47.1297632 ], [ -80.1542807, 47.1306231 ], [ -80.1540062, 47.1307162 ], [ -80.1527823, 47.1307562 ], [ -80.1522576, 47.1308729 ], [ -80.1519456, 47.1309966 ], [ -80.1518651, 47.131112 ], [ -80.15191, 47.1313303 ], [ -80.151781, 47.131392 ], [ -80.1515362, 47.1313614 ], [ -80.1509216, 47.1310415 ], [ -80.1505846, 47.1308125 ], [ -80.1504118, 47.1305367 ], [ -80.1500766, 47.1302254 ], [ -80.1499373, 47.1302395 ], [ -80.149944, 47.1304516 ], [ -80.1498689, 47.1305128 ], [ -80.1494005, 47.1303909 ], [ -80.1488211, 47.1300858 ], [ -80.1485381, 47.1300491 ], [ -80.1483994, 47.1301 ], [ -80.1484019, 47.1302472 ], [ -80.1487516, 47.1304783 ], [ -80.1488309, 47.130482 ], [ -80.1489849, 47.1305804 ], [ -80.1489449, 47.1306565 ], [ -80.1487862, 47.130649 ], [ -80.1484401, 47.1304461 ], [ -80.1483159, 47.1304167 ], [ -80.1480141, 47.1303953 ], [ -80.1477391, 47.1304516 ], [ -80.147304, 47.1304268 ], [ -80.1464538, 47.1302429 ], [ -80.1457509, 47.130138 ], [ -80.1454371, 47.1301513 ], [ -80.145388, 47.1302534 ], [ -80.1456335, 47.1305135 ], [ -80.1454742, 47.130662 ], [ -80.1453118, 47.1306264 ], [ -80.1449991, 47.1305206 ], [ -80.1447289, 47.1304859 ], [ -80.1445773, 47.130342 ], [ -80.1445561, 47.1302101 ], [ -80.1444815, 47.1301154 ], [ -80.144347, 47.1300385 ], [ -80.1440628, 47.1299282 ], [ -80.1439301, 47.129769 ], [ -80.1437125, 47.1296603 ], [ -80.1433883, 47.129626 ], [ -80.1432272, 47.129664 ], [ -80.1429346, 47.1298092 ], [ -80.1427055, 47.129772 ], [ -80.1424207, 47.1296248 ], [ -80.1423043, 47.1294958 ], [ -80.1422274, 47.1294466 ], [ -80.1418723, 47.1294624 ], [ -80.1416324, 47.1293408 ], [ -80.1415602, 47.1292007 ], [ -80.1412966, 47.1289927 ], [ -80.1411633, 47.1289894 ], [ -80.1410416, 47.1291073 ], [ -80.1410653, 47.1295791 ], [ -80.1408048, 47.1297478 ], [ -80.140766, 47.1298975 ], [ -80.1408163, 47.1300617 ], [ -80.1410545, 47.1302655 ], [ -80.1414254, 47.1304358 ], [ -80.1421355, 47.130597 ], [ -80.1423858, 47.1307661 ], [ -80.1425477, 47.1311503 ], [ -80.1430592, 47.1313801 ], [ -80.1432592, 47.1315778 ], [ -80.1433095, 47.1317419 ], [ -80.1438974, 47.1321769 ], [ -80.1443253, 47.1327235 ], [ -80.1447235, 47.1330084 ], [ -80.1447254, 47.1331188 ], [ -80.1445648, 47.1331936 ], [ -80.1431208, 47.1331702 ], [ -80.1423531, 47.1333668 ], [ -80.1420362, 47.1335814 ], [ -80.1418902, 47.1337687 ], [ -80.1418854, 47.1338597 ], [ -80.1419563, 47.1339263 ], [ -80.1419739, 47.1340301 ], [ -80.142297, 47.1343762 ], [ -80.1422867, 47.134714 ], [ -80.1422146, 47.1347665 ], [ -80.142225, 47.1350068 ], [ -80.1424995, 47.1351064 ], [ -80.1427892, 47.1351626 ], [ -80.1431262, 47.1353917 ], [ -80.1431401, 47.1354673 ], [ -80.1435705, 47.1357758 ], [ -80.1436874, 47.1357489 ], [ -80.1437335, 47.1356554 ], [ -80.1435958, 47.1353945 ], [ -80.1436352, 47.1352816 ], [ -80.143883, 47.1351108 ], [ -80.144738, 47.135011 ], [ -80.1450792, 47.1351123 ], [ -80.1457417, 47.1354492 ], [ -80.1459447, 47.1356382 ], [ -80.1460326, 47.1357717 ], [ -80.1460745, 47.1359988 ], [ -80.1460049, 47.1361985 ], [ -80.1460056, 47.136428 ], [ -80.1461626, 47.1367104 ], [ -80.1462523, 47.1367617 ], [ -80.1464154, 47.1370267 ], [ -80.1464021, 47.1371806 ], [ -80.1462022, 47.1373683 ], [ -80.1459477, 47.1375197 ], [ -80.1455569, 47.1376765 ], [ -80.1452278, 47.1377332 ], [ -80.1447733, 47.1376869 ], [ -80.1445757, 47.1376365 ], [ -80.1439678, 47.137336 ], [ -80.1433908, 47.1371781 ], [ -80.1429738, 47.1369085 ], [ -80.1423939, 47.1367593 ], [ -80.1422514, 47.136782 ], [ -80.1420497, 47.1368594 ], [ -80.1420588, 47.137026 ], [ -80.1421327, 47.1370839 ], [ -80.1421195, 47.1376232 ], [ -80.1420474, 47.1376757 ], [ -80.1420426, 47.1377667 ], [ -80.1418469, 47.1378266 ], [ -80.1418057, 47.1380218 ], [ -80.1419772, 47.138224 ], [ -80.1423337, 47.13886 ], [ -80.1426374, 47.1389919 ], [ -80.1430659, 47.1389972 ], [ -80.1432241, 47.1391605 ], [ -80.143272, 47.1393702 ], [ -80.1436502, 47.1395968 ], [ -80.1437315, 47.1397109 ], [ -80.1438879, 47.1401492 ], [ -80.1438916, 47.14037 ], [ -80.1439783, 47.14043 ], [ -80.1440196, 47.1408129 ], [ -80.1439833, 47.1409171 ], [ -80.1439775, 47.1417053 ], [ -80.1440611, 47.1417739 ], [ -80.1440642, 47.141958 ], [ -80.1442728, 47.1422855 ], [ -80.1444704, 47.1423359 ], [ -80.1446001, 47.1423111 ], [ -80.144728, 47.1423685 ], [ -80.1448256, 47.1425128 ], [ -80.1445232, 47.1426473 ], [ -80.1444214, 47.1428234 ], [ -80.144539, 47.1430261 ], [ -80.1445833, 47.1432076 ], [ -80.1444327, 47.1440641 ], [ -80.144083, 47.1442183 ], [ -80.1439278, 47.144239 ], [ -80.1435812, 47.1443846 ], [ -80.1434969, 47.1444719 ], [ -80.1433964, 47.1447217 ], [ -80.1434504, 47.1451067 ], [ -80.1430643, 47.1451725 ], [ -80.1423976, 47.145156 ], [ -80.1421606, 47.1452185 ], [ -80.1421558, 47.1453095 ], [ -80.1422491, 47.1453889 ], [ -80.1422443, 47.1454798 ], [ -80.1420552, 47.1455593 ], [ -80.1418679, 47.1455564 ], [ -80.141406, 47.1454539 ], [ -80.1410508, 47.1452769 ], [ -80.140818, 47.1450189 ], [ -80.1405718, 47.1445293 ], [ -80.1401214, 47.1441625 ], [ -80.1398165, 47.143957 ], [ -80.1395656, 47.1439438 ], [ -80.1392177, 47.1440158 ], [ -80.1389667, 47.1440026 ], [ -80.1384503, 47.1436709 ], [ -80.1380048, 47.1435986 ], [ -80.1375823, 47.1435759 ], [ -80.1374356, 47.1435337 ], [ -80.1370708, 47.143346 ], [ -80.136758, 47.1430474 ], [ -80.136344, 47.1427691 ], [ -80.135593, 47.1424545 ], [ -80.1352772, 47.1423573 ], [ -80.1351051, 47.142311 ], [ -80.1345202, 47.1422527 ], [ -80.1340887, 47.142256 ], [ -80.1335971, 47.1420844 ], [ -80.1327923, 47.1415774 ], [ -80.1325407, 47.1413347 ], [ -80.132451, 47.1410907 ], [ -80.132491, 47.1404365 ], [ -80.1324183, 47.1402595 ], [ -80.1320807, 47.1399936 ], [ -80.1321298, 47.1398914 ], [ -80.132325, 47.1397947 ], [ -80.1328232, 47.139793 ], [ -80.1328468, 47.1396867 ], [ -80.1327492, 47.1395424 ], [ -80.1323783, 47.1391793 ], [ -80.132122, 47.1390276 ], [ -80.1318614, 47.1390036 ], [ -80.1314093, 47.1391045 ], [ -80.1312856, 47.1391119 ], [ -80.1309984, 47.1390102 ], [ -80.1306614, 47.1387811 ], [ -80.1302821, 47.1380955 ], [ -80.1300549, 47.1373978 ], [ -80.1296507, 47.1369376 ], [ -80.1295846, 47.13678 ], [ -80.1293156, 47.1366262 ], [ -80.1291319, 47.1366514 ], [ -80.1289307, 47.1367655 ], [ -80.1287156, 47.136804 ], [ -80.1284126, 47.1367088 ], [ -80.12796, 47.1363875 ], [ -80.1280775, 47.1362047 ], [ -80.1279776, 47.1357205 ], [ -80.1280497, 47.135668 ], [ -80.1280637, 47.135551 ], [ -80.1283206, 47.1353541 ], [ -80.1284182, 47.1351131 ], [ -80.1283934, 47.134953 ], [ -80.1281837, 47.1347446 ], [ -80.1278147, 47.1344919 ], [ -80.127024, 47.1340606 ], [ -80.1260678, 47.1336023 ], [ -80.1255837, 47.1332942 ], [ -80.1251906, 47.1325329 ], [ -80.1251003, 47.1324448 ], [ -80.1250523, 47.1322667 ], [ -80.1246987, 47.1315537 ], [ -80.1246999, 47.1314346 ], [ -80.124537, 47.1311695 ], [ -80.1242912, 47.1301018 ], [ -80.1242664, 47.1295564 ], [ -80.1242004, 47.1293988 ], [ -80.1241249, 47.1280743 ], [ -80.1241662, 47.1276865 ], [ -80.1240566, 47.1273842 ], [ -80.1239155, 47.1270951 ], [ -80.1235514, 47.1267515 ], [ -80.1231595, 47.1264492 ], [ -80.1230366, 47.126108 ], [ -80.1233263, 47.1255862 ], [ -80.1234263, 47.1252996 ], [ -80.1236208, 47.1251661 ], [ -80.1237061, 47.125 ], [ -80.1237469, 47.1249205 ], [ -80.1237682, 47.124667 ], [ -80.12387, 47.1244909 ], [ -80.124259, 47.1242238 ], [ -80.1244469, 47.1236854 ], [ -80.1247002, 47.1234605 ], [ -80.1247801, 47.1233083 ], [ -80.1249746, 47.1231748 ], [ -80.1250741, 47.1231694 ], [ -80.1252315, 47.1231707 ], [ -80.125601, 47.1234601 ], [ -80.1258779, 47.1235143 ], [ -80.127138, 47.1233705 ], [ -80.1273791, 47.123373 ], [ -80.1276336, 47.1232217 ], [ -80.1278965, 47.1230075 ], [ -80.1280135, 47.1227879 ], [ -80.1282467, 47.1225047 ], [ -80.1285042, 47.1223447 ], [ -80.1287035, 47.1223129 ], [ -80.1291839, 47.1224001 ], [ -80.1293009, 47.1223733 ], [ -80.129439, 47.1222856 ], [ -80.1295123, 47.122114 ], [ -80.1293445, 47.1217472 ], [ -80.1293488, 47.1216194 ], [ -80.1294403, 47.1213957 ], [ -80.129679, 47.1210583 ], [ -80.1296481, 47.120723 ], [ -80.1296027, 47.1206606 ], [ -80.1296954, 47.1201251 ], [ -80.1297475, 47.1200143 ], [ -80.1297469, 47.1197848 ], [ -80.1298317, 47.1197343 ], [ -80.129908, 47.1197467 ], [ -80.1300237, 47.1198389 ], [ -80.1300619, 47.1200378 ], [ -80.1300316, 47.1203174 ], [ -80.1301582, 47.1204939 ], [ -80.1304962, 47.1206039 ], [ -80.1307391, 47.1207168 ], [ -80.1308942, 47.1206961 ], [ -80.1311959, 47.120525 ], [ -80.1313286, 47.1204915 ], [ -80.1315103, 47.1205485 ], [ -80.1315884, 47.1206713 ], [ -80.1315975, 47.120838 ], [ -80.1315381, 47.1208926 ], [ -80.1315315, 47.1210658 ], [ -80.1317865, 47.1213367 ], [ -80.1319852, 47.1214607 ], [ -80.1321882, 47.121457 ], [ -80.1323923, 47.1215269 ], [ -80.1327382, 47.1219226 ], [ -80.1329914, 47.122083 ], [ -80.1334591, 47.1221682 ], [ -80.133825, 47.1224295 ], [ -80.1349441, 47.1239235 ], [ -80.1356747, 47.1245652 ], [ -80.1361746, 47.1248666 ], [ -80.1364926, 47.125 ], [ -80.1369604, 47.1251962 ] ], [ [ -80.2399571, 47.0632674 ], [ -80.2400416, 47.0632169 ], [ -80.2400747, 47.0631213 ], [ -80.2399305, 47.0630339 ], [ -80.2394812, 47.0628971 ], [ -80.2392337, 47.0628755 ], [ -80.2391522, 47.0629174 ], [ -80.2391489, 47.0630819 ], [ -80.2391975, 47.0631356 ], [ -80.2394861, 47.0631547 ], [ -80.2396969, 47.0632437 ], [ -80.2399571, 47.0632674 ] ], [ [ -80.2174596, 47.0704897 ], [ -80.2175743, 47.0703523 ], [ -80.2175358, 47.0701535 ], [ -80.2173358, 47.0699561 ], [ -80.2171662, 47.0698645 ], [ -80.2169688, 47.0698142 ], [ -80.2169073, 47.0699143 ], [ -80.2169077, 47.070107 ], [ -80.216991, 47.0703314 ], [ -80.2172031, 47.0704941 ], [ -80.2174596, 47.0704897 ] ], [ [ -80.2221124, 47.0758916 ], [ -80.2226236, 47.0761209 ], [ -80.2227762, 47.0761456 ], [ -80.2230291, 47.0761131 ], [ -80.2230414, 47.0759225 ], [ -80.2229496, 47.0754124 ], [ -80.2226915, 47.0749947 ], [ -80.2223224, 47.0747425 ], [ -80.2221856, 47.0747112 ], [ -80.2209832, 47.0741133 ], [ -80.2208718, 47.0740861 ], [ -80.2208477, 47.0741556 ], [ -80.2209498, 47.0743647 ], [ -80.2217673, 47.0752213 ], [ -80.2218694, 47.0754304 ], [ -80.2219463, 47.0754796 ], [ -80.2219544, 47.0755726 ], [ -80.2220478, 47.0756519 ], [ -80.2220431, 47.0757428 ], [ -80.2221013, 47.0758073 ], [ -80.2221124, 47.0758916 ] ], [ [ -80.2166493, 47.0791445 ], [ -80.2165873, 47.079052 ], [ -80.2162715, 47.0787625 ], [ -80.2152958, 47.0780911 ], [ -80.2149094, 47.0779277 ], [ -80.2146267, 47.0778912 ], [ -80.2145337, 47.0780045 ], [ -80.2145752, 47.0781947 ], [ -80.2146656, 47.0782827 ], [ -80.2146766, 47.078367 ], [ -80.2147676, 47.0784918 ], [ -80.2151313, 47.0787982 ], [ -80.2154937, 47.0790311 ], [ -80.2157456, 47.0791176 ], [ -80.2161655, 47.0793781 ], [ -80.2163539, 47.0794545 ], [ -80.2165566, 47.0794506 ], [ -80.2166677, 47.0792851 ], [ -80.2166493, 47.0791445 ] ], [ [ -80.2256202, 47.0791364 ], [ -80.2257117, 47.0794538 ], [ -80.2258857, 47.0796103 ], [ -80.2260105, 47.0796764 ], [ -80.2260677, 47.0795113 ], [ -80.2260649, 47.0793642 ], [ -80.2261843, 47.0791358 ], [ -80.2261351, 47.0790453 ], [ -80.2257232, 47.0788779 ], [ -80.225523, 47.0786805 ], [ -80.225253, 47.078646 ], [ -80.2252065, 47.0787027 ], [ -80.2252273, 47.0787978 ], [ -80.2256202, 47.0791364 ] ], [ [ -80.23097, 47.085439 ], [ -80.2312709, 47.0862764 ], [ -80.2314963, 47.0866337 ], [ -80.2320151, 47.0869193 ], [ -80.2320912, 47.0870875 ], [ -80.2320227, 47.087324 ], [ -80.2321004, 47.0874099 ], [ -80.2329801, 47.0880106 ], [ -80.2333484, 47.0883818 ], [ -80.2338561, 47.0890875 ], [ -80.2350757, 47.0900639 ], [ -80.2352755, 47.0900687 ], [ -80.2352115, 47.0898657 ], [ -80.2350711, 47.0896505 ], [ -80.2342337, 47.0887724 ], [ -80.2333655, 47.0879444 ], [ -80.2321932, 47.0864436 ], [ -80.2320261, 47.0861507 ], [ -80.2311719, 47.0850498 ], [ -80.2305757, 47.0845225 ], [ -80.2304964, 47.0845188 ], [ -80.2304687, 47.0845602 ], [ -80.23097, 47.085439 ] ], [ [ -80.2177641, 47.0930545 ], [ -80.2177752, 47.0931388 ], [ -80.2178716, 47.0932094 ], [ -80.2178663, 47.0936121 ], [ -80.2179627, 47.0936827 ], [ -80.217955, 47.0937824 ], [ -80.2181184, 47.0940473 ], [ -80.2183852, 47.0942463 ], [ -80.2187688, 47.0944184 ], [ -80.2193943, 47.0944736 ], [ -80.2195385, 47.0945611 ], [ -80.2196437, 47.0947615 ], [ -80.2198115, 47.0954399 ], [ -80.2198765, 47.0955237 ], [ -80.2199067, 47.0957854 ], [ -80.2199626, 47.0958953 ], [ -80.2200516, 47.0959097 ], [ -80.2202343, 47.0958475 ], [ -80.2206031, 47.0955586 ], [ -80.2209052, 47.0952681 ], [ -80.2211611, 47.0948783 ], [ -80.2211392, 47.0945538 ], [ -80.2211857, 47.0944971 ], [ -80.2213069, 47.094535 ], [ -80.221312, 47.0946367 ], [ -80.2214285, 47.0947656 ], [ -80.2216028, 47.0947663 ], [ -80.2217363, 47.0946136 ], [ -80.2217741, 47.0944271 ], [ -80.221935, 47.0943889 ], [ -80.2224886, 47.0944967 ], [ -80.2229772, 47.0945206 ], [ -80.2231067, 47.0944957 ], [ -80.2231114, 47.0944047 ], [ -80.2228282, 47.0941755 ], [ -80.2224761, 47.0939902 ], [ -80.2213042, 47.0931864 ], [ -80.2208894, 47.0928717 ], [ -80.2205138, 47.0924441 ], [ -80.2202373, 47.0922344 ], [ -80.2197182, 47.0921046 ], [ -80.2187457, 47.0919658 ], [ -80.2185402, 47.0918225 ], [ -80.218479, 47.0917668 ], [ -80.2183768, 47.0915576 ], [ -80.2183778, 47.0914386 ], [ -80.2183008, 47.0913894 ], [ -80.2182831, 47.0912857 ], [ -80.2181278, 47.0911138 ], [ -80.217945, 47.0908275 ], [ -80.2177934, 47.0906837 ], [ -80.2177763, 47.0906168 ], [ -80.2173221, 47.0902223 ], [ -80.2166219, 47.089724 ], [ -80.2163501, 47.0890747 ], [ -80.2160201, 47.0887095 ], [ -80.215577, 47.0883994 ], [ -80.2153631, 47.088319 ], [ -80.2147796, 47.088298 ], [ -80.2145982, 47.0880852 ], [ -80.2144345, 47.0879762 ], [ -80.2142759, 47.0879689 ], [ -80.214118, 47.0879984 ], [ -80.2140129, 47.0881465 ], [ -80.2140059, 47.088283 ], [ -80.2141157, 47.0887409 ], [ -80.21436, 47.0889272 ], [ -80.2156468, 47.0894379 ], [ -80.2159547, 47.0896344 ], [ -80.216207, 47.0899137 ], [ -80.2164979, 47.0903918 ], [ -80.2165445, 47.0906836 ], [ -80.2169131, 47.0915962 ], [ -80.216959, 47.0918512 ], [ -80.2169049, 47.0923561 ], [ -80.2169494, 47.0925376 ], [ -80.2170817, 47.0926598 ], [ -80.2177641, 47.0930545 ] ], [ [ -80.2111732, 47.0954467 ], [ -80.2113014, 47.0953482 ], [ -80.2110989, 47.0951962 ], [ -80.2108495, 47.0949083 ], [ -80.2105865, 47.0947373 ], [ -80.2102177, 47.0946777 ], [ -80.2096815, 47.0948294 ], [ -80.2100105, 47.0949652 ], [ -80.2106906, 47.0954054 ], [ -80.2109419, 47.0954552 ], [ -80.2111732, 47.0954467 ] ], [ [ -80.2392219, 47.0947684 ], [ -80.2393891, 47.094557 ], [ -80.2393967, 47.0944573 ], [ -80.2394716, 47.094396 ], [ -80.2394605, 47.0943117 ], [ -80.2395475, 47.0942157 ], [ -80.2394138, 47.0940199 ], [ -80.2391349, 47.0938556 ], [ -80.2386368, 47.0936652 ], [ -80.2382929, 47.0934171 ], [ -80.2379865, 47.0931384 ], [ -80.2377284, 47.0930692 ], [ -80.237595, 47.0932219 ], [ -80.2373982, 47.0937129 ], [ -80.2373143, 47.0938002 ], [ -80.2372685, 47.0943981 ], [ -80.2373143, 47.0948091 ], [ -80.2375456, 47.0953049 ], [ -80.2378839, 47.0957631 ], [ -80.2379697, 47.095942 ], [ -80.2379815, 47.0960631 ], [ -80.2380428, 47.0961189 ], [ -80.2380724, 47.0963438 ], [ -80.2381307, 47.0964082 ], [ -80.2381358, 47.0965099 ], [ -80.2383904, 47.0968995 ], [ -80.2386138, 47.0971465 ], [ -80.2388217, 47.0972443 ], [ -80.2391494, 47.0973063 ], [ -80.2394938, 47.0972427 ], [ -80.2398869, 47.0970768 ], [ -80.2401485, 47.0968256 ], [ -80.2405027, 47.0966168 ], [ -80.2407236, 47.0965607 ], [ -80.2410282, 47.0965732 ], [ -80.2412368, 47.0967077 ], [ -80.2414137, 47.0970114 ], [ -80.2416561, 47.0970872 ], [ -80.2420902, 47.0970747 ], [ -80.242237, 47.0969608 ], [ -80.2423998, 47.0966844 ], [ -80.2428142, 47.0963019 ], [ -80.242991, 47.0961012 ], [ -80.2430564, 47.0958733 ], [ -80.2430497, 47.0953494 ], [ -80.2428785, 47.0951842 ], [ -80.2426556, 47.0951299 ], [ -80.242015, 47.0951183 ], [ -80.241472, 47.0949023 ], [ -80.2412468, 47.0948934 ], [ -80.2409929, 47.0950451 ], [ -80.2407077, 47.0950541 ], [ -80.2406374, 47.0950244 ], [ -80.2399118, 47.095375 ], [ -80.2397314, 47.0953918 ], [ -80.2395122, 47.0953655 ], [ -80.2392131, 47.095143 ], [ -80.2392219, 47.0947684 ] ], [ [ -80.2247523, 47.0979257 ], [ -80.2246265, 47.0979788 ], [ -80.2243436, 47.0979423 ], [ -80.2240404, 47.0980034 ], [ -80.2239213, 47.0980758 ], [ -80.2240101, 47.0982461 ], [ -80.2236945, 47.0984978 ], [ -80.2234901, 47.098584 ], [ -80.2232866, 47.0985511 ], [ -80.2229247, 47.0983551 ], [ -80.2227767, 47.0982394 ], [ -80.2224977, 47.0977266 ], [ -80.2225003, 47.0975252 ], [ -80.2222791, 47.0973886 ], [ -80.2214958, 47.097207 ], [ -80.2205693, 47.0968188 ], [ -80.2200261, 47.0967586 ], [ -80.2197286, 47.0969581 ], [ -80.219643, 47.0971277 ], [ -80.2196541, 47.0975606 ], [ -80.2198078, 47.0978147 ], [ -80.2198528, 47.0981889 ], [ -80.2197956, 47.0983539 ], [ -80.2196825, 47.098409 ], [ -80.2193906, 47.0983985 ], [ -80.219142, 47.0984959 ], [ -80.2191979, 47.0986058 ], [ -80.2197639, 47.0988716 ], [ -80.2206436, 47.0991238 ], [ -80.2219605, 47.0997035 ], [ -80.2226293, 47.0998665 ], [ -80.2227572, 47.0999239 ], [ -80.2229283, 47.1000891 ], [ -80.2231235, 47.1001848 ], [ -80.2233718, 47.1002433 ], [ -80.2235894, 47.1003518 ], [ -80.2237659, 47.1004629 ], [ -80.2237623, 47.1007833 ], [ -80.2239297, 47.1009204 ], [ -80.2241617, 47.1009487 ], [ -80.22422, 47.1010132 ], [ -80.2241771, 47.101098 ], [ -80.2242167, 47.1011777 ], [ -80.2243797, 47.1012499 ], [ -80.2245923, 47.1012568 ], [ -80.2247683, 47.1011751 ], [ -80.2248951, 47.101003 ], [ -80.2250276, 47.1009694 ], [ -80.2260147, 47.1010279 ], [ -80.2261871, 47.1009182 ], [ -80.2262292, 47.1007966 ], [ -80.226355, 47.1007435 ], [ -80.226593, 47.1007545 ], [ -80.2268404, 47.100932 ], [ -80.2270245, 47.1009434 ], [ -80.2274446, 47.1008553 ], [ -80.2282829, 47.1012658 ], [ -80.2285396, 47.1012614 ], [ -80.2287615, 47.1010863 ], [ -80.2289127, 47.1010374 ], [ -80.2294028, 47.1011349 ], [ -80.2296026, 47.1011396 ], [ -80.229861, 47.1010529 ], [ -80.2300742, 47.1010965 ], [ -80.2302165, 47.1010736 ], [ -80.2308185, 47.1008865 ], [ -80.2308777, 47.1008319 ], [ -80.2308783, 47.1005201 ], [ -80.2309442, 47.1004849 ], [ -80.2307707, 47.1003652 ], [ -80.2301076, 47.1003407 ], [ -80.2299578, 47.1004632 ], [ -80.2297325, 47.1004544 ], [ -80.2296016, 47.1004057 ], [ -80.2281388, 47.1001695 ], [ -80.2279369, 47.1000543 ], [ -80.2278641, 47.0997216 ], [ -80.2276749, 47.0996085 ], [ -80.227529, 47.0996033 ], [ -80.2274774, 47.0995582 ], [ -80.2279479, 47.0992857 ], [ -80.2279267, 47.098998 ], [ -80.2276876, 47.0987576 ], [ -80.2275015, 47.0986358 ], [ -80.2272605, 47.0986336 ], [ -80.2269603, 47.098686 ], [ -80.2264686, 47.0986707 ], [ -80.2261014, 47.0985289 ], [ -80.225474, 47.0982074 ], [ -80.2250844, 47.0980528 ], [ -80.225077, 47.0979965 ], [ -80.2251586, 47.0979547 ], [ -80.2254281, 47.0979524 ], [ -80.2258823, 47.0979982 ], [ -80.2260927, 47.0978946 ], [ -80.2260756, 47.0978277 ], [ -80.2259089, 47.0977274 ], [ -80.2254631, 47.0976187 ], [ -80.2250697, 47.0974359 ], [ -80.2248341, 47.0973795 ], [ -80.2245958, 47.0975244 ], [ -80.2246016, 47.0976629 ], [ -80.2246629, 47.0977187 ], [ -80.2247523, 47.0979257 ] ], [ [ -80.2115419, 47.1024405 ], [ -80.2116139, 47.1023879 ], [ -80.2116038, 47.1021845 ], [ -80.2099857, 47.101079 ], [ -80.2083834, 47.0996183 ], [ -80.2081554, 47.0994622 ], [ -80.2080035, 47.0994744 ], [ -80.2079412, 47.0995377 ], [ -80.207965, 47.0996241 ], [ -80.2082666, 47.0999939 ], [ -80.2082622, 47.1002775 ], [ -80.2082569, 47.1003317 ], [ -80.2086344, 47.1005211 ], [ -80.2091767, 47.1010491 ], [ -80.2092326, 47.101159 ], [ -80.2095111, 47.1014792 ], [ -80.2099372, 47.102071 ], [ -80.2102348, 47.10222 ], [ -80.2104571, 47.1022376 ], [ -80.210694, 47.1023676 ], [ -80.2109311, 47.1028462 ], [ -80.2112059, 47.1031383 ], [ -80.211861, 47.1034185 ], [ -80.2123541, 47.1035074 ], [ -80.2124682, 47.1033332 ], [ -80.2124116, 47.1031865 ], [ -80.2116829, 47.1026926 ], [ -80.2115215, 47.1025381 ], [ -80.2115419, 47.1024405 ] ], [ [ -80.2146269, 47.1055533 ], [ -80.2144485, 47.1053319 ], [ -80.2143718, 47.1051268 ], [ -80.2143671, 47.1048693 ], [ -80.2142857, 47.1047552 ], [ -80.2140373, 47.1046967 ], [ -80.2139205, 47.1047237 ], [ -80.2136166, 47.1050965 ], [ -80.2135811, 47.1052375 ], [ -80.2137033, 47.1055049 ], [ -80.214088, 47.1059065 ], [ -80.2144513, 47.1061762 ], [ -80.2149702, 47.1064618 ], [ -80.2150465, 47.1064742 ], [ -80.2153217, 47.1066104 ], [ -80.215679, 47.1068974 ], [ -80.2159067, 47.1072094 ], [ -80.216052, 47.1071778 ], [ -80.2161031, 47.1070302 ], [ -80.2160077, 47.1068405 ], [ -80.2158389, 47.1066298 ], [ -80.2148981, 47.1058173 ], [ -80.2146269, 47.1055533 ] ], [ [ -80.2212106, 47.1078371 ], [ -80.2212946, 47.1077498 ], [ -80.2214271, 47.1077162 ], [ -80.2215446, 47.107726 ], [ -80.2216293, 47.1076754 ], [ -80.2215137, 47.1074275 ], [ -80.2212971, 47.1071998 ], [ -80.2206593, 47.1071794 ], [ -80.2204859, 47.1070596 ], [ -80.2204929, 47.1069232 ], [ -80.2206491, 47.1066274 ], [ -80.2208267, 47.1061149 ], [ -80.2207581, 47.1060029 ], [ -80.2206302, 47.1059456 ], [ -80.2204146, 47.1059474 ], [ -80.2203179, 47.1060327 ], [ -80.2200964, 47.1064005 ], [ -80.2199053, 47.1065255 ], [ -80.2196559, 47.1065862 ], [ -80.2195344, 47.1067041 ], [ -80.2194307, 47.1069258 ], [ -80.2194126, 47.1069779 ], [ -80.2205497, 47.107767 ], [ -80.2206639, 47.1079414 ], [ -80.220588, 47.1081217 ], [ -80.220659, 47.1081882 ], [ -80.2207607, 47.1082047 ], [ -80.2209278, 47.1081491 ], [ -80.2211769, 47.1082444 ], [ -80.2213262, 47.1084336 ], [ -80.2213732, 47.1085696 ], [ -80.2215054, 47.1086919 ], [ -80.2216236, 47.1087385 ], [ -80.2216829, 47.1086839 ], [ -80.2216644, 47.1085433 ], [ -80.2214357, 47.1083504 ], [ -80.2212083, 47.1082311 ], [ -80.2211744, 47.1079413 ], [ -80.2212106, 47.1078371 ] ], [ [ -80.216718, 47.1083953 ], [ -80.2168837, 47.1082662 ], [ -80.2169701, 47.1081334 ], [ -80.2170514, 47.1078989 ], [ -80.2170564, 47.107652 ], [ -80.2170078, 47.1075983 ], [ -80.2165247, 47.1077128 ], [ -80.2162376, 47.10796 ], [ -80.2162342, 47.1081245 ], [ -80.2163073, 47.1083014 ], [ -80.2165631, 47.1084161 ], [ -80.216718, 47.1083953 ] ], [ [ -80.2487255, 47.1093429 ], [ -80.2488082, 47.1090261 ], [ -80.2488024, 47.1088876 ], [ -80.2487187, 47.108819 ], [ -80.2485465, 47.1087729 ], [ -80.248293, 47.1086128 ], [ -80.2481253, 47.1086316 ], [ -80.2480434, 47.1088294 ], [ -80.2479595, 47.1089167 ], [ -80.2481474, 47.1094606 ], [ -80.2482215, 47.1095184 ], [ -80.2484625, 47.1095206 ], [ -80.2486797, 47.1094364 ], [ -80.2487255, 47.1093429 ] ], [ [ -80.2305739, 47.1118715 ], [ -80.2304265, 47.1117927 ], [ -80.2302024, 47.1115089 ], [ -80.2300984, 47.1110335 ], [ -80.2298823, 47.1108427 ], [ -80.2296758, 47.1108185 ], [ -80.2295462, 47.1108435 ], [ -80.2291367, 47.1108232 ], [ -80.228759, 47.1106338 ], [ -80.2274945, 47.1098243 ], [ -80.226653, 47.1094224 ], [ -80.226522, 47.1093737 ], [ -80.2261461, 47.1094506 ], [ -80.226264, 47.1096531 ], [ -80.2271987, 47.1102902 ], [ -80.2277472, 47.1104521 ], [ -80.2281152, 47.1106308 ], [ -80.2286731, 47.1109593 ], [ -80.2288958, 47.1111695 ], [ -80.2290332, 47.1113935 ], [ -80.2292193, 47.1120197 ], [ -80.2293389, 47.1121399 ], [ -80.2296397, 47.1122802 ], [ -80.2302379, 47.1122209 ], [ -80.2304917, 47.1122251 ], [ -80.2308193, 47.1124431 ], [ -80.231138, 47.1125313 ], [ -80.2314862, 47.1124958 ], [ -80.2315679, 47.1124539 ], [ -80.2317268, 47.1123053 ], [ -80.2316447, 47.1121545 ], [ -80.2314937, 47.1120475 ], [ -80.2313021, 47.1119799 ], [ -80.2305739, 47.1118715 ] ], [ [ -80.2200488, 47.111034 ], [ -80.220074, 47.111194 ], [ -80.2200117, 47.1112573 ], [ -80.2195888, 47.1111981 ], [ -80.2195072, 47.11124 ], [ -80.2194898, 47.1113289 ], [ -80.2195651, 47.1114603 ], [ -80.2200832, 47.111865 ], [ -80.2205028, 47.1120887 ], [ -80.2206233, 47.1120899 ], [ -80.2209239, 47.1118816 ], [ -80.2209134, 47.1114855 ], [ -80.2208427, 47.1112631 ], [ -80.2207044, 47.1111582 ], [ -80.2199828, 47.1107206 ], [ -80.2198301, 47.1106959 ], [ -80.2198448, 47.1108084 ], [ -80.2199996, 47.1109435 ], [ -80.2200488, 47.111034 ] ], [ [ -80.2345097, 47.1122225 ], [ -80.2341208, 47.1124532 ], [ -80.2342415, 47.1133074 ], [ -80.2340809, 47.1135382 ], [ -80.2338688, 47.1137241 ], [ -80.2331622, 47.1140962 ], [ -80.2332015, 47.1143319 ], [ -80.2331467, 47.1144514 ], [ -80.2328103, 47.1146081 ], [ -80.2313346, 47.115067 ], [ -80.230973, 47.1150636 ], [ -80.2307754, 47.1150134 ], [ -80.2302616, 47.1146736 ], [ -80.2300761, 47.1145886 ], [ -80.2297654, 47.1145935 ], [ -80.2296258, 47.1147636 ], [ -80.229639, 47.1149584 ], [ -80.2299445, 47.1153562 ], [ -80.2307293, 47.1157672 ], [ -80.2309037, 47.1157679 ], [ -80.231052, 47.1157276 ], [ -80.2314132, 47.1155383 ], [ -80.2321413, 47.1152981 ], [ -80.2322239, 47.1151371 ], [ -80.2324773, 47.1149487 ], [ -80.2328338, 47.1148504 ], [ -80.2332327, 47.1149789 ], [ -80.2337535, 47.1146778 ], [ -80.2343108, 47.114465 ], [ -80.2353261, 47.1139777 ], [ -80.235426, 47.1137278 ], [ -80.2355947, 47.1135899 ], [ -80.2361775, 47.1133813 ], [ -80.2364285, 47.1132384 ], [ -80.2367498, 47.1131251 ], [ -80.23725, 47.1130774 ], [ -80.2374297, 47.1130239 ], [ -80.2376592, 47.1127491 ], [ -80.237851, 47.1126608 ], [ -80.2380847, 47.1126068 ], [ -80.238772, 47.1125617 ], [ -80.2391038, 47.112496 ], [ -80.2397656, 47.1124469 ], [ -80.2398473, 47.112405 ], [ -80.2398901, 47.1123202 ], [ -80.2396733, 47.1120926 ], [ -80.2396712, 47.1119822 ], [ -80.2395845, 47.1119224 ], [ -80.2395014, 47.1118907 ], [ -80.239252, 47.1119513 ], [ -80.2390043, 47.1119297 ], [ -80.2387199, 47.1118196 ], [ -80.2383905, 47.1118398 ], [ -80.2380571, 47.1119878 ], [ -80.2378108, 47.1120398 ], [ -80.237557, 47.1120355 ], [ -80.2372361, 47.111837 ], [ -80.2370804, 47.111821 ], [ -80.2367928, 47.1118755 ], [ -80.236658, 47.1119547 ], [ -80.2359524, 47.1122077 ], [ -80.2355704, 47.112302 ], [ -80.2353166, 47.1122977 ], [ -80.2352299, 47.1122378 ], [ -80.2352368, 47.1121014 ], [ -80.2351186, 47.1120548 ], [ -80.2348183, 47.1121072 ], [ -80.2345097, 47.1122225 ] ], [ [ -80.2290141, 47.1147841 ], [ -80.2290713, 47.1146191 ], [ -80.2292939, 47.1144807 ], [ -80.2295597, 47.1144503 ], [ -80.2296527, 47.1143369 ], [ -80.2296507, 47.1142265 ], [ -80.2295632, 47.1141298 ], [ -80.2294353, 47.1140725 ], [ -80.2286251, 47.1141618 ], [ -80.2281355, 47.1141011 ], [ -80.2279206, 47.1141398 ], [ -80.2278808, 47.1142159 ], [ -80.2278752, 47.1144259 ], [ -80.2279531, 47.1148604 ], [ -80.2280412, 47.1149939 ], [ -80.2281728, 47.1150794 ], [ -80.2283061, 47.1150825 ], [ -80.2284567, 47.1149968 ], [ -80.2284767, 47.1147065 ], [ -80.2285935, 47.1146795 ], [ -80.2287864, 47.1148207 ], [ -80.2289354, 47.1148173 ], [ -80.2290141, 47.1147841 ] ], [ [ -80.2257108, 47.1148561 ], [ -80.2259592, 47.1149146 ], [ -80.2260363, 47.1149637 ], [ -80.2260263, 47.1151088 ], [ -80.2258837, 47.1152876 ], [ -80.2258744, 47.1154695 ], [ -80.2260352, 47.1155872 ], [ -80.2263868, 47.1157357 ], [ -80.2265448, 47.1157062 ], [ -80.2265877, 47.1156214 ], [ -80.2268066, 47.115455 ], [ -80.2267858, 47.1153599 ], [ -80.2266384, 47.1152811 ], [ -80.2265014, 47.1152498 ], [ -80.2263856, 47.1151577 ], [ -80.2263895, 47.1150299 ], [ -80.2266346, 47.1149044 ], [ -80.2266281, 47.1147291 ], [ -80.2267225, 47.1146893 ], [ -80.2270025, 47.1147345 ], [ -80.227046, 47.1146865 ], [ -80.2270365, 47.1145198 ], [ -80.2269782, 47.1144554 ], [ -80.2269621, 47.1142693 ], [ -80.2265415, 47.1141647 ], [ -80.2261357, 47.1141726 ], [ -80.2258387, 47.1140604 ], [ -80.2256994, 47.1140746 ], [ -80.2257045, 47.1141763 ], [ -80.2258846, 47.1143155 ], [ -80.2262027, 47.1143669 ], [ -80.2261958, 47.1145033 ], [ -80.2260451, 47.1145891 ], [ -80.225622, 47.1146858 ], [ -80.225627, 47.1147875 ], [ -80.2257108, 47.1148561 ] ], [ [ -80.2239394, 47.11989 ], [ -80.2242458, 47.1198203 ], [ -80.2243619, 47.1197565 ], [ -80.2245015, 47.1195864 ], [ -80.2245286, 47.1195082 ], [ -80.2243283, 47.1193108 ], [ -80.2240437, 47.1193565 ], [ -80.2238833, 47.1194315 ], [ -80.2236546, 47.1195872 ], [ -80.2236648, 47.1197907 ], [ -80.2237806, 47.1198828 ], [ -80.2239394, 47.11989 ] ], [ [ -80.2304756, 47.1225505 ], [ -80.2305432, 47.122433 ], [ -80.2304872, 47.122323 ], [ -80.2300032, 47.1220523 ], [ -80.2299734, 47.1219833 ], [ -80.2298169, 47.1219305 ], [ -80.2297831, 47.1219892 ], [ -80.2298107, 47.1221038 ], [ -80.2300603, 47.1223917 ], [ -80.2303423, 47.1225473 ], [ -80.2304756, 47.1225505 ] ], [ [ -80.2007177, 47.0667443 ], [ -80.2005512, 47.0662955 ], [ -80.2005576, 47.0661223 ], [ -80.2007985, 47.0654276 ], [ -80.2008049, 47.0652544 ], [ -80.2007588, 47.0651552 ], [ -80.2005996, 47.0651111 ], [ -80.200333, 47.0652605 ], [ -80.2002437, 47.065402 ], [ -80.2001343, 47.0654851 ], [ -80.2000517, 47.065646 ], [ -80.1995529, 47.0662714 ], [ -80.1992645, 47.0667934 ], [ -80.1988778, 47.0671343 ], [ -80.1987603, 47.0674729 ], [ -80.1986268, 47.0676256 ], [ -80.198385, 47.0677423 ], [ -80.1980977, 47.0677967 ], [ -80.1971279, 47.0683092 ], [ -80.1966586, 47.0684625 ], [ -80.1963302, 47.0685193 ], [ -80.1961807, 47.0684859 ], [ -80.1960008, 47.0683467 ], [ -80.1959039, 47.0678908 ], [ -80.1957404, 47.0677818 ], [ -80.1954972, 47.067825 ], [ -80.1952396, 47.0679483 ], [ -80.1950864, 47.0682353 ], [ -80.1950695, 47.0687095 ], [ -80.1951617, 47.0692564 ], [ -80.1951675, 47.069936 ], [ -80.1952815, 47.0701104 ], [ -80.1954474, 47.070174 ], [ -80.1957451, 47.0701672 ], [ -80.195921, 47.0700856 ], [ -80.1959237, 47.0698843 ], [ -80.1961499, 47.0697741 ], [ -80.1969219, 47.0697157 ], [ -80.1970897, 47.0698897 ], [ -80.1971824, 47.0699322 ], [ -80.1973306, 47.069892 ], [ -80.1975059, 47.0697736 ], [ -80.1976313, 47.0698765 ], [ -80.1976697, 47.0700753 ], [ -80.1977757, 47.0701567 ], [ -80.1979627, 47.0701594 ], [ -80.1985799, 47.0694248 ], [ -80.19905, 47.0689598 ], [ -80.2000211, 47.0681723 ], [ -80.2003817, 47.0677905 ], [ -80.2005513, 47.0675337 ], [ -80.2007226, 47.0671945 ], [ -80.2007177, 47.0667443 ] ], [ [ -80.1861975, 47.0711426 ], [ -80.1864152, 47.0710953 ], [ -80.1866746, 47.0708897 ], [ -80.1869419, 47.0707771 ], [ -80.186949, 47.0706407 ], [ -80.1867988, 47.0705705 ], [ -80.186466, 47.0705624 ], [ -80.1862797, 47.0705964 ], [ -80.1860753, 47.0706825 ], [ -80.1858625, 47.0708315 ], [ -80.1858681, 47.07097 ], [ -80.1860516, 47.0711373 ], [ -80.1861975, 47.0711426 ] ], [ [ -80.1700515, 47.0729456 ], [ -80.1701249, 47.0731593 ], [ -80.1703265, 47.0732745 ], [ -80.1706822, 47.0731396 ], [ -80.1707819, 47.0730457 ], [ -80.17076, 47.0728771 ], [ -80.1706848, 47.0727456 ], [ -80.1705522, 47.0725865 ], [ -80.1702386, 47.0724072 ], [ -80.1699674, 47.072299 ], [ -80.1693834, 47.072241 ], [ -80.1692606, 47.0722852 ], [ -80.1691524, 47.072442 ], [ -80.1691259, 47.0725569 ], [ -80.1692265, 47.0726925 ], [ -80.1694571, 47.07284 ], [ -80.1696351, 47.0728688 ], [ -80.1697645, 47.072844 ], [ -80.1698947, 47.0728559 ], [ -80.1700515, 47.0729456 ] ], [ [ -80.1660078, 47.0741882 ], [ -80.16581, 47.0742937 ], [ -80.1655782, 47.0742652 ], [ -80.1653383, 47.0739511 ], [ -80.1652397, 47.0739259 ], [ -80.1651048, 47.0740049 ], [ -80.1651273, 47.0742104 ], [ -80.1650306, 47.0742956 ], [ -80.1649993, 47.0745015 ], [ -80.165055, 47.0746114 ], [ -80.1652457, 47.0746424 ], [ -80.1656234, 47.0748688 ], [ -80.1658778, 47.0751027 ], [ -80.1658827, 47.0752044 ], [ -80.1658362, 47.0752611 ], [ -80.1657224, 47.0752793 ], [ -80.1655469, 47.0752049 ], [ -80.1653659, 47.0751847 ], [ -80.1652002, 47.0753138 ], [ -80.1651954, 47.0754047 ], [ -80.1651331, 47.075468 ], [ -80.1651695, 47.0755565 ], [ -80.1651232, 47.0759984 ], [ -80.1650381, 47.0762048 ], [ -80.1650315, 47.076378 ], [ -80.1649518, 47.0765302 ], [ -80.1649489, 47.0767315 ], [ -80.1648769, 47.076784 ], [ -80.1648662, 47.077085 ], [ -80.1647865, 47.0772372 ], [ -80.1647855, 47.0775489 ], [ -80.1647105, 47.0776101 ], [ -80.1646914, 47.0779739 ], [ -80.1646291, 47.0780372 ], [ -80.1645814, 47.0782129 ], [ -80.1646215, 47.0783295 ], [ -80.164751, 47.0783046 ], [ -80.1650111, 47.0781359 ], [ -80.1655338, 47.0779455 ], [ -80.1657474, 47.0778334 ], [ -80.1662038, 47.0772929 ], [ -80.1667225, 47.0764965 ], [ -80.1669632, 47.0763062 ], [ -80.1675421, 47.0760699 ], [ -80.1677296, 47.0759169 ], [ -80.1680936, 47.0755265 ], [ -80.1681861, 47.0753764 ], [ -80.1681193, 47.0751821 ], [ -80.1680061, 47.0750445 ], [ -80.1675574, 47.0747515 ], [ -80.1672039, 47.0746483 ], [ -80.1664196, 47.0745485 ], [ -80.1662186, 47.0744701 ], [ -80.1662234, 47.0743791 ], [ -80.1666329, 47.0742438 ], [ -80.1669742, 47.0741891 ], [ -80.1673796, 47.0741815 ], [ -80.1676791, 47.0740925 ], [ -80.1678358, 47.0739895 ], [ -80.1679748, 47.0737827 ], [ -80.1679578, 47.0737157 ], [ -80.1677967, 47.0735612 ], [ -80.1676435, 47.0734997 ], [ -80.1671352, 47.0734172 ], [ -80.1668349, 47.0732767 ], [ -80.1664746, 47.0729614 ], [ -80.165833, 47.0719492 ], [ -80.165779, 47.071757 ], [ -80.1657782, 47.0715275 ], [ -80.1658834, 47.0713795 ], [ -80.1658833, 47.0711868 ], [ -80.1658221, 47.071131 ], [ -80.1657144, 47.0711319 ], [ -80.1656159, 47.0712994 ], [ -80.1653879, 47.0714917 ], [ -80.1651356, 47.0715608 ], [ -80.1651054, 47.0716476 ], [ -80.1654584, 47.0719067 ], [ -80.1656649, 47.0721237 ], [ -80.1658354, 47.0726375 ], [ -80.165951, 47.0727297 ], [ -80.165994, 47.0728376 ], [ -80.1657602, 47.0732399 ], [ -80.1657973, 47.0735578 ], [ -80.1660591, 47.0740406 ], [ -80.1660078, 47.0741882 ] ], [ [ -80.1764316, 47.0786951 ], [ -80.1759553, 47.0786362 ], [ -80.1752603, 47.0783951 ], [ -80.1744896, 47.0781784 ], [ -80.1740762, 47.078093 ], [ -80.1736447, 47.0780597 ], [ -80.1734523, 47.078111 ], [ -80.1734192, 47.0783992 ], [ -80.1731654, 47.0787433 ], [ -80.1725829, 47.0791442 ], [ -80.1723645, 47.0791546 ], [ -80.1720715, 47.0790704 ], [ -80.1718142, 47.0790378 ], [ -80.171663, 47.0790867 ], [ -80.1713945, 47.0793183 ], [ -80.1709132, 47.0798915 ], [ -80.1706193, 47.080119 ], [ -80.1701927, 47.0801874 ], [ -80.1702267, 47.0803213 ], [ -80.1713978, 47.0809699 ], [ -80.1717828, 47.0810599 ], [ -80.1719159, 47.0810632 ], [ -80.1722493, 47.0809154 ], [ -80.1728756, 47.0808519 ], [ -80.1733518, 47.0807182 ], [ -80.1739591, 47.0802846 ], [ -80.1741545, 47.0802246 ], [ -80.1744372, 47.0802613 ], [ -80.1748549, 47.0804116 ], [ -80.1751018, 47.0803966 ], [ -80.1754054, 47.0801798 ], [ -80.1755983, 47.0799726 ], [ -80.1758312, 47.0798819 ], [ -80.1761611, 47.0798987 ], [ -80.1763821, 47.0800355 ], [ -80.1764215, 47.0801152 ], [ -80.1766335, 47.080278 ], [ -80.1768376, 47.0803478 ], [ -80.1771383, 47.0803323 ], [ -80.1777567, 47.0801758 ], [ -80.1778528, 47.0800538 ], [ -80.1778464, 47.0796858 ], [ -80.1776719, 47.0794924 ], [ -80.1763861, 47.0791739 ], [ -80.1762958, 47.0790859 ], [ -80.1763314, 47.0789449 ], [ -80.1765232, 47.0788567 ], [ -80.1765055, 47.0787529 ], [ -80.1764316, 47.0786951 ] ], [ [ -80.1733383, 47.0817617 ], [ -80.1731597, 47.081696 ], [ -80.172785, 47.0816536 ], [ -80.1719927, 47.0816535 ], [ -80.1717499, 47.0815407 ], [ -80.1717038, 47.0814415 ], [ -80.1711417, 47.0815522 ], [ -80.1709124, 47.0816709 ], [ -80.1707904, 47.0819447 ], [ -80.1709166, 47.082277 ], [ -80.1711443, 47.0824332 ], [ -80.1713992, 47.0825112 ], [ -80.1725763, 47.0824086 ], [ -80.1730658, 47.0823137 ], [ -80.1733296, 47.082173 ], [ -80.1734354, 47.0820618 ], [ -80.1734546, 47.0818906 ], [ -80.1733383, 47.0817617 ] ], [ [ -80.1886464, 47.0806015 ], [ -80.188724, 47.0806874 ], [ -80.1887162, 47.0807871 ], [ -80.1894462, 47.08174 ], [ -80.189724, 47.0822161 ], [ -80.1897291, 47.082859 ], [ -80.1895777, 47.0832564 ], [ -80.1895802, 47.0837521 ], [ -80.1896457, 47.0838728 ], [ -80.1900371, 47.0841379 ], [ -80.1902472, 47.0841903 ], [ -80.1908296, 47.0843305 ], [ -80.1910059, 47.0844416 ], [ -80.1910835, 47.0845276 ], [ -80.1912019, 47.0847669 ], [ -80.1911707, 47.0849728 ], [ -80.1912064, 47.0850244 ], [ -80.1911733, 47.08512 ], [ -80.1912507, 47.0855544 ], [ -80.1913163, 47.0856751 ], [ -80.19154, 47.085959 ], [ -80.1918775, 47.0862246 ], [ -80.1924329, 47.086443 ], [ -80.1926704, 47.0866099 ], [ -80.1927068, 47.0866983 ], [ -80.192506, 47.0868126 ], [ -80.1924602, 47.086906 ], [ -80.1933068, 47.0876393 ], [ -80.1938875, 47.0882103 ], [ -80.1944747, 47.0886081 ], [ -80.1948581, 47.0887802 ], [ -80.1951157, 47.0890054 ], [ -80.1952334, 47.0892079 ], [ -80.1952798, 47.0894997 ], [ -80.1951806, 47.089979 ], [ -80.1951906, 47.0901824 ], [ -80.1953405, 47.0904085 ], [ -80.1953671, 47.0908347 ], [ -80.195537, 47.091119 ], [ -80.1960443, 47.0914763 ], [ -80.1964344, 47.0916679 ], [ -80.1967911, 47.0917623 ], [ -80.1978222, 47.09181 ], [ -80.197961, 47.0919517 ], [ -80.1979667, 47.0920902 ], [ -80.1978277, 47.092297 ], [ -80.1977772, 47.0924815 ], [ -80.1977149, 47.0925448 ], [ -80.1976639, 47.0928851 ], [ -80.1978523, 47.0929614 ], [ -80.1978728, 47.0928638 ], [ -80.1979538, 47.0927852 ], [ -80.1979977, 47.0925814 ], [ -80.1982042, 47.0922571 ], [ -80.1982963, 47.0919143 ], [ -80.1982549, 47.0917241 ], [ -80.1977007, 47.0915794 ], [ -80.1969856, 47.0914728 ], [ -80.196575, 47.0913788 ], [ -80.1962388, 47.0911868 ], [ -80.1960283, 47.0909418 ], [ -80.1957012, 47.0903751 ], [ -80.1954461, 47.089756 ], [ -80.195477, 47.0893574 ], [ -80.1954405, 47.0892689 ], [ -80.1954403, 47.0890763 ], [ -80.1953389, 47.0889039 ], [ -80.1952589, 47.0888635 ], [ -80.1943858, 47.0882451 ], [ -80.1942754, 47.0880989 ], [ -80.1942781, 47.0878975 ], [ -80.1948565, 47.0872757 ], [ -80.1950259, 47.0871747 ], [ -80.1953478, 47.0870984 ], [ -80.1955887, 47.0871008 ], [ -80.196195, 47.0873273 ], [ -80.1964426, 47.0873491 ], [ -80.1966066, 47.0873022 ], [ -80.1967662, 47.0871905 ], [ -80.1967799, 47.0870735 ], [ -80.1965562, 47.0867896 ], [ -80.1961102, 47.0864881 ], [ -80.1959794, 47.0864394 ], [ -80.1955187, 47.086374 ], [ -80.1948946, 47.0863922 ], [ -80.1945912, 47.0862605 ], [ -80.1944366, 47.0861254 ], [ -80.1942701, 47.0856765 ], [ -80.1942182, 47.0848976 ], [ -80.1942543, 47.0847934 ], [ -80.1942581, 47.084473 ], [ -80.1944717, 47.0840123 ], [ -80.1947757, 47.0836396 ], [ -80.194935, 47.0833352 ], [ -80.1950874, 47.0828187 ], [ -80.1950883, 47.0821585 ], [ -80.1949278, 47.0816922 ], [ -80.1948382, 47.081641 ], [ -80.1947519, 47.0814253 ], [ -80.1948025, 47.0812408 ], [ -80.1949748, 47.0811312 ], [ -80.1954734, 47.0810101 ], [ -80.1957718, 47.0810401 ], [ -80.1960207, 47.0811354 ], [ -80.1963445, 47.0811695 ], [ -80.1965265, 47.0810706 ], [ -80.1966788, 47.0809026 ], [ -80.1973536, 47.0808926 ], [ -80.1976507, 47.080849 ], [ -80.1980566, 47.0806854 ], [ -80.1982845, 47.080493 ], [ -80.2001171, 47.079313 ], [ -80.2011215, 47.0787786 ], [ -80.2025722, 47.0780412 ], [ -80.2033306, 47.0777512 ], [ -80.2035531, 47.077613 ], [ -80.2038622, 47.0775346 ], [ -80.2041158, 47.0775389 ], [ -80.2049174, 47.0773568 ], [ -80.2055855, 47.0769788 ], [ -80.2061448, 47.0767208 ], [ -80.2067135, 47.0762809 ], [ -80.2065506, 47.0762087 ], [ -80.2050837, 47.076219 ], [ -80.2046629, 47.0760775 ], [ -80.2045043, 47.0760702 ], [ -80.2043755, 47.0761319 ], [ -80.2042103, 47.0761051 ], [ -80.2041701, 47.0759886 ], [ -80.204213, 47.0759038 ], [ -80.2045896, 47.0757079 ], [ -80.2046228, 47.0756124 ], [ -80.2045833, 47.0755327 ], [ -80.2044428, 47.0754732 ], [ -80.2041354, 47.0754693 ], [ -80.2039972, 47.0753644 ], [ -80.2038795, 47.0751619 ], [ -80.2034881, 47.0748968 ], [ -80.2032654, 47.0748424 ], [ -80.2028499, 47.0746468 ], [ -80.2024819, 47.0746239 ], [ -80.2022715, 47.0747274 ], [ -80.2019865, 47.0747363 ], [ -80.2018213, 47.0747096 ], [ -80.2017045, 47.0747365 ], [ -80.2016981, 47.0749098 ], [ -80.2018975, 47.0750704 ], [ -80.2019092, 47.0751915 ], [ -80.201778, 47.0752987 ], [ -80.2013151, 47.0752788 ], [ -80.2011016, 47.075391 ], [ -80.2008996, 47.0754317 ], [ -80.2006005, 47.0753649 ], [ -80.2000542, 47.0754691 ], [ -80.1997585, 47.0755863 ], [ -80.1992619, 47.0761663 ], [ -80.1988852, 47.0763621 ], [ -80.1986765, 47.0763833 ], [ -80.1984754, 47.0763049 ], [ -80.198437, 47.0761061 ], [ -80.1983915, 47.0760437 ], [ -80.1982644, 47.0760231 ], [ -80.1980219, 47.0761031 ], [ -80.1977124, 47.0763373 ], [ -80.1971953, 47.0770148 ], [ -80.1961751, 47.0779044 ], [ -80.1956862, 47.0783847 ], [ -80.1955887, 47.0787817 ], [ -80.1954636, 47.0788715 ], [ -80.19529, 47.0789075 ], [ -80.1950802, 47.0790478 ], [ -80.1950764, 47.0793682 ], [ -80.1946193, 47.0796794 ], [ -80.1945801, 47.0797923 ], [ -80.1945901, 47.0799957 ], [ -80.1947155, 47.0800986 ], [ -80.1951698, 47.0803373 ], [ -80.195083, 47.0806259 ], [ -80.1950111, 47.0806784 ], [ -80.1949967, 47.0807587 ], [ -80.1946761, 47.0809085 ], [ -80.1943358, 47.0811928 ], [ -80.1936823, 47.0813346 ], [ -80.1930864, 47.0815041 ], [ -80.1926622, 47.0815271 ], [ -80.1924829, 47.0814247 ], [ -80.1924083, 47.0813301 ], [ -80.1924475, 47.0812172 ], [ -80.1927075, 47.0810483 ], [ -80.192668, 47.0809686 ], [ -80.1920649, 47.0807333 ], [ -80.1918652, 47.0807285 ], [ -80.1915905, 47.0807849 ], [ -80.1914845, 47.0807035 ], [ -80.191037, 47.0801357 ], [ -80.1901424, 47.0786517 ], [ -80.1898157, 47.0782777 ], [ -80.1891518, 47.0778308 ], [ -80.1889732, 47.0777652 ], [ -80.1886427, 47.0777116 ], [ -80.1883186, 47.0774848 ], [ -80.1882173, 47.0773125 ], [ -80.1882189, 47.0766891 ], [ -80.1882969, 47.0766191 ], [ -80.1882973, 47.0764633 ], [ -80.1882198, 47.0763773 ], [ -80.1882171, 47.0762302 ], [ -80.187981, 47.0761369 ], [ -80.1878961, 47.0759947 ], [ -80.188292, 47.0756278 ], [ -80.1882948, 47.0754264 ], [ -80.1882631, 47.075247 ], [ -80.1882146, 47.0751933 ], [ -80.188209, 47.0750548 ], [ -80.1882887, 47.0749026 ], [ -80.1884797, 47.0747777 ], [ -80.1888565, 47.0745819 ], [ -80.1891838, 47.074103 ], [ -80.1892967, 47.0738552 ], [ -80.1892994, 47.0736539 ], [ -80.1892109, 47.0734836 ], [ -80.1890146, 47.0733143 ], [ -80.1888838, 47.0732656 ], [ -80.1880913, 47.0734215 ], [ -80.1873128, 47.073653 ], [ -80.1867792, 47.0737592 ], [ -80.186538, 47.0739127 ], [ -80.1865279, 47.074599 ], [ -80.1866212, 47.0746783 ], [ -80.1866227, 47.0749445 ], [ -80.186713, 47.0750325 ], [ -80.1867288, 47.0755671 ], [ -80.18679, 47.0756229 ], [ -80.1867471, 47.0757076 ], [ -80.1867963, 47.0757982 ], [ -80.1867974, 47.0762203 ], [ -80.186875, 47.0763062 ], [ -80.1868722, 47.0765075 ], [ -80.1869715, 47.0765695 ], [ -80.1869578, 47.0766865 ], [ -80.187042, 47.0767919 ], [ -80.1870373, 47.0768828 ], [ -80.1871306, 47.0769622 ], [ -80.1871228, 47.0770618 ], [ -80.1872064, 47.0771304 ], [ -80.1872114, 47.0772321 ], [ -80.1874625, 47.0776305 ], [ -80.1877189, 47.0779747 ], [ -80.1880934, 47.0783656 ], [ -80.1883772, 47.0788243 ], [ -80.1883859, 47.0789541 ], [ -80.1884701, 47.0790595 ], [ -80.188463, 47.0791959 ], [ -80.1885624, 47.0792579 ], [ -80.1885559, 47.0794311 ], [ -80.1886275, 47.0795344 ], [ -80.188643, 47.0798763 ], [ -80.1887139, 47.0799428 ], [ -80.1887205, 47.0803108 ], [ -80.1886365, 47.0803981 ], [ -80.1886464, 47.0806015 ] ], [ [ -80.2058689, 47.0821241 ], [ -80.2058799, 47.0818599 ], [ -80.2058211, 47.0817587 ], [ -80.2057217, 47.0816968 ], [ -80.2054607, 47.0816362 ], [ -80.2050927, 47.0816133 ], [ -80.2049606, 47.0814911 ], [ -80.2049241, 47.0814026 ], [ -80.2047498, 47.0814019 ], [ -80.204174, 47.0819783 ], [ -80.2040441, 47.082159 ], [ -80.2030422, 47.0842348 ], [ -80.2024974, 47.0849538 ], [ -80.2022825, 47.0853409 ], [ -80.202252, 47.0855836 ], [ -80.2023902, 47.0856886 ], [ -80.2025077, 47.0856984 ], [ -80.2027285, 47.0856424 ], [ -80.2029547, 47.0855323 ], [ -80.2032642, 47.085298 ], [ -80.2041041, 47.0847736 ], [ -80.2042574, 47.0844865 ], [ -80.2043096, 47.0842198 ], [ -80.2043809, 47.0841304 ], [ -80.2043702, 47.0838903 ], [ -80.2044294, 47.0838356 ], [ -80.2044575, 47.0836384 ], [ -80.2045542, 47.0835532 ], [ -80.2045686, 47.0834729 ], [ -80.2047958, 47.0832437 ], [ -80.2048042, 47.0831809 ], [ -80.2051445, 47.0828966 ], [ -80.2055189, 47.0827462 ], [ -80.2057631, 47.082584 ], [ -80.2058689, 47.0821241 ] ], [ [ -80.1796234, 47.086514 ], [ -80.1800436, 47.0866188 ], [ -80.1801048, 47.0866746 ], [ -80.1801292, 47.0867978 ], [ -80.1799999, 47.0870153 ], [ -80.1799335, 47.0872064 ], [ -80.1800643, 47.0872551 ], [ -80.1802761, 47.0872252 ], [ -80.180772, 47.0867644 ], [ -80.1809601, 47.0866481 ], [ -80.1811278, 47.0866294 ], [ -80.1814499, 47.0867458 ], [ -80.1821671, 47.0866144 ], [ -80.1837069, 47.0865888 ], [ -80.1841422, 47.0866501 ], [ -80.1849001, 47.086672 ], [ -80.1851846, 47.0866264 ], [ -80.1857136, 47.0866112 ], [ -80.1862775, 47.0864182 ], [ -80.186552, 47.0861692 ], [ -80.1861843, 47.0859904 ], [ -80.185735, 47.0858534 ], [ -80.1853131, 47.0858309 ], [ -80.1844742, 47.0858876 ], [ -80.1839289, 47.0858726 ], [ -80.1833755, 47.0857645 ], [ -80.1829667, 47.0855882 ], [ -80.1827219, 47.0853651 ], [ -80.1825756, 47.0849745 ], [ -80.1823788, 47.084961 ], [ -80.1823735, 47.0850151 ], [ -80.1818257, 47.0850456 ], [ -80.1817035, 47.0851267 ], [ -80.1818345, 47.0853681 ], [ -80.1821151, 47.0856429 ], [ -80.1822164, 47.0858152 ], [ -80.1823039, 47.0861046 ], [ -80.1822828, 47.0861653 ], [ -80.1820335, 47.0862258 ], [ -80.181465, 47.0861612 ], [ -80.181037, 47.0861561 ], [ -80.1805475, 47.086251 ], [ -80.1797969, 47.0862853 ], [ -80.1796125, 47.0864297 ], [ -80.1796234, 47.086514 ] ], [ [ -80.177021, 47.0928435 ], [ -80.176906, 47.0927881 ], [ -80.1769331, 47.09271 ], [ -80.1771763, 47.0924742 ], [ -80.1771834, 47.0923377 ], [ -80.1770894, 47.0922216 ], [ -80.1769362, 47.0921601 ], [ -80.1767776, 47.0921527 ], [ -80.1765633, 47.0922281 ], [ -80.1761808, 47.0922853 ], [ -80.1758448, 47.0922859 ], [ -80.1755676, 47.0923877 ], [ -80.1752595, 47.0923469 ], [ -80.1748373, 47.0921317 ], [ -80.1745321, 47.0920822 ], [ -80.1740963, 47.0921767 ], [ -80.1738955, 47.0922909 ], [ -80.1738495, 47.0923844 ], [ -80.174084, 47.09256 ], [ -80.1746833, 47.0925746 ], [ -80.1751693, 47.0929928 ], [ -80.1752729, 47.0936609 ], [ -80.1754558, 47.0937914 ], [ -80.1756084, 47.0938162 ], [ -80.1759498, 47.0937614 ], [ -80.1763972, 47.0937881 ], [ -80.1766455, 47.0938467 ], [ -80.1777345, 47.0943076 ], [ -80.1779634, 47.0943447 ], [ -80.1782104, 47.0943297 ], [ -80.1782932, 47.0941688 ], [ -80.1782725, 47.0940737 ], [ -80.1777085, 47.0937254 ], [ -80.177451, 47.0935002 ], [ -80.1772902, 47.0931898 ], [ -80.17727, 47.0929389 ], [ -80.1771124, 47.0928124 ], [ -80.177021, 47.0928435 ] ], [ [ -80.2072558, 47.0939235 ], [ -80.2065293, 47.0938885 ], [ -80.2060654, 47.0938318 ], [ -80.2054828, 47.0936917 ], [ -80.2050023, 47.0934122 ], [ -80.2047255, 47.0933582 ], [ -80.2046438, 47.0934 ], [ -80.2046448, 47.0936295 ], [ -80.2047225, 47.0937154 ], [ -80.2047372, 47.0938279 ], [ -80.2049125, 47.094058 ], [ -80.2051973, 47.094205 ], [ -80.2059071, 47.0943657 ], [ -80.2060835, 47.0944768 ], [ -80.2063991, 47.0945737 ], [ -80.2069851, 47.0945492 ], [ -80.2074593, 47.0946535 ], [ -80.207799, 47.0946809 ], [ -80.2080139, 47.0946423 ], [ -80.2080112, 47.0944951 ], [ -80.2078442, 47.0942021 ], [ -80.2076253, 47.0940199 ], [ -80.2072558, 47.0939235 ] ], [ [ -80.1829292, 47.0955163 ], [ -80.1832391, 47.0954748 ], [ -80.1833891, 47.0953523 ], [ -80.1834712, 47.0951547 ], [ -80.1833736, 47.0950104 ], [ -80.183377, 47.0948459 ], [ -80.183194, 47.0947153 ], [ -80.1830531, 47.0948117 ], [ -80.1830453, 47.0949114 ], [ -80.1827975, 47.0952381 ], [ -80.182599, 47.0953069 ], [ -80.1822895, 47.0951925 ], [ -80.1821151, 47.0951918 ], [ -80.1815558, 47.0952938 ], [ -80.1809728, 47.0953094 ], [ -80.181034, 47.0953652 ], [ -80.1816705, 47.095505 ], [ -80.1817554, 47.0956472 ], [ -80.1821822, 47.0955787 ], [ -80.182393, 47.0956679 ], [ -80.1825516, 47.0956753 ], [ -80.1829292, 47.0955163 ] ], [ [ -80.1928996, 47.096434 ], [ -80.1929224, 47.096291 ], [ -80.1928107, 47.0960711 ], [ -80.1925142, 47.095803 ], [ -80.1925133, 47.0955735 ], [ -80.192357, 47.0955207 ], [ -80.192262, 47.0955236 ], [ -80.1921394, 47.0957606 ], [ -80.1918054, 47.0958716 ], [ -80.1917588, 47.0959283 ], [ -80.1917504, 47.0959912 ], [ -80.1919268, 47.0961023 ], [ -80.1921332, 47.0961265 ], [ -80.1923993, 47.0962888 ], [ -80.1924521, 47.0964075 ], [ -80.192686, 47.0965462 ], [ -80.1928192, 47.0965495 ], [ -80.1928996, 47.096434 ] ], [ [ -80.2017442, 47.0988929 ], [ -80.2018848, 47.0989524 ], [ -80.2019313, 47.0988957 ], [ -80.2019454, 47.0986228 ], [ -80.2020238, 47.098397 ], [ -80.2019746, 47.0983065 ], [ -80.2017728, 47.0981913 ], [ -80.2015639, 47.0982125 ], [ -80.201518, 47.098306 ], [ -80.2016559, 47.0985668 ], [ -80.2017442, 47.0988929 ] ], [ [ -80.1790799, 47.1018 ], [ -80.1792082, 47.1017015 ], [ -80.1792136, 47.1016474 ], [ -80.1793727, 47.1014989 ], [ -80.1793643, 47.1010205 ], [ -80.1797652, 47.1005626 ], [ -80.1797918, 47.1004476 ], [ -80.1796743, 47.1004378 ], [ -80.1794607, 47.1005499 ], [ -80.1791658, 47.100548 ], [ -80.1790358, 47.1007288 ], [ -80.1790347, 47.1008478 ], [ -80.1789536, 47.1009264 ], [ -80.1789204, 47.101022 ], [ -80.1786423, 47.1014356 ], [ -80.1784494, 47.1016428 ], [ -80.1778771, 47.1020913 ], [ -80.1773019, 47.1021999 ], [ -80.1770266, 47.1024121 ], [ -80.1764382, 47.1032158 ], [ -80.1764111, 47.1032939 ], [ -80.1758637, 47.1039024 ], [ -80.1755204, 47.1045806 ], [ -80.1754484, 47.1046332 ], [ -80.175394, 47.1047895 ], [ -80.1752701, 47.1049529 ], [ -80.1751569, 47.1050079 ], [ -80.1745392, 47.1050454 ], [ -80.1741766, 47.1051609 ], [ -80.17387, 47.1055791 ], [ -80.1736177, 47.1058409 ], [ -80.1734732, 47.1061019 ], [ -80.1735163, 47.1062098 ], [ -80.1739304, 47.1066806 ], [ -80.1740245, 47.1069894 ], [ -80.173779, 47.1080046 ], [ -80.1737779, 47.1081236 ], [ -80.1738519, 47.1081815 ], [ -80.1738756, 47.1082679 ], [ -80.174156, 47.1083501 ], [ -80.1743697, 47.1082379 ], [ -80.1746938, 47.1077309 ], [ -80.1748545, 47.1073074 ], [ -80.1748731, 47.1070994 ], [ -80.1749354, 47.1070361 ], [ -80.17496, 47.1068107 ], [ -80.1750314, 47.1067214 ], [ -80.1751509, 47.1063004 ], [ -80.1753738, 47.1058137 ], [ -80.1764929, 47.1045273 ], [ -80.1766966, 47.1042117 ], [ -80.1767723, 47.103646 ], [ -80.1770293, 47.1032932 ], [ -80.1770328, 47.1031287 ], [ -80.1771889, 47.1029888 ], [ -80.177213, 47.1029194 ], [ -80.1778805, 47.1024679 ], [ -80.1790799, 47.1018 ] ], [ [ -80.2109118, 47.1052646 ], [ -80.2106176, 47.1052996 ], [ -80.2102008, 47.105223 ], [ -80.2098905, 47.105072 ], [ -80.2098774, 47.1048772 ], [ -80.2099611, 47.1045972 ], [ -80.209861, 47.1044985 ], [ -80.2097308, 47.1044866 ], [ -80.2095383, 47.104538 ], [ -80.2094262, 47.1044741 ], [ -80.2094004, 47.1042773 ], [ -80.2092742, 47.1041376 ], [ -80.2090107, 47.1041225 ], [ -80.2086459, 47.1039351 ], [ -80.2085321, 47.1039534 ], [ -80.2084541, 47.1040233 ], [ -80.208358, 47.1041454 ], [ -80.2083376, 47.104243 ], [ -80.2081913, 47.1043936 ], [ -80.208196, 47.1046512 ], [ -80.2082864, 47.1047392 ], [ -80.2083587, 47.1048793 ], [ -80.2083617, 47.1052192 ], [ -80.2084879, 47.1053588 ], [ -80.2088444, 47.1056091 ], [ -80.2090935, 47.1057044 ], [ -80.2094496, 47.105762 ], [ -80.2104077, 47.106137 ], [ -80.21085, 47.1062177 ], [ -80.2109862, 47.1062122 ], [ -80.211104, 47.1060662 ], [ -80.2109932, 47.1057272 ], [ -80.2110213, 47.10553 ], [ -80.2116037, 47.1051288 ], [ -80.2116211, 47.1050399 ], [ -80.2115314, 47.1049887 ], [ -80.2112395, 47.1049782 ], [ -80.211044, 47.1050383 ], [ -80.2109118, 47.1052646 ] ], [ [ -80.1908025, 47.104717 ], [ -80.1910197, 47.1040917 ], [ -80.1913559, 47.1037426 ], [ -80.1913697, 47.1036255 ], [ -80.1912696, 47.1035268 ], [ -80.1906976, 47.1032782 ], [ -80.1905711, 47.1032944 ], [ -80.1903353, 47.1035865 ], [ -80.1900598, 47.1044959 ], [ -80.1899807, 47.1046849 ], [ -80.1897751, 47.1048901 ], [ -80.189715, 47.1052565 ], [ -80.1896299, 47.1054628 ], [ -80.1893525, 47.1059133 ], [ -80.1892614, 47.106137 ], [ -80.1890025, 47.1063795 ], [ -80.1887607, 47.1066889 ], [ -80.1887626, 47.1067993 ], [ -80.1891318, 47.1070517 ], [ -80.189262, 47.1070636 ], [ -80.1896044, 47.1072383 ], [ -80.1897728, 47.1072564 ], [ -80.1898612, 47.107234 ], [ -80.1900366, 47.1071157 ], [ -80.1908178, 47.1057561 ], [ -80.1908622, 47.1053963 ], [ -80.1908025, 47.104717 ] ], [ [ -80.2085298, 47.1120158 ], [ -80.2087099, 47.112155 ], [ -80.2088753, 47.1121817 ], [ -80.2091047, 47.1120628 ], [ -80.2091693, 47.111954 ], [ -80.2091261, 47.1118462 ], [ -80.2088211, 47.1116409 ], [ -80.2086098, 47.1113591 ], [ -80.2083698, 47.1112377 ], [ -80.2081578, 47.1112677 ], [ -80.2080199, 47.1113554 ], [ -80.2080413, 47.1114873 ], [ -80.2085298, 47.1120158 ] ], [ [ -80.200625, 47.1164797 ], [ -80.2007583, 47.1161343 ], [ -80.2006207, 47.1160662 ], [ -80.2004875, 47.116063 ], [ -80.2003335, 47.1159647 ], [ -80.2004192, 47.1157951 ], [ -80.2003372, 47.1156442 ], [ -80.2002542, 47.1156124 ], [ -80.2001561, 47.1156241 ], [ -80.2000944, 47.1157242 ], [ -80.2000351, 47.1161274 ], [ -80.2003776, 47.1163021 ], [ -80.200464, 47.1165178 ], [ -80.2005155, 47.1165629 ], [ -80.200625, 47.1164797 ] ], [ [ -80.1937085, 47.1166999 ], [ -80.1934525, 47.1163924 ], [ -80.1934523, 47.1158512 ], [ -80.1935364, 47.1157639 ], [ -80.1935489, 47.1155732 ], [ -80.1935439, 47.1154715 ], [ -80.1933775, 47.1152153 ], [ -80.193392, 47.1151351 ], [ -80.1935474, 47.1149584 ], [ -80.1938387, 47.1149321 ], [ -80.194044, 47.1148828 ], [ -80.1940805, 47.1146227 ], [ -80.1940404, 47.1145061 ], [ -80.1936986, 47.1143682 ], [ -80.1935409, 47.1142418 ], [ -80.1935353, 47.1141033 ], [ -80.1934419, 47.114024 ], [ -80.1934537, 47.1137966 ], [ -80.1936262, 47.1136869 ], [ -80.193886, 47.1136739 ], [ -80.1940354, 47.1135146 ], [ -80.1939534, 47.1133637 ], [ -80.1934519, 47.112989 ], [ -80.1934252, 47.1129113 ], [ -80.1933311, 47.1127952 ], [ -80.1932026, 47.112701 ], [ -80.193205, 47.1126555 ], [ -80.1929894, 47.1126573 ], [ -80.1928865, 47.1127599 ], [ -80.1929431, 47.1129067 ], [ -80.1931924, 47.1131947 ], [ -80.1932053, 47.113738 ], [ -80.1931212, 47.1138253 ], [ -80.193092, 47.1141416 ], [ -80.1930297, 47.1142049 ], [ -80.1927789, 47.1150817 ], [ -80.1925309, 47.1166469 ], [ -80.192506, 47.1170282 ], [ -80.1925441, 47.1173829 ], [ -80.1924764, 47.1175004 ], [ -80.1922433, 47.1175911 ], [ -80.191803, 47.1176207 ], [ -80.1916305, 47.1177304 ], [ -80.1915035, 47.1179025 ], [ -80.1915014, 47.1181407 ], [ -80.1915773, 47.1183089 ], [ -80.1917933, 47.1184998 ], [ -80.1917995, 47.1186751 ], [ -80.1915806, 47.1193828 ], [ -80.1915284, 47.1201908 ], [ -80.1915876, 47.1204847 ], [ -80.1918714, 47.1207508 ], [ -80.192001, 47.120726 ], [ -80.1921233, 47.1206448 ], [ -80.1922035, 47.1203367 ], [ -80.1924986, 47.11999 ], [ -80.192852, 47.1197078 ], [ -80.1930326, 47.1193426 ], [ -80.1930869, 47.1191862 ], [ -80.1931289, 47.1188719 ], [ -80.1930445, 47.1187666 ], [ -80.1928741, 47.1186381 ], [ -80.1928327, 47.1184479 ], [ -80.192893, 47.1182742 ], [ -80.1932015, 47.1179663 ], [ -80.1932044, 47.1174164 ], [ -80.1933035, 47.1172857 ], [ -80.1935413, 47.117104 ], [ -80.193684, 47.1169253 ], [ -80.1937045, 47.1168277 ], [ -80.1937085, 47.1166999 ] ], [ [ -80.2008801, 47.1191903 ], [ -80.2007073, 47.1191074 ], [ -80.2007197, 47.1189167 ], [ -80.2007934, 47.1187819 ], [ -80.2007944, 47.1186628 ], [ -80.20063, 47.1185169 ], [ -80.2005819, 47.1183073 ], [ -80.2005986, 47.1181816 ], [ -80.2004111, 47.1179862 ], [ -80.2001955, 47.117988 ], [ -80.2001272, 47.1180687 ], [ -80.2000923, 47.1182465 ], [ -80.2001529, 47.118614 ], [ -80.2003868, 47.1191014 ], [ -80.2004119, 47.11961 ], [ -80.2001386, 47.1199327 ], [ -80.1999258, 47.1202744 ], [ -80.1996995, 47.1203845 ], [ -80.1995856, 47.1204028 ], [ -80.1994325, 47.120534 ], [ -80.1992155, 47.1208108 ], [ -80.1989626, 47.1210359 ], [ -80.1988792, 47.12116 ], [ -80.1988715, 47.1212597 ], [ -80.1990935, 47.1214332 ], [ -80.1995442, 47.1214511 ], [ -80.2001045, 47.1213857 ], [ -80.2002414, 47.1214171 ], [ -80.2004316, 47.1214111 ], [ -80.200586, 47.1213536 ], [ -80.2006199, 47.1212948 ], [ -80.200631, 47.1210306 ], [ -80.2008446, 47.1209184 ], [ -80.2014672, 47.1207897 ], [ -80.2018409, 47.1207584 ], [ -80.2019661, 47.1206686 ], [ -80.2021045, 47.120425 ], [ -80.2022502, 47.1202375 ], [ -80.2025881, 47.1201546 ], [ -80.2027297, 47.1200949 ], [ -80.2030285, 47.1197763 ], [ -80.2031634, 47.1196972 ], [ -80.2035867, 47.1196006 ], [ -80.2038496, 47.1195789 ], [ -80.204022, 47.1194692 ], [ -80.2040605, 47.1193194 ], [ -80.2039447, 47.1188787 ], [ -80.2038409, 47.1187519 ], [ -80.2036966, 47.1186643 ], [ -80.2035948, 47.1186479 ], [ -80.2029763, 47.1186488 ], [ -80.2025956, 47.1188165 ], [ -80.2011852, 47.1186985 ], [ -80.201072, 47.1187535 ], [ -80.2013807, 47.1189869 ], [ -80.2013445, 47.1190912 ], [ -80.2008801, 47.1191903 ] ], [ [ -80.1708475, 47.121997 ], [ -80.1711013, 47.1220014 ], [ -80.171283, 47.1218657 ], [ -80.1716223, 47.1213152 ], [ -80.1715956, 47.1212375 ], [ -80.1715162, 47.1212338 ], [ -80.1708629, 47.121605 ], [ -80.1705146, 47.1216403 ], [ -80.1703953, 47.1217127 ], [ -80.1703906, 47.1218037 ], [ -80.1705355, 47.1219281 ], [ -80.1708475, 47.121997 ] ], [ [ -80.1608534, 47.0679304 ], [ -80.1609805, 47.0679511 ], [ -80.161096, 47.0678506 ], [ -80.1611436, 47.0676748 ], [ -80.1610588, 47.0675327 ], [ -80.1609318, 47.067512 ], [ -80.1607715, 47.0675869 ], [ -80.1606966, 47.0678408 ], [ -80.1608534, 47.0679304 ] ], [ [ -80.1644443, 47.0735492 ], [ -80.1644586, 47.0732763 ], [ -80.1643556, 47.0731862 ], [ -80.1643693, 47.0728766 ], [ -80.1643233, 47.0727774 ], [ -80.1641932, 47.0727654 ], [ -80.1641115, 47.0728072 ], [ -80.1641177, 47.0729825 ], [ -80.1640252, 47.0731326 ], [ -80.1640296, 47.0733902 ], [ -80.1641562, 47.0735666 ], [ -80.1643783, 47.0735843 ], [ -80.1644443, 47.0735492 ] ], [ [ -80.1560006, 47.074123 ], [ -80.1555768, 47.0737974 ], [ -80.1554696, 47.0736424 ], [ -80.1552037, 47.0730946 ], [ -80.1551224, 47.0725953 ], [ -80.1551247, 47.0723571 ], [ -80.1550016, 47.0720161 ], [ -80.1548485, 47.0719545 ], [ -80.1546966, 47.0719666 ], [ -80.1546192, 47.0720732 ], [ -80.1546677, 47.072127 ], [ -80.1547011, 47.0724168 ], [ -80.1545795, 47.0725346 ], [ -80.1544501, 47.0725595 ], [ -80.1543217, 47.0724652 ], [ -80.1542617, 47.0722904 ], [ -80.1541655, 47.0722197 ], [ -80.1540923, 47.0721986 ], [ -80.1539628, 47.0722235 ], [ -80.1539199, 47.0723082 ], [ -80.1539829, 47.0724744 ], [ -80.1539224, 47.072648 ], [ -80.1536987, 47.0729052 ], [ -80.1535662, 47.0729388 ], [ -80.1532545, 47.0728698 ], [ -80.1531153, 47.0728839 ], [ -80.1530718, 47.0729318 ], [ -80.1531573, 47.0733035 ], [ -80.1532227, 47.0734242 ], [ -80.1532355, 47.0736189 ], [ -80.1535563, 47.0738545 ], [ -80.1543293, 47.0742185 ], [ -80.1546203, 47.0741924 ], [ -80.1548734, 47.0743528 ], [ -80.1554592, 47.0745213 ], [ -80.1557938, 47.0744472 ], [ -80.1560904, 47.0745596 ], [ -80.1561587, 47.0744789 ], [ -80.1560074, 47.0743351 ], [ -80.1560006, 47.074123 ] ], [ [ -80.1512425, 47.0771847 ], [ -80.1513684, 47.0771317 ], [ -80.1515268, 47.0767538 ], [ -80.1519841, 47.0762502 ], [ -80.1520814, 47.0760091 ], [ -80.1520759, 47.0758706 ], [ -80.1519929, 47.0756462 ], [ -80.1518118, 47.0754333 ], [ -80.1513318, 47.0751535 ], [ -80.1509784, 47.0750502 ], [ -80.1507278, 47.075037 ], [ -80.1504876, 47.0750714 ], [ -80.1503067, 47.0752438 ], [ -80.1502209, 47.0754133 ], [ -80.1502469, 47.0754543 ], [ -80.1501876, 47.0755089 ], [ -80.1500754, 47.0763713 ], [ -80.1501869, 47.0765912 ], [ -80.1503987, 47.076754 ], [ -80.1506063, 47.076852 ], [ -80.1510676, 47.0771471 ], [ -80.1512425, 47.0771847 ] ], [ [ -80.1515678, 47.0791823 ], [ -80.15171, 47.0791595 ], [ -80.1518364, 47.0789507 ], [ -80.1518055, 47.0788081 ], [ -80.1517497, 47.0786981 ], [ -80.1516795, 47.0786683 ], [ -80.15144, 47.0789322 ], [ -80.1514074, 47.0790645 ], [ -80.1514534, 47.0791637 ], [ -80.1515678, 47.0791823 ] ], [ [ -80.1422635, 47.0827619 ], [ -80.1424627, 47.0827301 ], [ -80.1426914, 47.0825746 ], [ -80.1429916, 47.0825225 ], [ -80.1430436, 47.0824117 ], [ -80.1429534, 47.0823236 ], [ -80.1427918, 47.0823249 ], [ -80.1425746, 47.0824088 ], [ -80.1424353, 47.0824229 ], [ -80.1421654, 47.0825809 ], [ -80.1420977, 47.0826983 ], [ -80.1421461, 47.082752 ], [ -80.1422635, 47.0827619 ] ], [ [ -80.1607299, 47.083688 ], [ -80.1608812, 47.0836391 ], [ -80.1615259, 47.0837163 ], [ -80.1617685, 47.0836364 ], [ -80.1618272, 47.083545 ], [ -80.1616958, 47.0834595 ], [ -80.1606915, 47.0832965 ], [ -80.1604935, 47.0832093 ], [ -80.1601278, 47.0829481 ], [ -80.160032, 47.0827216 ], [ -80.1600386, 47.0825483 ], [ -80.160191, 47.0823804 ], [ -80.1603235, 47.0823469 ], [ -80.1607424, 47.0823782 ], [ -80.1608689, 47.0823621 ], [ -80.1609312, 47.0822988 ], [ -80.1609015, 47.0822297 ], [ -80.1603529, 47.081838 ], [ -80.1602674, 47.081659 ], [ -80.1603423, 47.0814051 ], [ -80.1600649, 47.0811216 ], [ -80.1592791, 47.0807555 ], [ -80.159149, 47.0807436 ], [ -80.1588996, 47.080804 ], [ -80.1587265, 47.0806842 ], [ -80.1586073, 47.0807565 ], [ -80.1585928, 47.0808367 ], [ -80.1586413, 47.0808905 ], [ -80.1586819, 47.0810438 ], [ -80.1588969, 47.081198 ], [ -80.1594816, 47.0812929 ], [ -80.15953, 47.0813467 ], [ -80.1595125, 47.0814355 ], [ -80.1583486, 47.0813842 ], [ -80.1580273, 47.0814971 ], [ -80.1579499, 47.0816038 ], [ -80.1579343, 47.0818031 ], [ -80.1579749, 47.0819565 ], [ -80.1581681, 47.0821346 ], [ -80.1584787, 47.0823226 ], [ -80.1585151, 47.0824111 ], [ -80.1583639, 47.0826526 ], [ -80.1584311, 47.082691 ], [ -80.1586405, 47.0827067 ], [ -80.159003, 47.0825912 ], [ -80.1595155, 47.0823534 ], [ -80.1596487, 47.0823566 ], [ -80.1597637, 47.082412 ], [ -80.1597886, 47.082572 ], [ -80.1598498, 47.0826278 ], [ -80.1598459, 47.0831409 ], [ -80.1597836, 47.0832041 ], [ -80.1597855, 47.0833145 ], [ -80.1600248, 47.0837845 ], [ -80.1600334, 47.0839143 ], [ -80.1601079, 47.084009 ], [ -80.1601313, 47.0846366 ], [ -80.1602955, 47.0849751 ], [ -80.1603567, 47.0850309 ], [ -80.1603719, 47.0851802 ], [ -80.1604331, 47.085236 ], [ -80.1604358, 47.0855758 ], [ -80.1602603, 47.0856941 ], [ -80.1600642, 47.0857173 ], [ -80.1599576, 47.0855991 ], [ -80.1599587, 47.08548 ], [ -80.1598527, 47.0853986 ], [ -80.1596972, 47.0853825 ], [ -80.1595713, 47.0854355 ], [ -80.1595193, 47.0855463 ], [ -80.1592404, 47.0857304 ], [ -80.1589868, 47.0857259 ], [ -80.15881, 47.0857706 ], [ -80.1586188, 47.0858955 ], [ -80.1584791, 47.0860655 ], [ -80.1582528, 47.0861755 ], [ -80.1580585, 47.0861164 ], [ -80.1577611, 47.0857746 ], [ -80.1575913, 47.0852975 ], [ -80.1574756, 47.0852054 ], [ -80.157311, 47.0852153 ], [ -80.1569213, 47.0854089 ], [ -80.1561913, 47.0853455 ], [ -80.1559256, 47.0853757 ], [ -80.1555994, 47.0855796 ], [ -80.155608, 47.0857094 ], [ -80.1563872, 47.0860561 ], [ -80.1566112, 47.0861842 ], [ -80.1566797, 47.0862962 ], [ -80.1566448, 47.0866667 ], [ -80.1566884, 47.0868114 ], [ -80.1568338, 47.0869726 ], [ -80.1570318, 47.0870598 ], [ -80.1573895, 47.0870353 ], [ -80.157804, 47.086809 ], [ -80.158117, 47.0867589 ], [ -80.1584348, 47.0868105 ], [ -80.1586498, 47.0869647 ], [ -80.1588703, 47.0872573 ], [ -80.1589884, 47.0874967 ], [ -80.1590207, 47.0877129 ], [ -80.1592019, 47.0881184 ], [ -80.1594411, 47.0882031 ], [ -80.1597704, 47.0881832 ], [ -80.1599339, 47.0882923 ], [ -80.1599594, 47.088489 ], [ -80.1596224, 47.0888013 ], [ -80.1596159, 47.0889745 ], [ -80.1596953, 47.0891709 ], [ -80.1599297, 47.0893465 ], [ -80.1600284, 47.0893717 ], [ -80.1602129, 47.0892274 ], [ -80.160286, 47.0890558 ], [ -80.1602844, 47.0884042 ], [ -80.1601202, 47.0880656 ], [ -80.1598737, 47.0879247 ], [ -80.1595298, 47.0878322 ], [ -80.1595279, 47.0877218 ], [ -80.1595993, 47.0876325 ], [ -80.15994, 47.087541 ], [ -80.1600744, 47.0874252 ], [ -80.1601965, 47.0871515 ], [ -80.1602132, 47.0868331 ], [ -80.1602755, 47.0867699 ], [ -80.1603202, 47.0866028 ], [ -80.1611882, 47.0856521 ], [ -80.161274, 47.0854825 ], [ -80.1612807, 47.0845754 ], [ -80.1614021, 47.0842649 ], [ -80.1612943, 47.0840731 ], [ -80.1610412, 47.0839128 ], [ -80.1608759, 47.083886 ], [ -80.1607088, 47.0837488 ], [ -80.1607299, 47.083688 ] ], [ [ -80.162798, 47.0878581 ], [ -80.1627524, 47.087603 ], [ -80.1625435, 47.0874315 ], [ -80.1623364, 47.0873704 ], [ -80.1621244, 47.0872075 ], [ -80.1622219, 47.0871591 ], [ -80.1623611, 47.087145 ], [ -80.1627461, 47.087235 ], [ -80.1629544, 47.0873698 ], [ -80.1630326, 47.0874925 ], [ -80.163253, 47.0875925 ], [ -80.1634528, 47.0875974 ], [ -80.1636791, 47.0874873 ], [ -80.1637625, 47.0873633 ], [ -80.1637945, 47.0871942 ], [ -80.1637834, 47.0869172 ], [ -80.1635835, 47.0867196 ], [ -80.1634497, 47.0866796 ], [ -80.1632566, 47.0866941 ], [ -80.162916, 47.0869782 ], [ -80.1627453, 47.0870056 ], [ -80.162617, 47.0869114 ], [ -80.1626035, 47.0866798 ], [ -80.1624654, 47.0865749 ], [ -80.1623346, 47.0865261 ], [ -80.1620428, 47.0865155 ], [ -80.1617727, 47.0862882 ], [ -80.1616238, 47.0862915 ], [ -80.1613625, 47.0865794 ], [ -80.1614146, 47.0866612 ], [ -80.1616363, 47.0868348 ], [ -80.1617084, 47.0869749 ], [ -80.1616644, 47.0871787 ], [ -80.1616942, 47.0874404 ], [ -80.1618359, 47.0875735 ], [ -80.1618634, 47.0878807 ], [ -80.1618174, 47.0879742 ], [ -80.1618702, 47.0880928 ], [ -80.162165, 47.0880948 ], [ -80.1626135, 47.0880024 ], [ -80.1627521, 47.0879515 ], [ -80.162798, 47.0878581 ] ], [ [ -80.1566749, 47.0897448 ], [ -80.1565598, 47.0894967 ], [ -80.1566395, 47.0891519 ], [ -80.1569689, 47.0882054 ], [ -80.1570057, 47.0879454 ], [ -80.1569722, 47.0876556 ], [ -80.1568964, 47.0874873 ], [ -80.1567233, 47.0873674 ], [ -80.1564418, 47.0874043 ], [ -80.1563081, 47.0875569 ], [ -80.1561903, 47.0878955 ], [ -80.1561823, 47.0889217 ], [ -80.1561419, 47.0891537 ], [ -80.1558989, 47.0897747 ], [ -80.1558913, 47.0902597 ], [ -80.1560288, 47.0905205 ], [ -80.1562699, 47.0907156 ], [ -80.1566041, 47.0907974 ], [ -80.156842, 47.0908085 ], [ -80.1569413, 47.0908705 ], [ -80.1569432, 47.0909809 ], [ -80.157002, 47.0910822 ], [ -80.1571382, 47.0910768 ], [ -80.1572326, 47.091037 ], [ -80.1574382, 47.0906392 ], [ -80.1573509, 47.0903499 ], [ -80.1571116, 47.0900725 ], [ -80.1566749, 47.0897448 ] ], [ [ -80.1340815, 47.094909 ], [ -80.1342268, 47.0946849 ], [ -80.13432, 47.0943789 ], [ -80.1342922, 47.0940349 ], [ -80.1342032, 47.0938278 ], [ -80.1339682, 47.0936153 ], [ -80.133829, 47.0936293 ], [ -80.1335263, 47.0939196 ], [ -80.1333889, 47.0942367 ], [ -80.133398, 47.0944033 ], [ -80.1335179, 47.0947531 ], [ -80.1336856, 47.0949272 ], [ -80.1338956, 47.0949797 ], [ -80.1340815, 47.094909 ] ], [ [ -80.1597709, 47.0967515 ], [ -80.1596636, 47.0965964 ], [ -80.1595352, 47.0965022 ], [ -80.1590654, 47.0964627 ], [ -80.1589048, 47.0963449 ], [ -80.1589869, 47.0959545 ], [ -80.1586041, 47.0956264 ], [ -80.1585229, 47.0955123 ], [ -80.1584471, 47.095344 ], [ -80.1582055, 47.0953048 ], [ -80.1580984, 47.0953425 ], [ -80.1579393, 47.0954909 ], [ -80.1577268, 47.095484 ], [ -80.1574402, 47.0952265 ], [ -80.157307, 47.0952232 ], [ -80.1571123, 47.0955127 ], [ -80.1572041, 47.0962523 ], [ -80.1572623, 47.0963168 ], [ -80.1572805, 47.0964574 ], [ -80.1574472, 47.0967505 ], [ -80.1575568, 47.09686 ], [ -80.1577003, 47.0969108 ], [ -80.1581853, 47.096907 ], [ -80.1585311, 47.0971099 ], [ -80.1587382, 47.097171 ], [ -80.1588716, 47.0973669 ], [ -80.1591217, 47.097536 ], [ -80.1593573, 47.0975926 ], [ -80.1595275, 47.0977211 ], [ -80.1596966, 47.0979687 ], [ -80.1600472, 47.0980806 ], [ -80.1602283, 47.0981009 ], [ -80.1603578, 47.098076 ], [ -80.1604098, 47.0979652 ], [ -80.1602813, 47.0976783 ], [ -80.1602733, 47.0975853 ], [ -80.1603799, 47.0975108 ], [ -80.1606045, 47.097483 ], [ -80.1610308, 47.0975706 ], [ -80.1611222, 47.0975395 ], [ -80.1613824, 47.0973707 ], [ -80.1614647, 47.0973658 ], [ -80.161504, 47.0972529 ], [ -80.1604959, 47.0972544 ], [ -80.1601653, 47.0972008 ], [ -80.1599352, 47.09709 ], [ -80.1597709, 47.0967515 ] ], [ [ -80.1338969, 47.0971726 ], [ -80.1341597, 47.0975365 ], [ -80.1343462, 47.0976952 ], [ -80.1345109, 47.0976853 ], [ -80.1347155, 47.0975993 ], [ -80.1346695, 47.0973074 ], [ -80.1340107, 47.0967691 ], [ -80.1338666, 47.0968741 ], [ -80.1338969, 47.0971726 ] ], [ [ -80.1613674, 47.102047 ], [ -80.161675, 47.102051 ], [ -80.1620897, 47.1020174 ], [ -80.1625449, 47.1017518 ], [ -80.1626368, 47.1015649 ], [ -80.1625548, 47.1012213 ], [ -80.1623997, 47.1010494 ], [ -80.1622507, 47.1010528 ], [ -80.1619166, 47.1011637 ], [ -80.1618099, 47.1010455 ], [ -80.1618346, 47.1008201 ], [ -80.1620554, 47.1005715 ], [ -80.1618406, 47.0998762 ], [ -80.1618864, 47.09959 ], [ -80.162005, 47.0994808 ], [ -80.1622206, 47.0994791 ], [ -80.1623053, 47.0994287 ], [ -80.1622537, 47.0991909 ], [ -80.162032, 47.0990174 ], [ -80.1619175, 47.0989988 ], [ -80.1616996, 47.099046 ], [ -80.1615905, 47.0989733 ], [ -80.1613771, 47.0985441 ], [ -80.1611136, 47.0983363 ], [ -80.1607944, 47.0982111 ], [ -80.1604517, 47.0981922 ], [ -80.1602756, 47.0982737 ], [ -80.1602503, 47.0984622 ], [ -80.1604613, 47.0989368 ], [ -80.1605352, 47.0989947 ], [ -80.1605319, 47.0995446 ], [ -80.1604726, 47.0995992 ], [ -80.1604087, 47.0999374 ], [ -80.160444, 47.1003376 ], [ -80.1605368, 47.1005728 ], [ -80.1605085, 47.1007701 ], [ -80.1605854, 47.1008193 ], [ -80.1606124, 47.1012823 ], [ -80.1607028, 47.101563 ], [ -80.1607973, 47.101716 ], [ -80.1611693, 47.1019598 ], [ -80.1613674, 47.102047 ] ], [ [ -80.1612953, 47.1074664 ], [ -80.1609489, 47.1066854 ], [ -80.1609234, 47.1064886 ], [ -80.1610352, 47.1061673 ], [ -80.1610844, 47.1055239 ], [ -80.1609771, 47.1053689 ], [ -80.1608681, 47.1052962 ], [ -80.1607064, 47.1052975 ], [ -80.1606084, 47.1055018 ], [ -80.1602266, 47.1059811 ], [ -80.1600517, 47.1061362 ], [ -80.1600337, 47.106381 ], [ -80.1600865, 47.1064996 ], [ -80.1604258, 47.1068758 ], [ -80.1604738, 47.1070854 ], [ -80.1605326, 47.1071867 ], [ -80.1605534, 47.1074745 ], [ -80.1606346, 47.1075885 ], [ -80.1609697, 47.1078998 ], [ -80.1612066, 47.10803 ], [ -80.1612575, 47.1080382 ], [ -80.1613669, 47.1077624 ], [ -80.1612953, 47.1074664 ] ], [ [ -80.1549763, 47.108441 ], [ -80.1556471, 47.1079811 ], [ -80.1564571, 47.107507 ], [ -80.156557, 47.1074131 ], [ -80.1565588, 47.1073309 ], [ -80.1564316, 47.1073102 ], [ -80.1561433, 47.1073277 ], [ -80.1557388, 47.1074088 ], [ -80.1546846, 47.1076964 ], [ -80.1542571, 47.1077279 ], [ -80.1537653, 47.1077123 ], [ -80.1534959, 47.1079072 ], [ -80.1532629, 47.1081904 ], [ -80.1531001, 47.1083108 ], [ -80.1530559, 47.1085146 ], [ -80.1531293, 47.1087284 ], [ -80.15309, 47.1088413 ], [ -80.1521643, 47.1094158 ], [ -80.1518736, 47.1094787 ], [ -80.1517422, 47.1095858 ], [ -80.1517568, 47.1096983 ], [ -80.1523256, 47.1099558 ], [ -80.1525612, 47.1100124 ], [ -80.1527672, 47.1099999 ], [ -80.1533484, 47.1096814 ], [ -80.1542699, 47.109042 ], [ -80.1549763, 47.108441 ] ], [ [ -80.155106, 47.1155173 ], [ -80.155241, 47.1154383 ], [ -80.1552064, 47.1152675 ], [ -80.15503, 47.1149637 ], [ -80.154853, 47.1148157 ], [ -80.1546786, 47.1148149 ], [ -80.1543994, 47.114999 ], [ -80.153944, 47.1150719 ], [ -80.1539404, 47.1152364 ], [ -80.1548903, 47.115519 ], [ -80.155106, 47.1155173 ] ], [ [ -80.1631369, 47.1194349 ], [ -80.1634108, 47.1196904 ], [ -80.1635568, 47.1196957 ], [ -80.1635644, 47.1192107 ], [ -80.1634667, 47.1190664 ], [ -80.1634776, 47.118958 ], [ -80.1631575, 47.1186034 ], [ -80.1629787, 47.1185377 ], [ -80.1628085, 47.1186018 ], [ -80.1627735, 47.1187797 ], [ -80.162887, 47.11911 ], [ -80.1631369, 47.1194349 ] ], [ [ -80.165405, 47.1196376 ], [ -80.1653985, 47.1198108 ], [ -80.165321, 47.1199176 ], [ -80.1652843, 47.1201777 ], [ -80.1653269, 47.1204414 ], [ -80.1653936, 47.1206358 ], [ -80.1651963, 47.1207781 ], [ -80.1652394, 47.120886 ], [ -80.1655121, 47.1210678 ], [ -80.1656557, 47.1211186 ], [ -80.1661222, 47.1211301 ], [ -80.1663372, 47.1210915 ], [ -80.1666133, 47.1209161 ], [ -80.1666235, 47.120771 ], [ -80.1663484, 47.1206346 ], [ -80.166258, 47.1205466 ], [ -80.1662663, 47.120291 ], [ -80.1664055, 47.1200842 ], [ -80.16642, 47.120004 ], [ -80.1661459, 47.1197486 ], [ -80.1662819, 47.1193577 ], [ -80.1662406, 47.1191676 ], [ -80.1660114, 47.1189377 ], [ -80.1658775, 47.1188977 ], [ -80.1657007, 47.1189424 ], [ -80.1654978, 47.1189462 ], [ -80.1652463, 47.1188962 ], [ -80.1650755, 47.1189236 ], [ -80.1649944, 47.1190022 ], [ -80.1650575, 47.1191684 ], [ -80.1653195, 47.1194586 ], [ -80.1653274, 47.1195516 ], [ -80.165405, 47.1196376 ] ], [ [ -80.1340979, 47.1293557 ], [ -80.1342736, 47.1292375 ], [ -80.1342536, 47.1289865 ], [ -80.1340627, 47.1287628 ], [ -80.1337858, 47.1283232 ], [ -80.1337961, 47.1281781 ], [ -80.1339216, 47.1280883 ], [ -80.1341245, 47.1280846 ], [ -80.1344275, 47.1281797 ], [ -80.1346753, 47.1282016 ], [ -80.1347504, 47.1281404 ], [ -80.1346007, 47.1279142 ], [ -80.1343245, 47.1277042 ], [ -80.134136, 47.1276277 ], [ -80.1335962, 47.127595 ], [ -80.1328964, 47.1272886 ], [ -80.1325856, 47.1272932 ], [ -80.1323026, 47.1272564 ], [ -80.1320663, 47.1271629 ], [ -80.1317392, 47.1269446 ], [ -80.1312914, 47.1265323 ], [ -80.1310424, 47.1264368 ], [ -80.1304911, 47.1264756 ], [ -80.1301148, 47.1265521 ], [ -80.1298894, 47.1267357 ], [ -80.1298379, 47.1268834 ], [ -80.1298682, 47.1269892 ], [ -80.1298833, 47.1273312 ], [ -80.1297931, 47.1276285 ], [ -80.1298155, 47.127834 ], [ -80.1298803, 47.127918 ], [ -80.1301396, 47.128061 ], [ -80.1308582, 47.1285449 ], [ -80.1311647, 47.1286681 ], [ -80.1315792, 47.1287905 ], [ -80.1318282, 47.128886 ], [ -80.1318736, 47.1289485 ], [ -80.1322341, 47.1290713 ], [ -80.1327128, 47.1294335 ], [ -80.1330103, 47.1295828 ], [ -80.1332169, 47.1296072 ], [ -80.1335841, 47.1295567 ], [ -80.1338513, 47.1294074 ], [ -80.1340979, 47.1293557 ] ], [ [ -80.1299025, 47.1319774 ], [ -80.1314179, 47.131719 ], [ -80.131587, 47.1315813 ], [ -80.1316221, 47.1314035 ], [ -80.1315809, 47.1312133 ], [ -80.1311962, 47.1303891 ], [ -80.130237, 47.130325 ], [ -80.1297311, 47.1304263 ], [ -80.1295148, 47.1305838 ], [ -80.1294408, 47.1307187 ], [ -80.129436, 47.1310023 ], [ -80.1297698, 47.1314328 ], [ -80.1298243, 47.1316619 ], [ -80.129717, 47.1318922 ], [ -80.1299025, 47.1319774 ] ], [ [ -80.1365144, 47.1377315 ], [ -80.1366417, 47.1379449 ], [ -80.1367308, 47.1379593 ], [ -80.136812, 47.1378808 ], [ -80.1367647, 47.1375152 ], [ -80.136773, 47.1359107 ], [ -80.13659, 47.1353947 ], [ -80.1365288, 47.1353388 ], [ -80.1365112, 47.1352351 ], [ -80.1363433, 47.135061 ], [ -80.1360039, 47.1348774 ], [ -80.1352683, 47.134712 ], [ -80.1348847, 47.1345396 ], [ -80.1346077, 47.1342927 ], [ -80.1344211, 47.1337485 ], [ -80.1342459, 47.1335182 ], [ -80.1340569, 47.1334049 ], [ -80.1337648, 47.1333941 ], [ -80.1334582, 47.1334636 ], [ -80.1330431, 47.1336898 ], [ -80.1326225, 47.1337775 ], [ -80.1324874, 47.1338565 ], [ -80.1324159, 47.1339458 ], [ -80.132462, 47.134045 ], [ -80.1327462, 47.1343481 ], [ -80.1330152, 47.1348874 ], [ -80.1332013, 47.1352021 ], [ -80.1333497, 47.1353546 ], [ -80.1336267, 47.1356015 ], [ -80.1345054, 47.1359737 ], [ -80.1349417, 47.1362648 ], [ -80.135252, 47.1366088 ], [ -80.1355872, 47.1371129 ], [ -80.1360017, 47.137428 ], [ -80.1365144, 47.1377315 ] ] ] } },
{ "type": "Feature", "properties": { "element": "way", "id": 254717616, "natural": "wood", "source": "NRCan-CanVec-10.0", "type": null }, "geometry": { "type": "Polygon", "coordinates": [ [ [ -80.1574736, 46.9142533 ], [ -80.1578632, 46.9145185 ], [ -80.1579887, 46.9146581 ], [ -80.1579912, 46.9148051 ], [ -80.1577845, 46.9148998 ], [ -80.1571918, 46.91495 ], [ -80.1567709, 46.9148906 ], [ -80.156564, 46.9146002 ], [ -80.156638, 46.9143097 ], [ -80.1570418, 46.9141097 ], [ -80.1574736, 46.9142533 ] ] ] } },
{ "type": "Feature", "properties": { "element": "way", "id": 254717792, "natural": "wood", "source": "NRCan-CanVec-10.0", "type": null }, "geometry": { "type": "Polygon", "coordinates": [ [ [ -80.1359829, 46.9098516 ], [ -80.1359171, 46.9099513 ], [ -80.1359551, 46.91015 ], [ -80.1360387, 46.9101789 ], [ -80.1357041, 46.9110299 ], [ -80.1355561, 46.9110292 ], [ -80.1354938, 46.9110892 ], [ -80.1346644, 46.9107462 ], [ -80.1346747, 46.9106012 ], [ -80.1350297, 46.9099555 ], [ -80.1354561, 46.9097357 ], [ -80.1359829, 46.9098516 ] ] ] } },
{ "type": "Feature", "properties": { "element": "way", "id": 254717827, "natural": "wood", "source": "NRCan-CanVec-10.0", "type": null }, "geometry": { "type": "Polygon", "coordinates": [ [ [ -80.1970825, 46.9000654 ], [ -80.1974091, 46.9005473 ], [ -80.1957628, 46.900784 ], [ -80.1953842, 46.901144 ], [ -80.1949017, 46.9004757 ], [ -80.1950379, 46.9004829 ], [ -80.1952938, 46.9003228 ], [ -80.1953111, 46.9001604 ], [ -80.1958063, 46.9000395 ], [ -80.1958472, 46.8999058 ], [ -80.1963468, 46.8999073 ], [ -80.1968548, 46.9002557 ], [ -80.1970825, 46.9000654 ] ] ] } },
{ "type": "Feature", "properties": { "element": "way", "id": 254717879, "natural": "wood", "source": "NRCan-CanVec-10.0", "type": null }, "geometry": { "type": "Polygon", "coordinates": [ [ [ -80.1892198, 46.9317629 ], [ -80.1893264, 46.9319105 ], [ -80.1893964, 46.9319402 ], [ -80.1894044, 46.9320332 ], [ -80.1893417, 46.9320596 ], [ -80.1891803, 46.9322167 ], [ -80.1892308, 46.9325733 ], [ -80.1891838, 46.9325931 ], [ -80.1888877, 46.9326367 ], [ -80.1887708, 46.9327736 ], [ -80.1875316, 46.9325722 ], [ -80.1875237, 46.9324793 ], [ -80.1880335, 46.9316638 ], [ -80.1892198, 46.9317629 ] ] ] } },
{ "type": "Feature", "properties": { "element": "way", "id": 254718887, "natural": "wood", "source": "NRCan-CanVec-10.0", "type": null }, "geometry": { "type": "Polygon", "coordinates": [ [ [ -80.1473859, 46.9065142 ], [ -80.1473811, 46.906522 ], [ -80.1474131, 46.9065455 ], [ -80.1477482, 46.9065818 ], [ -80.1483335, 46.9064756 ], [ -80.1484637, 46.9064225 ], [ -80.1491618, 46.906363 ], [ -80.1492926, 46.9064485 ], [ -80.1495134, 46.9068145 ], [ -80.1493723, 46.906874 ], [ -80.1476134, 46.9072015 ], [ -80.1462579, 46.9078698 ], [ -80.1460505, 46.9079277 ], [ -80.145854, 46.9078773 ], [ -80.1445294, 46.9071846 ], [ -80.1432923, 46.9068179 ], [ -80.1426303, 46.906105 ], [ -80.1426332, 46.9059038 ], [ -80.1427959, 46.9056847 ], [ -80.1428502, 46.9056641 ], [ -80.1429524, 46.905474 ], [ -80.1429765, 46.9054416 ], [ -80.1431003, 46.905329 ], [ -80.1435987, 46.9051261 ], [ -80.1439031, 46.9048274 ], [ -80.1441761, 46.9047344 ], [ -80.1445192, 46.9047036 ], [ -80.1454142, 46.9047896 ], [ -80.1468039, 46.9054103 ], [ -80.1473148, 46.9065203 ], [ -80.1473859, 46.9065142 ] ] ] } },
{ "type": "Feature", "properties": { "element": "way", "id": 254739069, "natural": "wood", "source": "NRCan-CanVec-10.0", "type": null }, "geometry": { "type": "Polygon", "coordinates": [ [ [ -80.1485075, 46.9668405 ], [ -80.1486864, 46.9670612 ], [ -80.1486888, 46.9672083 ], [ -80.1485549, 46.9675166 ], [ -80.1485786, 46.9677955 ], [ -80.1482967, 46.9679514 ], [ -80.1482636, 46.9681157 ], [ -80.1477595, 46.9679556 ], [ -80.1476755, 46.9678502 ], [ -80.1480844, 46.966789 ], [ -80.1485075, 46.9668405 ] ] ] } },
{ "type": "Feature", "properties": { "element": "way", "id": 254739166, "natural": "wood", "source": "NRCan-CanVec-10.0", "type": null }, "geometry": { "type": "Polygon", "coordinates": [ [ [ -80.150424, 46.9531053 ], [ -80.1506853, 46.9532481 ], [ -80.1513957, 46.9534004 ], [ -80.1518405, 46.9535462 ], [ -80.1521567, 46.953561 ], [ -80.1522008, 46.9535459 ], [ -80.1531202, 46.9540865 ], [ -80.1530193, 46.9541565 ], [ -80.1525004, 46.9542679 ], [ -80.1521451, 46.9542395 ], [ -80.151659, 46.9540301 ], [ -80.1510863, 46.9539827 ], [ -80.1506839, 46.9541005 ], [ -80.1503483, 46.9540642 ], [ -80.1497327, 46.953909 ], [ -80.1491079, 46.9539964 ], [ -80.1478493, 46.9538957 ], [ -80.1477763, 46.9538746 ], [ -80.1477871, 46.9537663 ], [ -80.1480778, 46.9533919 ], [ -80.1492297, 46.9531211 ], [ -80.1494674, 46.9529764 ], [ -80.150424, 46.9531053 ] ] ] } },
{ "type": "Feature", "properties": { "element": "way", "id": 254739243, "natural": "wood", "source": "NRCan-CanVec-10.0", "type": null }, "geometry": { "type": "Polygon", "coordinates": [ [ [ -80.1885895, 46.9832687 ], [ -80.1887667, 46.9832771 ], [ -80.1887974, 46.9833485 ], [ -80.1886665, 46.9833342 ], [ -80.1885895, 46.9832687 ] ] ] } },
{ "type": "Feature", "properties": { "element": "way", "id": 254739514, "natural": "wood", "source": "NRCan-CanVec-10.0", "type": null }, "geometry": { "type": "Polygon", "coordinates": [ [ [ -80.1585212, 46.9569953 ], [ -80.1589659, 46.9572463 ], [ -80.1585823, 46.9585035 ], [ -80.1583898, 46.958518 ], [ -80.1569738, 46.9583151 ], [ -80.156751, 46.9582238 ], [ -80.1570595, 46.9572196 ], [ -80.1576917, 46.9568641 ], [ -80.1578812, 46.9568583 ], [ -80.1585212, 46.9569953 ] ] ] } },
{ "type": "Feature", "properties": { "element": "way", "id": 254740997, "natural": "wood", "source": "NRCan-CanVec-10.0", "type": null }, "geometry": { "type": "Polygon", "coordinates": [ [ [ -80.0678113, 46.9451794 ], [ -80.0675177, 46.9452636 ], [ -80.067226, 46.9451934 ], [ -80.0672364, 46.9450484 ], [ -80.0675512, 46.9447606 ], [ -80.0675903, 46.9444185 ], [ -80.0678252, 46.9442827 ], [ -80.0680207, 46.9442597 ], [ -80.0682149, 46.9443557 ], [ -80.068222, 46.9444119 ], [ -80.0678113, 46.9451794 ] ] ] } },
{ "type": "Feature", "properties": { "element": "way", "id": 254741002, "natural": "wood", "source": "NRCan-CanVec-10.0", "type": null }, "geometry": { "type": "Polygon", "coordinates": [ [ [ -80.0697363, 46.9555485 ], [ -80.069434, 46.9557445 ], [ -80.0693852, 46.9560758 ], [ -80.0693272, 46.9561489 ], [ -80.0692004, 46.9561832 ], [ -80.0687873, 46.9560238 ], [ -80.0687055, 46.9558361 ], [ -80.0690294, 46.9551004 ], [ -80.0691936, 46.9550906 ], [ -80.0698656, 46.9552373 ], [ -80.0698673, 46.9553477 ], [ -80.0697363, 46.9555485 ] ] ] } },
{ "type": "Feature", "properties": { "element": "way", "id": 254741025, "natural": "wood", "source": "NRCan-CanVec-10.0", "type": null }, "geometry": { "type": "Polygon", "coordinates": [ [ [ -80.0625, 46.9676643 ], [ -80.0631795, 46.9677923 ], [ -80.0636612, 46.9676551 ], [ -80.0640524, 46.9674287 ], [ -80.064328, 46.9671912 ], [ -80.064521, 46.9671901 ], [ -80.0653027, 46.96734 ], [ -80.0655036, 46.9675913 ], [ -80.0650889, 46.9678369 ], [ -80.0644244, 46.9677286 ], [ -80.0641405, 46.9678284 ], [ -80.0637088, 46.9679136 ], [ -80.0636617, 46.9679334 ], [ -80.0636953, 46.968096 ], [ -80.0625, 46.9685434 ], [ -80.0622655, 46.9686312 ], [ -80.0621074, 46.96875 ], [ -80.0614789, 46.9692223 ], [ -80.0610618, 46.9693146 ], [ -80.0607512, 46.9696805 ], [ -80.0605396, 46.9697157 ], [ -80.060012, 46.9697113 ], [ -80.0597984, 46.9698389 ], [ -80.0590958, 46.9699556 ], [ -80.0587719, 46.9701021 ], [ -80.0585196, 46.9701089 ], [ -80.0580896, 46.9704108 ], [ -80.0577986, 46.9705424 ], [ -80.0569087, 46.9706155 ], [ -80.0568734, 46.9706141 ], [ -80.0560138, 46.9703771 ], [ -80.0560497, 46.9702362 ], [ -80.0563738, 46.9699224 ], [ -80.0580436, 46.9695539 ], [ -80.0596028, 46.96875 ], [ -80.0607659, 46.9683233 ], [ -80.0613782, 46.9678346 ], [ -80.061851, 46.9679079 ], [ -80.0625, 46.9676643 ] ] ] } },
{ "type": "Feature", "properties": { "element": "way", "id": 254741039, "natural": "wood", "source": "NRCan-CanVec-10.0", "type": null }, "geometry": { "type": "Polygon", "coordinates": [ [ [ -80.062515, 46.9566566 ], [ -80.0626798, 46.9567136 ], [ -80.0630108, 46.9566425 ], [ -80.0632963, 46.9566252 ], [ -80.0638873, 46.9565145 ], [ -80.063945, 46.9565476 ], [ -80.0639309, 46.956766 ], [ -80.0636437, 46.9575569 ], [ -80.0632287, 46.9581309 ], [ -80.0632478, 46.9585002 ], [ -80.0632468, 46.9585008 ], [ -80.0632317, 46.9585442 ], [ -80.0632388, 46.9586004 ], [ -80.0632533, 46.9586066 ], [ -80.0632908, 46.9593335 ], [ -80.0625, 46.9599688 ], [ -80.0622477, 46.9601715 ], [ -80.0619888, 46.9601841 ], [ -80.0616927, 46.9600347 ], [ -80.0615993, 46.9599185 ], [ -80.0621231, 46.9589669 ], [ -80.0617486, 46.9586864 ], [ -80.0610727, 46.9582822 ], [ -80.0611024, 46.9580932 ], [ -80.0619817, 46.9573694 ], [ -80.062515, 46.9566566 ] ] ] } },
{ "type": "Feature", "properties": { "element": "way", "id": 254741043, "natural": "wood", "source": "NRCan-CanVec-10.0", "type": null }, "geometry": { "type": "Polygon", "coordinates": [ [ [ -80.0973589, 46.9607468 ], [ -80.0973596, 46.9607435 ], [ -80.0973593, 46.9603216 ], [ -80.0973449, 46.9602092 ], [ -80.0971696, 46.9600779 ], [ -80.0970286, 46.9595797 ], [ -80.0970552, 46.9594649 ], [ -80.0972716, 46.9593328 ], [ -80.0975002, 46.9592258 ], [ -80.0975004, 46.9591931 ], [ -80.0977188, 46.9590597 ], [ -80.0986729, 46.9592432 ], [ -80.0982964, 46.9614376 ], [ -80.0982317, 46.9615463 ], [ -80.0981653, 46.9615446 ], [ -80.0974667, 46.9611278 ], [ -80.0973589, 46.9607468 ] ] ] } },
{ "type": "Feature", "properties": { "element": "way", "id": 254741060, "natural": "wood", "source": "NRCan-CanVec-10.0", "type": null }, "geometry": { "type": "Polygon", "coordinates": [ [ [ -80.0685673, 46.9376885 ], [ -80.068578, 46.9377937 ], [ -80.0683143, 46.9383191 ], [ -80.0682363, 46.938569 ], [ -80.0682052, 46.9386314 ], [ -80.0680218, 46.9386197 ], [ -80.0676012, 46.9384752 ], [ -80.0675794, 46.9383913 ], [ -80.0675053, 46.9382966 ], [ -80.0673715, 46.9382197 ], [ -80.0672569, 46.9383513 ], [ -80.0672611, 46.9382291 ], [ -80.0674479, 46.937963 ], [ -80.0676103, 46.9379194 ], [ -80.0676899, 46.9376184 ], [ -80.0677405, 46.9375464 ], [ -80.0679203, 46.93753 ], [ -80.0685673, 46.9376885 ] ] ] } },
{ "type": "Feature", "properties": { "element": "way", "id": 254741085, "natural": "wood", "source": "NRCan-CanVec-10.0", "type": null }, "geometry": { "type": "Polygon", "coordinates": [ [ [ -80.0706042, 46.9633193 ], [ -80.0708317, 46.9634024 ], [ -80.0708334, 46.9637046 ], [ -80.0706582, 46.9640527 ], [ -80.0705287, 46.9642066 ], [ -80.070289, 46.9643041 ], [ -80.070036, 46.9645014 ], [ -80.0680322, 46.965556 ], [ -80.0679596, 46.9655645 ], [ -80.0678685, 46.9656421 ], [ -80.0677348, 46.9657124 ], [ -80.0673678, 46.9657245 ], [ -80.0671444, 46.9657888 ], [ -80.0670476, 46.9658986 ], [ -80.0661377, 46.965679 ], [ -80.0659881, 46.9656086 ], [ -80.066019, 46.9655586 ], [ -80.0684479, 46.9639752 ], [ -80.0688559, 46.9631523 ], [ -80.0706042, 46.9633193 ] ] ] } },
{ "type": "Feature", "properties": { "element": "way", "id": 254741101, "natural": "wood", "source": "NRCan-CanVec-10.0", "type": null }, "geometry": { "type": "Polygon", "coordinates": [ [ [ -80.0642853, 46.9375228 ], [ -80.0646651, 46.9376112 ], [ -80.0648663, 46.9377634 ], [ -80.0649476, 46.9378395 ], [ -80.065097, 46.9380492 ], [ -80.0651113, 46.938097 ], [ -80.0650898, 46.9383503 ], [ -80.0652256, 46.938345 ], [ -80.0652881, 46.9383173 ], [ -80.0657109, 46.9389106 ], [ -80.0650189, 46.9390691 ], [ -80.0648645, 46.9389186 ], [ -80.0648018, 46.938945 ], [ -80.0646803, 46.9390627 ], [ -80.0646305, 46.9391581 ], [ -80.0643573, 46.9392207 ], [ -80.0637933, 46.9399537 ], [ -80.0636003, 46.9399313 ], [ -80.0632293, 46.9397881 ], [ -80.0631061, 46.939621 ], [ -80.0630715, 46.9394136 ], [ -80.0636258, 46.9386698 ], [ -80.0635224, 46.9384371 ], [ -80.0635888, 46.9383491 ], [ -80.0638219, 46.9382617 ], [ -80.0639029, 46.9381833 ], [ -80.0638634, 46.9379853 ], [ -80.0642152, 46.9375191 ], [ -80.0642853, 46.9375228 ] ] ] } },
{ "type": "Feature", "properties": { "element": "way", "id": 254741108, "natural": "wood", "source": "NRCan-CanVec-10.0", "type": null }, "geometry": { "type": "Polygon", "coordinates": [ [ [ -80.0905495, 46.9640838 ], [ -80.0904812, 46.9641039 ], [ -80.0904372, 46.964238 ], [ -80.0901233, 46.964669 ], [ -80.0897875, 46.965932 ], [ -80.0892845, 46.9660993 ], [ -80.0877174, 46.9659636 ], [ -80.0876327, 46.9658943 ], [ -80.0874878, 46.9659257 ], [ -80.0874541, 46.9659409 ], [ -80.0865323, 46.9658611 ], [ -80.0864207, 46.965797 ], [ -80.0869384, 46.9643134 ], [ -80.0877368, 46.9644439 ], [ -80.0879534, 46.9645527 ], [ -80.0877354, 46.9657919 ], [ -80.0881291, 46.9657003 ], [ -80.0883605, 46.9655364 ], [ -80.0885461, 46.9646588 ], [ -80.0885553, 46.9642385 ], [ -80.0885864, 46.9641976 ], [ -80.0885595, 46.9640503 ], [ -80.0885758, 46.9633063 ], [ -80.0877583, 46.9629617 ], [ -80.0883887, 46.9626521 ], [ -80.0885898, 46.9619604 ], [ -80.0886086, 46.9613307 ], [ -80.0886697, 46.9611939 ], [ -80.0887608, 46.961163 ], [ -80.0896426, 46.9611696 ], [ -80.0897705, 46.9612639 ], [ -80.0898462, 46.9616614 ], [ -80.0905674, 46.961706 ], [ -80.0908173, 46.9617193 ], [ -80.0909451, 46.9618136 ], [ -80.0909539, 46.9627871 ], [ -80.0907918, 46.9637511 ], [ -80.0905495, 46.9640838 ] ] ] } },
{ "type": "Feature", "properties": { "element": "way", "id": 254741115, "natural": "wood", "source": "NRCan-CanVec-10.0", "type": null }, "geometry": { "type": "Polygon", "coordinates": [ [ [ -80.0625, 46.9460819 ], [ -80.0628537, 46.9458253 ], [ -80.0629198, 46.9455977 ], [ -80.0632541, 46.9455607 ], [ -80.0636712, 46.9447119 ], [ -80.0651151, 46.9434536 ], [ -80.0656634, 46.943149 ], [ -80.066066, 46.9426097 ], [ -80.0664475, 46.9417092 ], [ -80.067658, 46.9415407 ], [ -80.0689169, 46.942077 ], [ -80.0691082, 46.9428329 ], [ -80.0690892, 46.9430407 ], [ -80.0690533, 46.9431209 ], [ -80.0688741, 46.9432348 ], [ -80.0687574, 46.9434541 ], [ -80.0685265, 46.9434866 ], [ -80.0684033, 46.9437374 ], [ -80.0683719, 46.9438303 ], [ -80.0683248, 46.9438876 ], [ -80.0681353, 46.9438933 ], [ -80.0678335, 46.9439906 ], [ -80.0676496, 46.9439421 ], [ -80.0671922, 46.9439864 ], [ -80.066941, 46.944092 ], [ -80.0669773, 46.9444098 ], [ -80.06689, 46.94512 ], [ -80.0668087, 46.945391 ], [ -80.066652, 46.9455119 ], [ -80.0664072, 46.9455821 ], [ -80.066177, 46.9458195 ], [ -80.0661253, 46.9460762 ], [ -80.0659357, 46.9461652 ], [ -80.0659657, 46.946271 ], [ -80.066065, 46.9463758 ], [ -80.065721, 46.9480835 ], [ -80.0655827, 46.9481342 ], [ -80.0641093, 46.9482483 ], [ -80.0639535, 46.9481975 ], [ -80.0637007, 46.9481927 ], [ -80.0634117, 46.9480971 ], [ -80.0631796, 46.9480469 ], [ -80.0626791, 46.9483096 ], [ -80.0625, 46.948373 ], [ -80.0622378, 46.9483933 ], [ -80.0613002, 46.9490835 ], [ -80.061014, 46.9491741 ], [ -80.06083, 46.9491856 ], [ -80.0607576, 46.9491413 ], [ -80.0606309, 46.9491205 ], [ -80.0604805, 46.9492074 ], [ -80.0600008, 46.9492374 ], [ -80.0598802, 46.9491993 ], [ -80.0602717, 46.9470439 ], [ -80.061616, 46.9467231 ], [ -80.0625, 46.9460819 ] ] ] } },
{ "type": "Feature", "properties": { "element": "way", "id": 254741132, "natural": "wood", "source": "NRCan-CanVec-10.0", "type": null }, "geometry": { "type": "Polygon", "coordinates": [ [ [ -80.082175, 46.9379657 ], [ -80.0823908, 46.9380377 ], [ -80.0820833, 46.9389961 ], [ -80.0819379, 46.9389907 ], [ -80.0813084, 46.9387226 ], [ -80.0811477, 46.9379168 ], [ -80.0812798, 46.9378834 ], [ -80.082175, 46.9379657 ] ] ] } },
{ "type": "Feature", "properties": { "element": "way", "id": 254741133, "natural": "wood", "source": "NRCan-CanVec-10.0", "type": null }, "geometry": { "type": "Polygon", "coordinates": [ [ [ -80.0921206, 46.9660869 ], [ -80.0927634, 46.9661644 ], [ -80.093024, 46.9662621 ], [ -80.0933606, 46.9671792 ], [ -80.0933304, 46.9672659 ], [ -80.0923669, 46.9673011 ], [ -80.0922239, 46.9672502 ], [ -80.0921206, 46.9660869 ] ] ] } },
{ "type": "Feature", "properties": { "element": "way", "id": 254741137, "natural": "wood", "source": "NRCan-CanVec-10.0", "type": null }, "geometry": { "type": "Polygon", "coordinates": [ [ [ -80.0843013, 46.965978 ], [ -80.0843319, 46.9660241 ], [ -80.0842876, 46.9662278 ], [ -80.084357, 46.9668353 ], [ -80.0840229, 46.9671016 ], [ -80.0837938, 46.9671759 ], [ -80.0837903, 46.9661556 ], [ -80.0838545, 46.9660102 ], [ -80.0843013, 46.965978 ] ] ] } },
{ "type": "Feature", "properties": { "element": "way", "id": 254741139, "natural": "wood", "source": "NRCan-CanVec-10.0", "type": null }, "geometry": { "type": "Polygon", "coordinates": [ [ [ -80.0892996, 46.9500916 ], [ -80.0894821, 46.9501474 ], [ -80.0902943, 46.950161 ], [ -80.090567, 46.950224 ], [ -80.0907174, 46.950206 ], [ -80.0907587, 46.9503654 ], [ -80.0913941, 46.9503867 ], [ -80.0915346, 46.9504831 ], [ -80.0915148, 46.9522681 ], [ -80.0918473, 46.9523133 ], [ -80.0919171, 46.9525356 ], [ -80.0925178, 46.9525839 ], [ -80.0926616, 46.9526665 ], [ -80.0928889, 46.9526137 ], [ -80.0935716, 46.9526686 ], [ -80.0937634, 46.95281 ], [ -80.0942246, 46.954637 ], [ -80.0931657, 46.9551825 ], [ -80.093092, 46.955158 ], [ -80.0927125, 46.9551326 ], [ -80.0926084, 46.9552845 ], [ -80.0921625, 46.955327 ], [ -80.0919898, 46.9553996 ], [ -80.0913866, 46.9564382 ], [ -80.091182, 46.9564873 ], [ -80.0890787, 46.9565652 ], [ -80.0888324, 46.95658 ], [ -80.0887074, 46.9566696 ], [ -80.0886624, 46.9576435 ], [ -80.0885186, 46.9583629 ], [ -80.0883754, 46.9585045 ], [ -80.0870515, 46.9583064 ], [ -80.0866977, 46.9579 ], [ -80.0862849, 46.9576833 ], [ -80.0862893, 46.9576498 ], [ -80.0856868, 46.9573037 ], [ -80.0855846, 46.9573157 ], [ -80.085124, 46.957074 ], [ -80.0847383, 46.957066 ], [ -80.0844716, 46.9573903 ], [ -80.0843578, 46.9573889 ], [ -80.0841066, 46.9574946 ], [ -80.08412, 46.9575338 ], [ -80.0839345, 46.957604 ], [ -80.0839354, 46.9578701 ], [ -80.0844095, 46.9579053 ], [ -80.084699, 46.9582151 ], [ -80.0847595, 46.9583106 ], [ -80.0849053, 46.9588908 ], [ -80.0855859, 46.9602036 ], [ -80.0854898, 46.9603254 ], [ -80.0845856, 46.9609204 ], [ -80.0844209, 46.9608935 ], [ -80.0833447, 46.960387 ], [ -80.0833606, 46.9601698 ], [ -80.0830601, 46.9599045 ], [ -80.082731, 46.9586728 ], [ -80.082747, 46.9578591 ], [ -80.0825099, 46.9578479 ], [ -80.082382, 46.9577536 ], [ -80.0823645, 46.957228 ], [ -80.0824383, 46.9570933 ], [ -80.0825856, 46.9570754 ], [ -80.0828958, 46.9570489 ], [ -80.082946, 46.9570204 ], [ -80.082891, 46.9568786 ], [ -80.0831626, 46.9565148 ], [ -80.0831743, 46.9562507 ], [ -80.0826755, 46.9560682 ], [ -80.0825567, 46.9559479 ], [ -80.0824025, 46.9551615 ], [ -80.0819699, 46.9545588 ], [ -80.0819682, 46.9544485 ], [ -80.0829271, 46.9539267 ], [ -80.083608, 46.9538179 ], [ -80.0838546, 46.9534181 ], [ -80.0841989, 46.9525848 ], [ -80.0843107, 46.9524564 ], [ -80.0850884, 46.95207 ], [ -80.0858857, 46.95132 ], [ -80.0872038, 46.9511504 ], [ -80.0872216, 46.9502546 ], [ -80.0872595, 46.9501699 ], [ -80.0878167, 46.9501227 ], [ -80.0879414, 46.9500883 ], [ -80.0892996, 46.9500916 ] ] ] } },
{ "type": "Feature", "properties": { "element": "way", "id": 254742254, "natural": "wood", "source": "NRCan-CanVec-10.0", "type": null }, "geometry": { "type": "Polygon", "coordinates": [ [ [ -80.0948648, 46.9965952 ], [ -80.0948382, 46.9967518 ], [ -80.0951914, 46.9968921 ], [ -80.0952548, 46.9969024 ], [ -80.0953765, 46.9967861 ], [ -80.0953871, 46.996869 ], [ -80.0950893, 46.9976459 ], [ -80.0952815, 46.9976105 ], [ -80.094798, 46.9978276 ], [ -80.0944125, 46.9978564 ], [ -80.093885, 46.9974538 ], [ -80.0942965, 46.9964983 ], [ -80.0944608, 46.9964884 ], [ -80.0948648, 46.9965952 ] ] ] } },
{ "type": "Feature", "properties": { "element": "way", "id": 254742260, "natural": "wood", "source": "NRCan-CanVec-10.0", "type": null }, "geometry": { "type": "Polygon", "coordinates": [ [ [ -80.1044492, 46.9799169 ], [ -80.1046289, 46.9800155 ], [ -80.1048536, 46.9804473 ], [ -80.1050495, 46.9805227 ], [ -80.105051, 46.9805345 ], [ -80.1050896, 46.9805775 ], [ -80.1051842, 46.9805746 ], [ -80.1055979, 46.9807339 ], [ -80.1059475, 46.9811732 ], [ -80.1059544, 46.981507 ], [ -80.1057225, 46.9824142 ], [ -80.1055298, 46.9824286 ], [ -80.1039377, 46.9821136 ], [ -80.1038532, 46.9819715 ], [ -80.1037504, 46.9804597 ], [ -80.1044492, 46.9799169 ] ] ] } },
{ "type": "Feature", "properties": { "element": "way", "id": 254742272, "natural": "wood", "source": "NRCan-CanVec-10.0", "type": null }, "geometry": { "type": "Polygon", "coordinates": [ [ [ -80.0886283, 46.9765139 ], [ -80.0885715, 46.976591 ], [ -80.0877439, 46.9764048 ], [ -80.0875115, 46.9763026 ], [ -80.0874356, 46.9757263 ], [ -80.0875655, 46.9754951 ], [ -80.0877878, 46.9753572 ], [ -80.0878671, 46.9751684 ], [ -80.0878552, 46.9750105 ], [ -80.0877375, 46.9749637 ], [ -80.0875785, 46.975112 ], [ -80.0875348, 46.9753525 ], [ -80.0873914, 46.9753909 ], [ -80.0872477, 46.9742996 ], [ -80.0873165, 46.9742148 ], [ -80.087446, 46.9743016 ], [ -80.0877914, 46.9747708 ], [ -80.0884913, 46.9752612 ], [ -80.0886283, 46.9765139 ] ] ] } },
{ "type": "Feature", "properties": { "element": "way", "id": 254742275, "natural": "wood", "source": "NRCan-CanVec-10.0", "type": null }, "geometry": { "type": "Polygon", "coordinates": [ [ [ -80.093921, 46.9806273 ], [ -80.0941901, 46.9809243 ], [ -80.0941722, 46.9819862 ], [ -80.0944524, 46.9833343 ], [ -80.0940767, 46.9842781 ], [ -80.0938318, 46.9844986 ], [ -80.093695, 46.9846672 ], [ -80.0921103, 46.9835937 ], [ -80.0920392, 46.9834903 ], [ -80.0926402, 46.9824561 ], [ -80.0927062, 46.982462 ], [ -80.092728, 46.9824381 ], [ -80.0927232, 46.9824003 ], [ -80.0932252, 46.9820789 ], [ -80.0932911, 46.9820531 ], [ -80.0932917, 46.9820363 ], [ -80.0933848, 46.9819767 ], [ -80.0934318, 46.9807279 ], [ -80.0935569, 46.9806383 ], [ -80.093921, 46.9806273 ] ] ] } },
{ "type": "Feature", "properties": { "element": "way", "id": 254742286, "natural": "wood", "source": "NRCan-CanVec-10.0", "type": null }, "geometry": { "type": "Polygon", "coordinates": [ [ [ -80.1019317, 46.9849001 ], [ -80.1024798, 46.9850791 ], [ -80.1025787, 46.985166 ], [ -80.1031647, 46.9866374 ], [ -80.1035064, 46.9868491 ], [ -80.1036162, 46.9869954 ], [ -80.1038101, 46.9873499 ], [ -80.1037566, 46.9874769 ], [ -80.1038386, 46.9876646 ], [ -80.1042815, 46.988278 ], [ -80.1044222, 46.9891815 ], [ -80.1044001, 46.9897832 ], [ -80.1044942, 46.9899361 ], [ -80.1045153, 46.9900173 ], [ -80.1044379, 46.9901746 ], [ -80.1043817, 46.9902204 ], [ -80.1042108, 46.9902109 ], [ -80.103645, 46.9900268 ], [ -80.1035454, 46.989928 ], [ -80.103774, 46.9885804 ], [ -80.1033704, 46.9878541 ], [ -80.1027621, 46.987177 ], [ -80.1024138, 46.9869459 ], [ -80.1006539, 46.9854203 ], [ -80.0991812, 46.9850698 ], [ -80.1005657, 46.9846355 ], [ -80.1019317, 46.9849001 ] ] ] } },
{ "type": "Feature", "properties": { "element": "way", "id": 254742288, "natural": "wood", "source": "NRCan-CanVec-10.0", "type": null }, "geometry": { "type": "Polygon", "coordinates": [ [ [ -80.0872203, 46.9782112 ], [ -80.0873046, 46.97847 ], [ -80.0874934, 46.9786201 ], [ -80.087858, 46.9786889 ], [ -80.0881553, 46.978864 ], [ -80.0888387, 46.9793412 ], [ -80.0889061, 46.9794105 ], [ -80.0889381, 46.9794106 ], [ -80.0890848, 46.979513 ], [ -80.0894329, 46.9797442 ], [ -80.0898581, 46.9808685 ], [ -80.0896485, 46.9819841 ], [ -80.0893174, 46.9823391 ], [ -80.0886404, 46.9824763 ], [ -80.086709, 46.9820964 ], [ -80.0866789, 46.9819906 ], [ -80.086968, 46.9810473 ], [ -80.086491, 46.9804557 ], [ -80.0863169, 46.9800328 ], [ -80.0859808, 46.9797669 ], [ -80.0861276, 46.9796472 ], [ -80.08615, 46.9796662 ], [ -80.08686, 46.9797823 ], [ -80.0871113, 46.9796766 ], [ -80.087068, 46.9795319 ], [ -80.0865622, 46.9792594 ], [ -80.0870266, 46.978076 ], [ -80.0872203, 46.9782112 ] ] ] } },
{ "type": "Feature", "properties": { "element": "way", "id": 254742299, "natural": "wood", "source": "NRCan-CanVec-10.0", "type": null }, "geometry": { "type": "Polygon", "coordinates": [ [ [ -80.125, 46.9980294 ], [ -80.125, 46.998466 ], [ -80.124873, 46.9981577 ], [ -80.125, 46.9980294 ] ] ] } },
{ "type": "Feature", "properties": { "element": "way", "id": 254742302, "natural": "wood", "source": "NRCan-CanVec-10.0", "type": null }, "geometry": { "type": "Polygon", "coordinates": [ [ [ -80.0919777, 47.0001527 ], [ -80.092067, 46.9999039 ], [ -80.0921134, 46.9997767 ], [ -80.0923244, 46.9996525 ], [ -80.0930815, 46.9995193 ], [ -80.0936828, 46.9992812 ], [ -80.0937009, 46.9992811 ], [ -80.0938309, 46.9991005 ], [ -80.0938531, 46.9989369 ], [ -80.0940283, 46.9985733 ], [ -80.0946875, 46.9984516 ], [ -80.094688, 46.9981883 ], [ -80.0952304, 46.9979716 ], [ -80.0958976, 46.9975577 ], [ -80.0967453, 46.9973568 ], [ -80.0967994, 46.9973306 ], [ -80.0984134, 46.997033 ], [ -80.1010487, 46.9968103 ], [ -80.1010509, 46.9968124 ], [ -80.1013275, 46.9969034 ], [ -80.1015216, 46.9971019 ], [ -80.1018142, 46.99759 ], [ -80.1017848, 46.9976293 ], [ -80.1018592, 46.9976652 ], [ -80.1019653, 46.9978422 ], [ -80.1023878, 46.9983606 ], [ -80.1025748, 46.9987855 ], [ -80.1023517, 46.9998865 ], [ -80.1025567, 47.0000787 ], [ -80.1027158, 47.000111 ], [ -80.1024571, 47.0003531 ], [ -80.1024142, 47.0004378 ], [ -80.1022921, 47.0005188 ], [ -80.102074, 47.000529 ], [ -80.1017237, 47.0003801 ], [ -80.1015685, 47.000364 ], [ -80.1014572, 47.0005292 ], [ -80.1016381, 47.0009715 ], [ -80.1017667, 47.0011026 ], [ -80.1019738, 47.0012006 ], [ -80.1025144, 47.0013806 ], [ -80.1026425, 47.0012822 ], [ -80.1025624, 47.0010123 ], [ -80.1025926, 47.0009256 ], [ -80.1029158, 47.00096 ], [ -80.1030125, 47.0008748 ], [ -80.1030102, 47.0007277 ], [ -80.1030821, 47.0006753 ], [ -80.1030834, 47.0005562 ], [ -80.1032411, 47.0005269 ], [ -80.1034259, 47.0006121 ], [ -80.1035679, 47.0005894 ], [ -80.1038828, 47.0003015 ], [ -80.1040085, 47.0002486 ], [ -80.1042985, 47.0001859 ], [ -80.1046302, 47.0001575 ], [ -80.105099, 47.0001973 ], [ -80.1054529, 47.0003743 ], [ -80.1059304, 47.0009658 ], [ -80.1060995, 47.0010576 ], [ -80.1063308, 47.0010862 ], [ -80.1063791, 47.00114 ], [ -80.1061554, 47.001397 ], [ -80.1061081, 47.001802 ], [ -80.1061509, 47.0019099 ], [ -80.1064094, 47.0020529 ], [ -80.1064625, 47.0022083 ], [ -80.106341, 47.0023261 ], [ -80.1058968, 47.003446 ], [ -80.1059003, 47.0036667 ], [ -80.1060151, 47.0037221 ], [ -80.1061824, 47.0037036 ], [ -80.1068671, 47.0033934 ], [ -80.1076641, 47.003184 ], [ -80.1078619, 47.0028861 ], [ -80.1079966, 47.0028072 ], [ -80.1082395, 47.0027643 ], [ -80.1085718, 47.0027726 ], [ -80.1091964, 47.0028654 ], [ -80.1093377, 47.0029985 ], [ -80.109363, 47.0031952 ], [ -80.1094475, 47.0033374 ], [ -80.1099235, 47.0034334 ], [ -80.1100902, 47.0035707 ], [ -80.1101366, 47.0037067 ], [ -80.1103342, 47.0037939 ], [ -80.1106218, 47.0037766 ], [ -80.1109666, 47.0039796 ], [ -80.1114445, 47.0039934 ], [ -80.1117525, 47.0042638 ], [ -80.1123035, 47.0042986 ], [ -80.112573, 47.0041408 ], [ -80.1126993, 47.0041247 ], [ -80.1127603, 47.0041805 ], [ -80.1128019, 47.0044074 ], [ -80.1128167, 47.0049418 ], [ -80.112897, 47.0052117 ], [ -80.112996, 47.0052737 ], [ -80.1134328, 47.0052899 ], [ -80.1135984, 47.0053536 ], [ -80.1138418, 47.00554 ], [ -80.113849, 47.0055963 ], [ -80.1142314, 47.0057687 ], [ -80.1144754, 47.0057993 ], [ -80.1146421, 47.0059366 ], [ -80.1146409, 47.0060556 ], [ -80.1144602, 47.0062279 ], [ -80.1140057, 47.0064932 ], [ -80.1138951, 47.0065026 ], [ -80.1135283, 47.0067088 ], [ -80.1131251, 47.0070191 ], [ -80.1127293, 47.007193 ], [ -80.1124109, 47.0072603 ], [ -80.1116374, 47.0073635 ], [ -80.1111872, 47.007501 ], [ -80.1105359, 47.0075232 ], [ -80.1085162, 47.0072396 ], [ -80.1075798, 47.0070409 ], [ -80.1072427, 47.0069309 ], [ -80.107157, 47.0067151 ], [ -80.1070773, 47.0066746 ], [ -80.1068368, 47.0066721 ], [ -80.1064809, 47.0067699 ], [ -80.1058277, 47.0068743 ], [ -80.1038288, 47.0071076 ], [ -80.1015687, 47.0076285 ], [ -80.1011675, 47.0076639 ], [ -80.1007301, 47.0076109 ], [ -80.100422, 47.007533 ], [ -80.0999558, 47.0072551 ], [ -80.0997143, 47.0069864 ], [ -80.0995073, 47.0066958 ], [ -80.0994672, 47.0061572 ], [ -80.0995605, 47.0058514 ], [ -80.099968, 47.0054135 ], [ -80.1007887, 47.005098 ], [ -80.1010577, 47.0049034 ], [ -80.1015656, 47.0044085 ], [ -80.1020498, 47.0040197 ], [ -80.1024602, 47.0037657 ], [ -80.102467, 47.0035925 ], [ -80.1023469, 47.0033986 ], [ -80.1022224, 47.0033325 ], [ -80.1019754, 47.0033105 ], [ -80.1019282, 47.0033303 ], [ -80.1016788, 47.0031612 ], [ -80.1016216, 47.0029409 ], [ -80.1020993, 47.0023401 ], [ -80.1020608, 47.0021045 ], [ -80.1019739, 47.0020078 ], [ -80.1018005, 47.0020437 ], [ -80.1014473, 47.002518 ], [ -80.1011202, 47.0028407 ], [ -80.1007081, 47.0029844 ], [ -80.1004423, 47.0029777 ], [ -80.0998559, 47.0026985 ], [ -80.0996275, 47.0026612 ], [ -80.0993271, 47.002869 ], [ -80.0993022, 47.0030942 ], [ -80.0993412, 47.0033666 ], [ -80.0992233, 47.0035125 ], [ -80.0988878, 47.0037053 ], [ -80.0980346, 47.0039605 ], [ -80.0968013, 47.0041902 ], [ -80.0962943, 47.0043367 ], [ -80.0960379, 47.0045333 ], [ -80.0958594, 47.0048528 ], [ -80.0955808, 47.0050366 ], [ -80.095043, 47.0050405 ], [ -80.0946297, 47.0051106 ], [ -80.0943698, 47.0052791 ], [ -80.0943484, 47.0055324 ], [ -80.0944632, 47.0055879 ], [ -80.0946915, 47.0056252 ], [ -80.0948672, 47.0057364 ], [ -80.0948635, 47.0059009 ], [ -80.0946639, 47.0060885 ], [ -80.0941495, 47.0063714 ], [ -80.0932399, 47.0066723 ], [ -80.0929873, 47.0067044 ], [ -80.0927826, 47.0065609 ], [ -80.0927321, 47.00636 ], [ -80.092815, 47.0061993 ], [ -80.0929437, 47.0061378 ], [ -80.0931051, 47.0061366 ], [ -80.0933681, 47.0059594 ], [ -80.0934951, 47.0057875 ], [ -80.0939341, 47.0053364 ], [ -80.0943362, 47.004338 ], [ -80.0941794, 47.0040189 ], [ -80.0941572, 47.0038135 ], [ -80.0944915, 47.003547 ], [ -80.0948929, 47.003319 ], [ -80.0952176, 47.0030418 ], [ -80.0954945, 47.0027477 ], [ -80.095578, 47.0026237 ], [ -80.0955878, 47.0024419 ], [ -80.0954649, 47.0020641 ], [ -80.0956559, 47.0019393 ], [ -80.0962721, 47.0019024 ], [ -80.0963882, 47.0018388 ], [ -80.0967509, 47.0015678 ], [ -80.0971013, 47.0015241 ], [ -80.0972543, 47.0013932 ], [ -80.0972181, 47.0013047 ], [ -80.0970146, 47.0012348 ], [ -80.0958196, 47.0012781 ], [ -80.095291, 47.001256 ], [ -80.0941596, 47.0011171 ], [ -80.093907, 47.0011492 ], [ -80.0937656, 47.0012087 ], [ -80.0936036, 47.0013657 ], [ -80.0935675, 47.0025064 ], [ -80.0933782, 47.0027414 ], [ -80.0930995, 47.0029252 ], [ -80.0928409, 47.0029747 ], [ -80.0920344, 47.0029806 ], [ -80.0918344, 47.0029388 ], [ -80.0916653, 47.0028469 ], [ -80.0916358, 47.0027779 ], [ -80.0917301, 47.0021237 ], [ -80.0916456, 47.0019815 ], [ -80.0913643, 47.0017888 ], [ -80.0913016, 47.0016226 ], [ -80.0913111, 47.0012114 ], [ -80.0913837, 47.0010031 ], [ -80.0917857, 47.0008119 ], [ -80.0918661, 47.0006967 ], [ -80.0919777, 47.0001527 ] ] ] } },
{ "type": "Feature", "properties": { "element": "way", "id": 254742323, "natural": "wood", "source": "NRCan-CanVec-10.0", "type": null }, "geometry": { "type": "Polygon", "coordinates": [ [ [ -80.0963723, 46.9759666 ], [ -80.0962743, 46.9760746 ], [ -80.0962072, 46.9762287 ], [ -80.0962584, 46.9762737 ], [ -80.0965562, 46.9762585 ], [ -80.0976351, 46.9769756 ], [ -80.0983576, 46.9780933 ], [ -80.0990609, 46.9789969 ], [ -80.0990324, 46.979194 ], [ -80.0986027, 46.9796191 ], [ -80.0984517, 46.9796678 ], [ -80.0975699, 46.9792761 ], [ -80.0962321, 46.9782321 ], [ -80.0952034, 46.9780744 ], [ -80.0950742, 46.9779788 ], [ -80.0947754, 46.9778749 ], [ -80.0943865, 46.9778756 ], [ -80.0941511, 46.9779132 ], [ -80.0926067, 46.9776765 ], [ -80.092532, 46.977545 ], [ -80.0923105, 46.9754911 ], [ -80.0912624, 46.975384 ], [ -80.0910448, 46.9752947 ], [ -80.0910441, 46.9752755 ], [ -80.0911614, 46.9748206 ], [ -80.0911682, 46.9748091 ], [ -80.091168, 46.9747953 ], [ -80.0913439, 46.9741133 ], [ -80.0919407, 46.9738623 ], [ -80.0922329, 46.9731397 ], [ -80.0923514, 46.9730306 ], [ -80.0938967, 46.9725953 ], [ -80.0941111, 46.972557 ], [ -80.0943205, 46.9726095 ], [ -80.0949258, 46.9729102 ], [ -80.0951086, 46.9730776 ], [ -80.0954501, 46.9732894 ], [ -80.0961128, 46.9742322 ], [ -80.096253, 46.9755208 ], [ -80.0963723, 46.9759666 ] ] ] } },
{ "type": "Feature", "properties": { "element": "way", "id": 254742332, "natural": "wood", "source": "NRCan-CanVec-10.0", "type": null }, "geometry": { "type": "Polygon", "coordinates": [ [ [ -80.0803079, 47.0000687 ], [ -80.0793602, 47.0007627 ], [ -80.0790297, 47.0008646 ], [ -80.0784068, 47.000882 ], [ -80.0777751, 47.0007328 ], [ -80.0774183, 47.0005644 ], [ -80.0768591, 47.0003996 ], [ -80.0767091, 47.0000589 ], [ -80.0767674, 46.9997792 ], [ -80.0762929, 46.999564 ], [ -80.0761258, 46.9993899 ], [ -80.0753943, 46.9993345 ], [ -80.0753353, 46.9991964 ], [ -80.0753434, 46.9984822 ], [ -80.0754173, 46.9983475 ], [ -80.0756095, 46.9982964 ], [ -80.0769318, 46.9983109 ], [ -80.0774415, 46.9979264 ], [ -80.078765, 46.9973758 ], [ -80.0788974, 46.9973664 ], [ -80.0791676, 46.9972455 ], [ -80.0791879, 46.9971998 ], [ -80.0792142, 46.9971889 ], [ -80.0807456, 46.995568 ], [ -80.0809256, 46.9955516 ], [ -80.0826303, 46.9957852 ], [ -80.0828087, 46.9958411 ], [ -80.0830773, 46.9960317 ], [ -80.0835515, 46.9960175 ], [ -80.0837124, 46.9964016 ], [ -80.0838505, 46.9964533 ], [ -80.0839019, 46.996743 ], [ -80.0838349, 46.996972 ], [ -80.0839742, 46.9971502 ], [ -80.0840607, 46.9976382 ], [ -80.0838134, 46.9978398 ], [ -80.0834176, 46.9980136 ], [ -80.0829982, 46.9980423 ], [ -80.082259, 46.9979527 ], [ -80.0829112, 46.9975823 ], [ -80.082973, 46.9974823 ], [ -80.0825573, 46.9969833 ], [ -80.0824335, 46.9969539 ], [ -80.0818646, 46.9973929 ], [ -80.0814997, 46.9979386 ], [ -80.0802972, 46.9987327 ], [ -80.0800565, 46.9999592 ], [ -80.0803079, 47.0000687 ] ] ] } },
{ "type": "Feature", "properties": { "element": "way", "id": 254743580, "natural": "wood", "source": "NRCan-CanVec-10.0", "type": null }, "geometry": { "type": "Polygon", "coordinates": [ [ [ -80.0509975, 46.9806263 ], [ -80.0510502, 46.9807364 ], [ -80.0513848, 46.9806995 ], [ -80.0515724, 46.9807761 ], [ -80.0516029, 46.9809187 ], [ -80.0514469, 46.9810582 ], [ -80.0513878, 46.9813421 ], [ -80.0511726, 46.9816158 ], [ -80.0506318, 46.9813191 ], [ -80.0504569, 46.9805933 ], [ -80.0506115, 46.9805727 ], [ -80.0509975, 46.9806263 ] ] ] } },
{ "type": "Feature", "properties": { "element": "way", "id": 254743581, "natural": "wood", "source": "NRCan-CanVec-10.0", "type": null }, "geometry": { "type": "Polygon", "coordinates": [ [ [ -80.0332526, 46.9688266 ], [ -80.0335929, 46.9687595 ], [ -80.0340337, 46.9687101 ], [ -80.0342889, 46.9687283 ], [ -80.0344091, 46.9686905 ], [ -80.0345338, 46.9685344 ], [ -80.0346483, 46.9683035 ], [ -80.0347253, 46.968143 ], [ -80.0356739, 46.96773 ], [ -80.035902, 46.967538 ], [ -80.0360609, 46.9669312 ], [ -80.0361296, 46.9664287 ], [ -80.0371873, 46.9663546 ], [ -80.0373319, 46.9656353 ], [ -80.0384566, 46.9655997 ], [ -80.0385301, 46.9655118 ], [ -80.0385376, 46.9655213 ], [ -80.0386892, 46.9655094 ], [ -80.0386637, 46.965352 ], [ -80.0387332, 46.965269 ], [ -80.0392455, 46.9650687 ], [ -80.0387738, 46.9640289 ], [ -80.0388012, 46.9640032 ], [ -80.0389292, 46.9639435 ], [ -80.0400638, 46.9637261 ], [ -80.040073, 46.9628195 ], [ -80.0400141, 46.9626814 ], [ -80.0398144, 46.9626395 ], [ -80.0377158, 46.9626254 ], [ -80.0378609, 46.9619428 ], [ -80.0381334, 46.9615473 ], [ -80.0383196, 46.9615303 ], [ -80.0384983, 46.961653 ], [ -80.038661, 46.9617623 ], [ -80.0389682, 46.9618035 ], [ -80.0390974, 46.9617788 ], [ -80.0391906, 46.9616657 ], [ -80.0391744, 46.9614523 ], [ -80.0413305, 46.9612554 ], [ -80.0414583, 46.9613497 ], [ -80.0421212, 46.9624033 ], [ -80.0423746, 46.9624449 ], [ -80.044369, 46.9619373 ], [ -80.0445217, 46.9620907 ], [ -80.0446418, 46.9620921 ], [ -80.044859, 46.9618158 ], [ -80.0448751, 46.9618085 ], [ -80.045684, 46.9616026 ], [ -80.0466063, 46.9606673 ], [ -80.0470611, 46.9604617 ], [ -80.0473195, 46.9602762 ], [ -80.0482529, 46.9602719 ], [ -80.0483811, 46.9601736 ], [ -80.0484104, 46.9600133 ], [ -80.048427, 46.9598509 ], [ -80.0485647, 46.9597635 ], [ -80.0496011, 46.9597499 ], [ -80.0498107, 46.9595637 ], [ -80.050632, 46.9600199 ], [ -80.051002, 46.9600346 ], [ -80.051187, 46.9601567 ], [ -80.0517115, 46.9614534 ], [ -80.052018, 46.9618797 ], [ -80.0522223, 46.9620233 ], [ -80.0522451, 46.9620729 ], [ -80.0524017, 46.9619702 ], [ -80.052432, 46.9618834 ], [ -80.0524716, 46.9616193 ], [ -80.0527197, 46.9616737 ], [ -80.0529597, 46.9614471 ], [ -80.0534766, 46.9589727 ], [ -80.0537147, 46.9588283 ], [ -80.054345, 46.9587115 ], [ -80.0550681, 46.9586741 ], [ -80.055205, 46.9577457 ], [ -80.0553004, 46.9577032 ], [ -80.0554802, 46.9576736 ], [ -80.0563361, 46.9576528 ], [ -80.0566889, 46.9572406 ], [ -80.0567645, 46.957347 ], [ -80.0569383, 46.9573479 ], [ -80.057231, 46.9570474 ], [ -80.0572506, 46.9568763 ], [ -80.057135, 46.9567195 ], [ -80.0573551, 46.9564623 ], [ -80.0581975, 46.9561601 ], [ -80.0596512, 46.955527 ], [ -80.0598772, 46.9582147 ], [ -80.059584, 46.9599736 ], [ -80.0595005, 46.9600975 ], [ -80.058831, 46.9605565 ], [ -80.0587294, 46.9608919 ], [ -80.0584771, 46.9609938 ], [ -80.0584286, 46.9611326 ], [ -80.0586143, 46.9612722 ], [ -80.0584769, 46.961726 ], [ -80.057629, 46.9628452 ], [ -80.0574694, 46.9629827 ], [ -80.0572824, 46.9629168 ], [ -80.0577204, 46.9619705 ], [ -80.0570639, 46.9611658 ], [ -80.0562769, 46.9611561 ], [ -80.0561072, 46.9620467 ], [ -80.0559043, 46.9623176 ], [ -80.0552392, 46.9625912 ], [ -80.0548619, 46.9629421 ], [ -80.054269, 46.9630284 ], [ -80.0526919, 46.9630175 ], [ -80.0525308, 46.9635511 ], [ -80.0523489, 46.9637685 ], [ -80.0519632, 46.9639953 ], [ -80.0511704, 46.9642266 ], [ -80.0509196, 46.9643689 ], [ -80.0505039, 46.9655574 ], [ -80.04992, 46.9662689 ], [ -80.0498993, 46.966332 ], [ -80.0497053, 46.9664997 ], [ -80.0496012, 46.9669504 ], [ -80.0492898, 46.9672663 ], [ -80.0493044, 46.9678374 ], [ -80.0491696, 46.9682706 ], [ -80.0491465, 46.9682885 ], [ -80.048658, 46.9683827 ], [ -80.0485411, 46.96875 ], [ -80.048183, 46.9689744 ], [ -80.0477786, 46.9692108 ], [ -80.0471934, 46.9694253 ], [ -80.0470646, 46.9694515 ], [ -80.0470505, 46.969492 ], [ -80.0468681, 46.9696303 ], [ -80.0468551, 46.9696929 ], [ -80.0466639, 46.969716 ], [ -80.0465153, 46.9703708 ], [ -80.0463429, 46.9711311 ], [ -80.0465341, 46.9712578 ], [ -80.0465546, 46.9715602 ], [ -80.0466511, 46.9718971 ], [ -80.0464278, 46.9721907 ], [ -80.0463954, 46.972264 ], [ -80.042779, 46.9723207 ], [ -80.0426569, 46.9722053 ], [ -80.0423852, 46.9722158 ], [ -80.0416876, 46.9723378 ], [ -80.0414564, 46.9723414 ], [ -80.0409355, 46.9722991 ], [ -80.0408157, 46.9723515 ], [ -80.0402978, 46.9723596 ], [ -80.0391188, 46.9723589 ], [ -80.0391026, 46.9734387 ], [ -80.0399371, 46.9736581 ], [ -80.0408937, 46.9746773 ], [ -80.042129, 46.9746322 ], [ -80.0429186, 46.9747059 ], [ -80.042965, 46.9747326 ], [ -80.0431429, 46.9747268 ], [ -80.043946, 46.9748018 ], [ -80.044127, 46.974859 ], [ -80.0441732, 46.974995 ], [ -80.0439676, 46.9758549 ], [ -80.0438762, 46.9758819 ], [ -80.0438144, 46.9759819 ], [ -80.0438075, 46.9762306 ], [ -80.0433164, 46.9763992 ], [ -80.0433239, 46.9763876 ], [ -80.0432823, 46.9763533 ], [ -80.0430522, 46.9763981 ], [ -80.0429654, 46.9765198 ], [ -80.0428175, 46.9765706 ], [ -80.0423842, 46.9776554 ], [ -80.0421135, 46.9779561 ], [ -80.0418207, 46.97804 ], [ -80.0416839, 46.9782149 ], [ -80.041621, 46.9782274 ], [ -80.0394115, 46.9780302 ], [ -80.0392956, 46.9782379 ], [ -80.0389437, 46.9782562 ], [ -80.0386553, 46.978429 ], [ -80.0383785, 46.9785304 ], [ -80.0381716, 46.9784323 ], [ -80.0380175, 46.9784895 ], [ -80.0379472, 46.9787782 ], [ -80.0371283, 46.9800224 ], [ -80.0370667, 46.9800949 ], [ -80.0368659, 46.9802088 ], [ -80.0356198, 46.9803988 ], [ -80.0355441, 46.9804507 ], [ -80.0348188, 46.9805426 ], [ -80.0313522, 46.9815609 ], [ -80.0306956, 46.9814073 ], [ -80.0304659, 46.9812595 ], [ -80.0303213, 46.9793001 ], [ -80.0311421, 46.9774165 ], [ -80.0309265, 46.9769225 ], [ -80.0307272, 46.9769173 ], [ -80.0295045, 46.9771936 ], [ -80.0293651, 46.9771708 ], [ -80.0291824, 46.9763151 ], [ -80.0288625, 46.9762718 ], [ -80.0287392, 46.9758204 ], [ -80.0287132, 46.975818 ], [ -80.0287412, 46.9757381 ], [ -80.0285227, 46.9757115 ], [ -80.0283942, 46.9757879 ], [ -80.0276882, 46.9757213 ], [ -80.0276742, 46.9755939 ], [ -80.0276882, 46.9754919 ], [ -80.0276616, 46.9754786 ], [ -80.0276339, 46.9752261 ], [ -80.0263797, 46.9750569 ], [ -80.0268235, 46.9740198 ], [ -80.0267987, 46.9739499 ], [ -80.0268129, 46.9739354 ], [ -80.0267921, 46.9738036 ], [ -80.0267448, 46.9737977 ], [ -80.0265405, 46.973221 ], [ -80.026685, 46.973153 ], [ -80.027107, 46.9730847 ], [ -80.0272152, 46.9730933 ], [ -80.0273319, 46.9730484 ], [ -80.0281768, 46.9729117 ], [ -80.0287682, 46.9727107 ], [ -80.0291282, 46.9726826 ], [ -80.0293872, 46.9725002 ], [ -80.030961, 46.9719652 ], [ -80.0311738, 46.9718166 ], [ -80.0317829, 46.9710726 ], [ -80.0320434, 46.9709411 ], [ -80.0322518, 46.9695809 ], [ -80.0328615, 46.9693324 ], [ -80.0332526, 46.9688266 ] ] ] } },
{ "type": "Feature", "properties": { "element": "way", "id": 254743649, "natural": "wood", "source": "NRCan-CanVec-10.0", "type": null }, "geometry": { "type": "Polygon", "coordinates": [ [ [ -80.0481696, 46.9848728 ], [ -80.0482303, 46.9859984 ], [ -80.0479365, 46.9864548 ], [ -80.0483196, 46.986914 ], [ -80.0483177, 46.9870126 ], [ -80.0483118, 46.9879061 ], [ -80.0477746, 46.9880692 ], [ -80.0475142, 46.9880827 ], [ -80.047448, 46.9883103 ], [ -80.0471133, 46.9883472 ], [ -80.0467256, 46.9886506 ], [ -80.0465334, 46.9887017 ], [ -80.0439709, 46.9884009 ], [ -80.0438009, 46.9882354 ], [ -80.0436329, 46.987107 ], [ -80.0454221, 46.9850978 ], [ -80.0465986, 46.9844558 ], [ -80.0471393, 46.9840216 ], [ -80.0472179, 46.9839886 ], [ -80.0473391, 46.9840635 ], [ -80.0479638, 46.9848447 ], [ -80.0481696, 46.9848728 ] ] ] } },
{ "type": "Feature", "properties": { "element": "way", "id": 254743654, "natural": "wood", "source": "NRCan-CanVec-10.0", "type": null }, "geometry": { "type": "Polygon", "coordinates": [ [ [ -80.0481367, 46.9944592 ], [ -80.0478849, 46.9946843 ], [ -80.0476674, 46.9947312 ], [ -80.0475175, 46.9948059 ], [ -80.0461937, 46.9949576 ], [ -80.0458129, 46.9950878 ], [ -80.0454239, 46.9950883 ], [ -80.0453678, 46.9952484 ], [ -80.0451897, 46.9952976 ], [ -80.0445109, 46.9953494 ], [ -80.042524, 46.9953285 ], [ -80.0423241, 46.9952866 ], [ -80.042279, 46.9952241 ], [ -80.0422696, 46.9947914 ], [ -80.0425093, 46.9936473 ], [ -80.0432762, 46.9928917 ], [ -80.0433594, 46.9929426 ], [ -80.0439471, 46.9926812 ], [ -80.0446606, 46.9925963 ], [ -80.044674, 46.9925749 ], [ -80.0459136, 46.9924255 ], [ -80.0481828, 46.9927607 ], [ -80.0483892, 46.9928221 ], [ -80.0484766, 46.9929557 ], [ -80.0485958, 46.9937641 ], [ -80.0481367, 46.9944592 ] ] ] } },
{ "type": "Feature", "properties": { "element": "way", "id": 254743660, "natural": "wood", "source": "NRCan-CanVec-10.0", "type": null }, "geometry": { "type": "Polygon", "coordinates": [ [ [ -80.0418363, 46.9909839 ], [ -80.041677, 46.9907403 ], [ -80.0416375, 46.9908531 ], [ -80.0412041, 46.9910572 ], [ -80.0412179, 46.9912248 ], [ -80.0411438, 46.9912675 ], [ -80.0414072, 46.9915492 ], [ -80.0415725, 46.991613 ], [ -80.0416146, 46.9916057 ], [ -80.0417065, 46.99169 ], [ -80.042068, 46.9915383 ], [ -80.042081, 46.9915243 ], [ -80.043167, 46.9913349 ], [ -80.0432013, 46.991403 ], [ -80.0434606, 46.9916198 ], [ -80.0434039, 46.9918582 ], [ -80.0430795, 46.992172 ], [ -80.0430264, 46.9922806 ], [ -80.0423201, 46.9926212 ], [ -80.0422451, 46.9926407 ], [ -80.0420011, 46.9926099 ], [ -80.0416049, 46.9923247 ], [ -80.0411889, 46.9922107 ], [ -80.0409553, 46.992081 ], [ -80.0407548, 46.991268 ], [ -80.0397899, 46.9905777 ], [ -80.0392326, 46.9894129 ], [ -80.0393881, 46.9892366 ], [ -80.0407703, 46.9888119 ], [ -80.0409265, 46.9889017 ], [ -80.0424255, 46.9906704 ], [ -80.0424423, 46.9907373 ], [ -80.0423013, 46.9908335 ], [ -80.0418363, 46.9909839 ] ] ] } },
{ "type": "Feature", "properties": { "element": "way", "id": 254743661, "natural": "wood", "source": "NRCan-CanVec-10.0", "type": null }, "geometry": { "type": "Polygon", "coordinates": [ [ [ -80.0570247, 46.9887037 ], [ -80.0570964, 46.9887811 ], [ -80.0573607, 46.988867 ], [ -80.0575544, 46.9889662 ], [ -80.0577492, 46.989521 ], [ -80.0579382, 46.9896353 ], [ -80.0580049, 46.9897096 ], [ -80.0583016, 46.9899758 ], [ -80.0583637, 46.990245 ], [ -80.0583609, 46.9902633 ], [ -80.0579543, 46.9903527 ], [ -80.057898, 46.9903985 ], [ -80.0580559, 46.9905986 ], [ -80.0584044, 46.9906374 ], [ -80.058446, 46.9906717 ], [ -80.0584062, 46.9909771 ], [ -80.0585858, 46.9909817 ], [ -80.0588965, 46.9914151 ], [ -80.0585864, 46.9922633 ], [ -80.0582468, 46.9920473 ], [ -80.0582838, 46.9919019 ], [ -80.0580743, 46.9918492 ], [ -80.0579715, 46.9918723 ], [ -80.0579065, 46.9918309 ], [ -80.0569174, 46.9916689 ], [ -80.0565064, 46.991464 ], [ -80.0568802, 46.9908556 ], [ -80.0564211, 46.9901749 ], [ -80.0543209, 46.9899319 ], [ -80.0541332, 46.9898552 ], [ -80.0545466, 46.9893634 ], [ -80.0563994, 46.9891256 ], [ -80.056867, 46.9886702 ], [ -80.0570247, 46.9887037 ] ] ] } },
{ "type": "Feature", "properties": { "element": "way", "id": 254743663, "natural": "wood", "source": "NRCan-CanVec-10.0", "type": null }, "geometry": { "type": "Polygon", "coordinates": [ [ [ -80.0431893, 47.0000486 ], [ -80.0431471, 46.9992929 ], [ -80.0431276, 46.9990421 ], [ -80.0433716, 46.9981922 ], [ -80.0431366, 46.9970252 ], [ -80.0433156, 46.9969353 ], [ -80.0450111, 46.9965181 ], [ -80.0450075, 46.9966989 ], [ -80.0452764, 46.9969264 ], [ -80.0452549, 46.9974091 ], [ -80.0455745, 46.9974156 ], [ -80.0460499, 46.9976457 ], [ -80.0461554, 46.997786 ], [ -80.0462454, 46.9977403 ], [ -80.0462624, 46.9977485 ], [ -80.046291, 46.9977171 ], [ -80.0474874, 46.997109 ], [ -80.0476193, 46.9970902 ], [ -80.047643, 46.9970298 ], [ -80.0481617, 46.9967662 ], [ -80.0502496, 46.9950534 ], [ -80.0505675, 46.9949495 ], [ -80.0513348, 46.9948642 ], [ -80.0523118, 46.995061 ], [ -80.0524544, 46.9951289 ], [ -80.0527215, 46.9956143 ], [ -80.0526074, 46.996247 ], [ -80.0527622, 46.9964558 ], [ -80.0531845, 46.9967818 ], [ -80.053117, 46.9973579 ], [ -80.0532227, 46.9976688 ], [ -80.0532681, 46.9979606 ], [ -80.0531395, 46.9982514 ], [ -80.0536272, 46.998737 ], [ -80.0534716, 46.9999846 ], [ -80.0534865, 47.0000139 ], [ -80.0535211, 47.0003414 ], [ -80.0534147, 47.0004157 ], [ -80.0532823, 47.000449 ], [ -80.0529465, 47.0004124 ], [ -80.0527639, 47.0004742 ], [ -80.0527818, 47.0006147 ], [ -80.0530992, 47.0011254 ], [ -80.053044, 47.0012448 ], [ -80.0531071, 47.0014478 ], [ -80.0534654, 47.0017267 ], [ -80.0535925, 47.0019768 ], [ -80.0533954, 47.0023482 ], [ -80.0531582, 47.0025662 ], [ -80.0529039, 47.0029099 ], [ -80.0521988, 47.0035833 ], [ -80.0519975, 47.0036605 ], [ -80.0517438, 47.0036189 ], [ -80.0514562, 47.003636 ], [ -80.0513349, 47.0035611 ], [ -80.0513236, 47.00344 ], [ -80.0515182, 47.0031141 ], [ -80.0514948, 47.0030277 ], [ -80.0515668, 47.0029752 ], [ -80.051755, 47.0024373 ], [ -80.0517508, 47.002143 ], [ -80.0516777, 47.0021219 ], [ -80.051491, 47.0021188 ], [ -80.0512961, 47.001986 ], [ -80.0513238, 47.0017153 ], [ -80.0516102, 47.0013953 ], [ -80.0516243, 47.0012783 ], [ -80.0512654, 47.0009627 ], [ -80.0508792, 47.0007251 ], [ -80.0507144, 47.0006981 ], [ -80.050582, 47.0007314 ], [ -80.0504868, 47.0009268 ], [ -80.0502667, 47.0010192 ], [ -80.0500775, 47.0010616 ], [ -80.0499284, 47.0016794 ], [ -80.0497317, 47.0018581 ], [ -80.0489791, 47.0020926 ], [ -80.0487042, 47.0021118 ], [ -80.0483348, 47.0019412 ], [ -80.0481542, 47.0019208 ], [ -80.0479787, 47.0020388 ], [ -80.0479459, 47.0021711 ], [ -80.0480809, 47.0023216 ], [ -80.0480739, 47.0024948 ], [ -80.0479462, 47.0026298 ], [ -80.0476886, 47.0027527 ], [ -80.0475676, 47.0031366 ], [ -80.0467313, 47.003495 ], [ -80.0466563, 47.0035561 ], [ -80.046557, 47.0036866 ], [ -80.0465541, 47.0039246 ], [ -80.0464821, 47.0039771 ], [ -80.0465182, 47.0040655 ], [ -80.0463641, 47.0043522 ], [ -80.0460497, 47.0044842 ], [ -80.0457337, 47.0045058 ], [ -80.045485, 47.0043733 ], [ -80.04539, 47.0041467 ], [ -80.0451444, 47.0040056 ], [ -80.044805, 47.0039408 ], [ -80.0446289, 47.0037926 ], [ -80.0444709, 47.0033631 ], [ -80.0442383, 47.0030314 ], [ -80.0434003, 47.0021693 ], [ -80.0432287, 47.0018935 ], [ -80.0433999, 47.0014812 ], [ -80.0433699, 47.0013753 ], [ -80.0430572, 47.0009663 ], [ -80.0430166, 47.0007761 ], [ -80.0432249, 47.0005259 ], [ -80.0432051, 47.0004676 ], [ -80.0429777, 47.0002744 ], [ -80.0431893, 47.0000486 ] ] ] } },
{ "type": "Feature", "properties": { "element": "way", "id": 254743669, "natural": "wood", "source": "NRCan-CanVec-10.0", "type": null }, "geometry": { "type": "Polygon", "coordinates": [ [ [ -80.0266716, 46.96875 ], [ -80.0266977, 46.9686417 ], [ -80.0275474, 46.9672492 ], [ -80.0285813, 46.9665933 ], [ -80.030262, 46.9667683 ], [ -80.030468, 46.9674809 ], [ -80.0304679, 46.967481 ], [ -80.0284346, 46.9678535 ], [ -80.0273578, 46.96875 ], [ -80.0270724, 46.9689876 ], [ -80.0269249, 46.9690643 ], [ -80.0268676, 46.9690365 ], [ -80.0266679, 46.9687652 ], [ -80.0266716, 46.96875 ] ] ] } },
{ "type": "Feature", "properties": { "element": "way", "id": 254743677, "natural": "wood", "source": "NRCan-CanVec-10.0", "type": null }, "geometry": { "type": "Polygon", "coordinates": [ [ [ -80.0084106, 46.9686723 ], [ -80.0084359, 46.9687265 ], [ -80.0083786, 46.968978 ], [ -80.0084001, 46.9692392 ], [ -80.0083322, 46.9693556 ], [ -80.0082111, 46.9695075 ], [ -80.0081039, 46.9696146 ], [ -80.007877, 46.9698016 ], [ -80.0077708, 46.9698546 ], [ -80.0076036, 46.9699116 ], [ -80.0074615, 46.9699205 ], [ -80.0073549, 46.969979 ], [ -80.0071985, 46.9700011 ], [ -80.0070581, 46.9700104 ], [ -80.0070195, 46.9699651 ], [ -80.0070998, 46.9698848 ], [ -80.0071973, 46.9698146 ], [ -80.007275, 46.9697648 ], [ -80.007298, 46.9696655 ], [ -80.0073068, 46.9695711 ], [ -80.0072855, 46.9694821 ], [ -80.0072104, 46.9694162 ], [ -80.0071138, 46.9693961 ], [ -80.0069803, 46.9694435 ], [ -80.0068839, 46.9693436 ], [ -80.0068092, 46.9692524 ], [ -80.0067581, 46.9691714 ], [ -80.0066797, 46.969125 ], [ -80.0065796, 46.9691098 ], [ -80.0064138, 46.9691709 ], [ -80.0063118, 46.9691856 ], [ -80.0062634, 46.9690938 ], [ -80.0062916, 46.9690025 ], [ -80.0062363, 46.968931 ], [ -80.0059363, 46.9688218 ], [ -80.0059167, 46.96875 ], [ -80.0059403, 46.968606 ], [ -80.0059171, 46.9684437 ], [ -80.0059196, 46.9683088 ], [ -80.0059603, 46.9682371 ], [ -80.0063713, 46.9680517 ], [ -80.0064245, 46.9680162 ], [ -80.0064658, 46.9679175 ], [ -80.0065323, 46.9678731 ], [ -80.0065982, 46.9678647 ], [ -80.0067293, 46.9678838 ], [ -80.0068203, 46.9679386 ], [ -80.0068714, 46.96802 ], [ -80.0068826, 46.9681281 ], [ -80.0069438, 46.9683716 ], [ -80.0069684, 46.9684618 ], [ -80.006994, 46.9684981 ], [ -80.0070993, 46.96849 ], [ -80.0072183, 46.968455 ], [ -80.0073236, 46.9684469 ], [ -80.0074284, 46.9684658 ], [ -80.0076126, 46.9684584 ], [ -80.0077188, 46.9684053 ], [ -80.007798, 46.968388 ], [ -80.0079544, 46.9684614 ], [ -80.0081623, 46.9685892 ], [ -80.0082147, 46.9685986 ], [ -80.0082938, 46.9685903 ], [ -80.0084106, 46.9686723 ] ] ] } },
{ "type": "Feature", "properties": { "element": "way", "id": 254743679, "natural": "wood", "source": "NRCan-CanVec-10.0", "type": null }, "geometry": { "type": "Polygon", "coordinates": [ [ [ -80.0278136, 46.9954312 ], [ -80.0272314, 46.9966093 ], [ -80.0267232, 46.9966819 ], [ -80.0266375, 46.9966587 ], [ -80.0266009, 46.9965334 ], [ -80.0268515, 46.9952781 ], [ -80.0269259, 46.9952128 ], [ -80.0278094, 46.9953914 ], [ -80.0278136, 46.9954312 ] ] ] } },
{ "type": "Feature", "properties": { "element": "way", "id": 254744729, "natural": "wood", "source": "NRCan-CanVec-10.0", "type": null }, "geometry": { "type": "Polygon", "coordinates": [ [ [ -80.0349433, 46.9632345 ], [ -80.0350147, 46.9629159 ], [ -80.0352164, 46.9628757 ], [ -80.0367748, 46.9629021 ], [ -80.0369056, 46.9629877 ], [ -80.0368946, 46.9633253 ], [ -80.036848, 46.9633819 ], [ -80.0366463, 46.9634222 ], [ -80.0350878, 46.9633958 ], [ -80.0350052, 46.9633639 ], [ -80.0349433, 46.9632345 ] ] ] } },
{ "type": "Feature", "properties": { "element": "way", "id": 254744730, "natural": "wood", "source": "NRCan-CanVec-10.0", "type": null }, "geometry": { "type": "Polygon", "coordinates": [ [ [ -80.0425268, 46.9592323 ], [ -80.0428293, 46.9591164 ], [ -80.0434151, 46.958974 ], [ -80.0435898, 46.9588936 ], [ -80.0438311, 46.9588954 ], [ -80.0440308, 46.9589374 ], [ -80.0440803, 46.9595234 ], [ -80.044019, 46.9596601 ], [ -80.0438143, 46.959709 ], [ -80.0427618, 46.9596923 ], [ -80.0425621, 46.9596504 ], [ -80.0425268, 46.9592323 ] ] ] } },
{ "type": "Feature", "properties": { "element": "way", "id": 254744732, "natural": "wood", "source": "NRCan-CanVec-10.0", "type": null }, "geometry": { "type": "Polygon", "coordinates": [ [ [ -80.03171, 46.953558 ], [ -80.0317194, 46.953571 ], [ -80.0312004, 46.9544103 ], [ -80.0309902, 46.9545133 ], [ -80.0305772, 46.9543538 ], [ -80.0304839, 46.9542376 ], [ -80.0306059, 46.9538894 ], [ -80.0307589, 46.9537966 ], [ -80.030848, 46.9536186 ], [ -80.0307395, 46.9535077 ], [ -80.0307816, 46.9533875 ], [ -80.03171, 46.953558 ] ] ] } },
{ "type": "Feature", "properties": { "element": "way", "id": 254744760, "natural": "wood", "source": "NRCan-CanVec-10.0", "type": null }, "geometry": { "type": "Polygon", "coordinates": [ [ [ -80.0160365, 46.9410308 ], [ -80.0160907, 46.9410672 ], [ -80.0160162, 46.9411651 ], [ -80.0152331, 46.9416417 ], [ -80.0148957, 46.9416872 ], [ -80.014763, 46.9421423 ], [ -80.0144286, 46.9421791 ], [ -80.0141596, 46.9430613 ], [ -80.012959, 46.9432767 ], [ -80.0127407, 46.94325 ], [ -80.0134333, 46.9414651 ], [ -80.0135423, 46.9413454 ], [ -80.01406, 46.9410911 ], [ -80.0145169, 46.940781 ], [ -80.0147185, 46.9407407 ], [ -80.0160365, 46.9410308 ] ] ] } },
{ "type": "Feature", "properties": { "element": "way", "id": 254744799, "natural": "wood", "source": "NRCan-CanVec-10.0", "type": null }, "geometry": { "type": "Polygon", "coordinates": [ [ [ -80.046579, 46.9397312 ], [ -80.0466233, 46.9397708 ], [ -80.0468699, 46.9397711 ], [ -80.047759, 46.9398929 ], [ -80.0478493, 46.9400178 ], [ -80.0480058, 46.9407153 ], [ -80.0480058, 46.9407956 ], [ -80.0480268, 46.9408093 ], [ -80.0481633, 46.9414176 ], [ -80.0489344, 46.9423145 ], [ -80.0491079, 46.9427373 ], [ -80.0495053, 46.9427476 ], [ -80.0498954, 46.9430169 ], [ -80.0498885, 46.9433315 ], [ -80.0496053, 46.9432683 ], [ -80.0494868, 46.9433773 ], [ -80.0498786, 46.9437784 ], [ -80.0498681, 46.9442576 ], [ -80.0495811, 46.9442182 ], [ -80.0495802, 46.944374 ], [ -80.0498596, 46.9446423 ], [ -80.0498478, 46.9451791 ], [ -80.0504559, 46.9453922 ], [ -80.0505532, 46.9454599 ], [ -80.0507209, 46.9454782 ], [ -80.0508779, 46.9454123 ], [ -80.0508864, 46.945388 ], [ -80.051359, 46.9452619 ], [ -80.0518913, 46.9445076 ], [ -80.0523454, 46.9446624 ], [ -80.0525108, 46.9449555 ], [ -80.0523791, 46.9450256 ], [ -80.0520013, 46.9451104 ], [ -80.0518186, 46.9453648 ], [ -80.0516768, 46.9460386 ], [ -80.0513494, 46.9465535 ], [ -80.0513642, 46.9467027 ], [ -80.0515016, 46.9468078 ], [ -80.0515903, 46.9467011 ], [ -80.0529684, 46.9470942 ], [ -80.053215, 46.9468869 ], [ -80.0538653, 46.9466359 ], [ -80.0545116, 46.945898 ], [ -80.0557638, 46.9457639 ], [ -80.0562273, 46.9454575 ], [ -80.0565104, 46.9456203 ], [ -80.0567616, 46.9456829 ], [ -80.0568185, 46.9457351 ], [ -80.0574643, 46.9466847 ], [ -80.0575322, 46.9467359 ], [ -80.0575399, 46.9468897 ], [ -80.057658, 46.9469733 ], [ -80.0578065, 46.9469701 ], [ -80.0578179, 46.9469511 ], [ -80.0581649, 46.9472124 ], [ -80.0574442, 46.9474702 ], [ -80.0573923, 46.9474628 ], [ -80.0568729, 46.9470739 ], [ -80.0568156, 46.9470461 ], [ -80.0567503, 46.947118 ], [ -80.0566383, 46.9476683 ], [ -80.0571812, 46.9488884 ], [ -80.0570901, 46.9491731 ], [ -80.0567968, 46.9494214 ], [ -80.0543709, 46.9496721 ], [ -80.0527658, 46.9496658 ], [ -80.0527518, 46.9496955 ], [ -80.0523082, 46.9494807 ], [ -80.0520275, 46.9495172 ], [ -80.0520043, 46.9496601 ], [ -80.0521802, 46.9498082 ], [ -80.0525173, 46.9499552 ], [ -80.0527179, 46.9501641 ], [ -80.0527269, 46.9509824 ], [ -80.05254, 46.9510779 ], [ -80.0523653, 46.9512327 ], [ -80.0523234, 46.9513909 ], [ -80.0526301, 46.9516246 ], [ -80.0526294, 46.9516549 ], [ -80.0525771, 46.951722 ], [ -80.0525683, 46.9517246 ], [ -80.0523542, 46.9519922 ], [ -80.0523491, 46.9520143 ], [ -80.051883, 46.952612 ], [ -80.0518108, 46.9527594 ], [ -80.0517306, 46.9527796 ], [ -80.0515691, 46.9529733 ], [ -80.0515872, 46.9532157 ], [ -80.0512996, 46.9538029 ], [ -80.0512562, 46.95383 ], [ -80.051148, 46.9541123 ], [ -80.0511343, 46.9541402 ], [ -80.0509621, 46.9542496 ], [ -80.0504803, 46.9543632 ], [ -80.0504644, 46.9554429 ], [ -80.0503839, 46.9562093 ], [ -80.0501823, 46.9562497 ], [ -80.0484726, 46.9562353 ], [ -80.0475146, 46.9566377 ], [ -80.0464957, 46.956755 ], [ -80.0462074, 46.9568188 ], [ -80.0461035, 46.9567273 ], [ -80.0459839, 46.9568682 ], [ -80.0459004, 46.9568867 ], [ -80.0450965, 46.9574611 ], [ -80.0442064, 46.9573832 ], [ -80.0442061, 46.9572875 ], [ -80.0443023, 46.9571657 ], [ -80.0442526, 46.9570016 ], [ -80.0441198, 46.9569982 ], [ -80.0439547, 46.9571637 ], [ -80.0437191, 46.9572627 ], [ -80.0432139, 46.9572899 ], [ -80.0432002, 46.9572952 ], [ -80.0429388, 46.9572723 ], [ -80.0423424, 46.9582109 ], [ -80.0419397, 46.9576771 ], [ -80.0413498, 46.9575253 ], [ -80.0411555, 46.9580804 ], [ -80.040546, 46.958329 ], [ -80.039588, 46.9587314 ], [ -80.0374334, 46.9589924 ], [ -80.0373114, 46.9591 ], [ -80.0372672, 46.9590844 ], [ -80.0370934, 46.9590834 ], [ -80.0368913, 46.9593162 ], [ -80.0368195, 46.959598 ], [ -80.0368986, 46.9596687 ], [ -80.0368996, 46.9596753 ], [ -80.0375375, 46.9607615 ], [ -80.0377344, 46.9612708 ], [ -80.0357118, 46.9610398 ], [ -80.0350252, 46.9600924 ], [ -80.0343898, 46.9603 ], [ -80.0338034, 46.9606963 ], [ -80.0338218, 46.9605829 ], [ -80.0335704, 46.960459 ], [ -80.0331577, 46.9604618 ], [ -80.0325352, 46.9592067 ], [ -80.0332897, 46.957817 ], [ -80.0334849, 46.9564039 ], [ -80.0336925, 46.9561311 ], [ -80.033777, 46.9558514 ], [ -80.0335833, 46.9556914 ], [ -80.0336825, 46.9549737 ], [ -80.0338917, 46.954797 ], [ -80.0342684, 46.954641 ], [ -80.0344302, 46.9546745 ], [ -80.0345716, 46.9546151 ], [ -80.0346379, 46.9544879 ], [ -80.0352079, 46.9542518 ], [ -80.0354522, 46.9539306 ], [ -80.0354874, 46.9539124 ], [ -80.0358596, 46.9534231 ], [ -80.0359105, 46.9533282 ], [ -80.0361756, 46.9529797 ], [ -80.0367189, 46.9520782 ], [ -80.0371165, 46.9518224 ], [ -80.0372677, 46.9511226 ], [ -80.037534, 46.9507444 ], [ -80.0373, 46.9507243 ], [ -80.0371565, 46.9506365 ], [ -80.0370934, 46.9499749 ], [ -80.0364287, 46.9498842 ], [ -80.0363773, 46.9493804 ], [ -80.0367534, 46.9487267 ], [ -80.0367224, 46.9485473 ], [ -80.0344916, 46.9480711 ], [ -80.0343132, 46.9479684 ], [ -80.0351558, 46.9470152 ], [ -80.0372509, 46.9463868 ], [ -80.037376, 46.9462973 ], [ -80.0374482, 46.945823 ], [ -80.0372596, 46.9443337 ], [ -80.0373021, 46.9442122 ], [ -80.0376592, 46.9439957 ], [ -80.0379758, 46.9429378 ], [ -80.0392512, 46.942661 ], [ -80.039487, 46.9416702 ], [ -80.0396914, 46.9416326 ], [ -80.0400072, 46.9414863 ], [ -80.0408588, 46.9413197 ], [ -80.0408922, 46.9403438 ], [ -80.04103, 46.9402564 ], [ -80.0412731, 46.9402504 ], [ -80.0416351, 46.9399429 ], [ -80.0423249, 46.9398085 ], [ -80.0426441, 46.939815 ], [ -80.0436385, 46.9399965 ], [ -80.0444146, 46.9400014 ], [ -80.0445275, 46.9400965 ], [ -80.0449565, 46.9400569 ], [ -80.0449726, 46.940005 ], [ -80.045616, 46.9400091 ], [ -80.0460595, 46.93966 ], [ -80.046579, 46.9397312 ] ] ] } },
{ "type": "Feature", "properties": { "element": "way", "id": 254744825, "natural": "wood", "source": "NRCan-CanVec-10.0", "type": null }, "geometry": { "type": "Polygon", "coordinates": [ [ [ -80.0325426, 46.9616858 ], [ -80.0330037, 46.9615035 ], [ -80.0331337, 46.9622036 ], [ -80.0333761, 46.9625828 ], [ -80.0331355, 46.963002 ], [ -80.0327506, 46.9652871 ], [ -80.0327272, 46.9653179 ], [ -80.032624, 46.9653926 ], [ -80.0310802, 46.9656184 ], [ -80.0309124, 46.9656 ], [ -80.0301322, 46.9647289 ], [ -80.0304171, 46.9642239 ], [ -80.0304914, 46.9642008 ], [ -80.0305344, 46.9641161 ], [ -80.0305678, 46.9640207 ], [ -80.0305408, 46.9640046 ], [ -80.0305916, 46.9639145 ], [ -80.032001, 46.963678 ], [ -80.0322771, 46.9635399 ], [ -80.0327005, 46.962637 ], [ -80.0326199, 46.9625229 ], [ -80.0321997, 46.9623072 ], [ -80.032348, 46.9618838 ], [ -80.0324367, 46.9618599 ], [ -80.0325426, 46.9616858 ] ] ] } },
{ "type": "Feature", "properties": { "element": "way", "id": 254744841, "natural": "wood", "source": "NRCan-CanVec-10.0", "type": null }, "geometry": { "type": "Polygon", "coordinates": [ [ [ -80.0183478, 46.9665802 ], [ -80.0183623, 46.9665388 ], [ -80.0184186, 46.9665638 ], [ -80.0183478, 46.9665802 ] ] ] } },
{ "type": "Feature", "properties": { "element": "way", "id": 254744872, "natural": "wood", "source": "NRCan-CanVec-10.0", "type": null }, "geometry": { "type": "Polygon", "coordinates": [ [ [ -80.0120474, 46.9375163 ], [ -80.0124328, 46.9378238 ], [ -80.0123011, 46.9381234 ], [ -80.0121603, 46.9382195 ], [ -80.0118893, 46.9382667 ], [ -80.0113762, 46.9381639 ], [ -80.0111209, 46.9382045 ], [ -80.0112149, 46.9384327 ], [ -80.010193, 46.938635 ], [ -80.0101727, 46.9386173 ], [ -80.0098946, 46.9386082 ], [ -80.0096736, 46.9387378 ], [ -80.0095745, 46.9387574 ], [ -80.0093386, 46.9389343 ], [ -80.0090517, 46.9391025 ], [ -80.0088596, 46.9392755 ], [ -80.0082523, 46.9394759 ], [ -80.0080523, 46.9392408 ], [ -80.0076415, 46.9392283 ], [ -80.0074221, 46.9395867 ], [ -80.0074797, 46.9398805 ], [ -80.0077142, 46.9401161 ], [ -80.0074121, 46.9407165 ], [ -80.0071756, 46.9407478 ], [ -80.0070851, 46.9408386 ], [ -80.0055924, 46.9410897 ], [ -80.0053166, 46.9408548 ], [ -80.0051459, 46.940845 ], [ -80.005163, 46.9411781 ], [ -80.0051587, 46.9412074 ], [ -80.0045736, 46.9419801 ], [ -80.0018188, 46.9424258 ], [ -80.0004726, 46.9419107 ], [ -80.0000006, 46.9418047 ], [ -80.0, 46.941803 ], [ -80.0, 46.9375 ], [ -80.0, 46.934489 ], [ -80.0003414, 46.9344588 ], [ -80.000662, 46.9343464 ], [ -80.0007947, 46.9341875 ], [ -80.0033708, 46.9335722 ], [ -80.0049946, 46.9333716 ], [ -80.0055237, 46.9337338 ], [ -80.0065056, 46.9341797 ], [ -80.0077282, 46.9344235 ], [ -80.0077829, 46.9345091 ], [ -80.0080133, 46.9347305 ], [ -80.0082442, 46.9348291 ], [ -80.0084083, 46.9349789 ], [ -80.0090423, 46.9353859 ], [ -80.010113, 46.9351584 ], [ -80.0115814, 46.934446 ], [ -80.0131014, 46.9338154 ], [ -80.0134332, 46.9324482 ], [ -80.0134242, 46.932449 ], [ -80.0135072, 46.9323136 ], [ -80.0133988, 46.9322407 ], [ -80.0128979, 46.9323326 ], [ -80.0122163, 46.9323673 ], [ -80.0112773, 46.9325247 ], [ -80.0109393, 46.9323804 ], [ -80.0104995, 46.9317639 ], [ -80.0100686, 46.931427 ], [ -80.0096135, 46.9304715 ], [ -80.0092555, 46.9307252 ], [ -80.0092033, 46.9307251 ], [ -80.0085687, 46.9309693 ], [ -80.0083642, 46.931011 ], [ -80.0081154, 46.9308488 ], [ -80.0079525, 46.9302441 ], [ -80.0068064, 46.9302307 ], [ -80.006806, 46.9302298 ], [ -80.0064201, 46.9299352 ], [ -80.006394, 46.929419 ], [ -80.0060077, 46.9288785 ], [ -80.0056215, 46.9283379 ], [ -80.0049714, 46.9279007 ], [ -80.0023859, 46.9274844 ], [ -80.0026681, 46.9270997 ], [ -80.0033296, 46.9267408 ], [ -80.0038477, 46.926294 ], [ -80.0046773, 46.925761 ], [ -80.0055261, 46.9254787 ], [ -80.0063632, 46.9247909 ], [ -80.0065719, 46.9248252 ], [ -80.0066518, 46.9253612 ], [ -80.0063124, 46.9257182 ], [ -80.0063058, 46.925928 ], [ -80.0063427, 46.92609 ], [ -80.0063163, 46.9264709 ], [ -80.0065001, 46.9265195 ], [ -80.0067163, 46.9263992 ], [ -80.0067493, 46.9263401 ], [ -80.0076328, 46.9264583 ], [ -80.0078998, 46.9261169 ], [ -80.0080628, 46.9260337 ], [ -80.0099972, 46.9259392 ], [ -80.0102402, 46.9259333 ], [ -80.010381, 46.9258372 ], [ -80.0104293, 46.9249738 ], [ -80.0104789, 46.9249086 ], [ -80.0106805, 46.9248683 ], [ -80.0107685, 46.9248774 ], [ -80.0107341, 46.9253266 ], [ -80.0107568, 46.9253762 ], [ -80.0111548, 46.9253866 ], [ -80.0112086, 46.9253736 ], [ -80.011253, 46.9256413 ], [ -80.0123716, 46.9256969 ], [ -80.0125722, 46.9251245 ], [ -80.0133981, 46.9247925 ], [ -80.0137095, 46.9244769 ], [ -80.0139668, 46.9243541 ], [ -80.0142372, 46.9233529 ], [ -80.01434, 46.9232506 ], [ -80.0163786, 46.9227053 ], [ -80.0165963, 46.9226952 ], [ -80.0167461, 46.9228024 ], [ -80.0168757, 46.9230319 ], [ -80.0169145, 46.9234672 ], [ -80.0165162, 46.9237644 ], [ -80.0163263, 46.9246504 ], [ -80.0163805, 46.9251454 ], [ -80.0166352, 46.9251709 ], [ -80.0166099, 46.9252932 ], [ -80.017092, 46.9255193 ], [ -80.0170965, 46.9260061 ], [ -80.0178535, 46.9257178 ], [ -80.0184819, 46.9250323 ], [ -80.0202648, 46.9249494 ], [ -80.0206064, 46.9250255 ], [ -80.0206704, 46.9250528 ], [ -80.0207362, 46.925247 ], [ -80.0209468, 46.9254109 ], [ -80.0210411, 46.9257615 ], [ -80.0208745, 46.9263429 ], [ -80.0209596, 46.9265587 ], [ -80.0211368, 46.9268171 ], [ -80.0216781, 46.9265355 ], [ -80.0224934, 46.9267283 ], [ -80.0225998, 46.9268833 ], [ -80.0224016, 46.92777 ], [ -80.022293, 46.9279886 ], [ -80.0221945, 46.9286964 ], [ -80.0221643, 46.9288316 ], [ -80.0217376, 46.9293832 ], [ -80.0216698, 46.9297298 ], [ -80.0215625, 46.9299598 ], [ -80.0215731, 46.9302734 ], [ -80.0216446, 46.9304135 ], [ -80.0216147, 46.9307664 ], [ -80.0210815, 46.9314859 ], [ -80.0209093, 46.9318245 ], [ -80.0208102, 46.9326722 ], [ -80.0205177, 46.9335394 ], [ -80.0197049, 46.9342182 ], [ -80.018361, 46.9345884 ], [ -80.015231, 46.934349 ], [ -80.0151535, 46.9344555 ], [ -80.0150846, 46.934779 ], [ -80.0147491, 46.9348803 ], [ -80.014589, 46.9350412 ], [ -80.0145688, 46.9351503 ], [ -80.0144801, 46.9355283 ], [ -80.0149432, 46.9357051 ], [ -80.0147386, 46.936442 ], [ -80.0146413, 46.9365522 ], [ -80.0146297, 46.9365617 ], [ -80.0146235, 46.9365725 ], [ -80.0145831, 46.9366182 ], [ -80.0138061, 46.9367203 ], [ -80.0138036, 46.9366643 ], [ -80.0136298, 46.9366633 ], [ -80.0133847, 46.9367514 ], [ -80.0130687, 46.9365068 ], [ -80.0128382, 46.9365147 ], [ -80.0125398, 46.9368693 ], [ -80.0122719, 46.9366785 ], [ -80.0120577, 46.9367166 ], [ -80.0119113, 46.9368668 ], [ -80.0119416, 46.9370094 ], [ -80.0116202, 46.9371367 ], [ -80.0116043, 46.9373273 ], [ -80.0120474, 46.9375163 ] ] ] } },
{ "type": "Feature", "properties": { "element": "way", "id": 254744874, "natural": "wood", "source": "NRCan-CanVec-10.0", "type": null }, "geometry": { "type": "Polygon", "coordinates": [ [ [ -80.033361, 46.9608716 ], [ -80.0335726, 46.9608355 ], [ -80.0336605, 46.9607928 ], [ -80.0334069, 46.9609642 ], [ -80.033361, 46.9608716 ] ] ] } },
{ "type": "Feature", "properties": { "element": "way", "id": 254744901, "natural": "wood", "source": "NRCan-CanVec-10.0", "type": null }, "geometry": { "type": "Polygon", "coordinates": [ [ [ -80.0208526, 46.9629296 ], [ -80.0209814, 46.9628134 ], [ -80.0209828, 46.9628127 ], [ -80.0211269, 46.9628189 ], [ -80.0214005, 46.9629556 ], [ -80.0222866, 46.9641745 ], [ -80.0210448, 46.9637412 ], [ -80.0208526, 46.9629296 ] ] ] } },
{ "type": "Feature", "properties": { "element": "way", "id": 254744904, "natural": "wood", "source": "NRCan-CanVec-10.0", "type": null }, "geometry": { "type": "Polygon", "coordinates": [ [ [ -80.0327217, 46.9518256 ], [ -80.032771, 46.9524116 ], [ -80.0327098, 46.9525483 ], [ -80.031854, 46.9525821 ], [ -80.0316544, 46.9525402 ], [ -80.031605, 46.9519542 ], [ -80.0316663, 46.9518175 ], [ -80.032522, 46.9517837 ], [ -80.0327217, 46.9518256 ] ] ] } },
{ "type": "Feature", "properties": { "element": "way", "id": 254744905, "natural": "wood", "source": "NRCan-CanVec-10.0", "type": null }, "geometry": { "type": "Polygon", "coordinates": [ [ [ -80.0254791, 46.9597522 ], [ -80.0256049, 46.9598667 ], [ -80.0256059, 46.959878 ], [ -80.0248394, 46.9609427 ], [ -80.0246807, 46.9608983 ], [ -80.0245104, 46.9606961 ], [ -80.024416, 46.9595889 ], [ -80.0254483, 46.9597401 ], [ -80.0254791, 46.9597522 ] ] ] } },
{ "type": "Feature", "properties": { "element": "way", "id": 254745689, "natural": "wood", "source": "NRCan-CanVec-10.0", "type": null }, "geometry": { "type": "Polygon", "coordinates": [ [ [ -80.074335, 46.8965917 ], [ -80.074347, 46.8966024 ], [ -80.0743641, 46.8966047 ], [ -80.0756907, 46.8971986 ], [ -80.0760784, 46.8980048 ], [ -80.0768491, 46.8990938 ], [ -80.0779163, 46.9001764 ], [ -80.0779205, 46.9002413 ], [ -80.0764886, 46.9000892 ], [ -80.0728544, 46.8982508 ], [ -80.0729379, 46.8979578 ], [ -80.0728071, 46.8977192 ], [ -80.0728772, 46.8974448 ], [ -80.0730712, 46.8973837 ], [ -80.0732841, 46.8972718 ], [ -80.0733044, 46.8965233 ], [ -80.0734338, 46.8962969 ], [ -80.0739784, 46.896432 ], [ -80.074335, 46.8965917 ] ] ] } },
{ "type": "Feature", "properties": { "element": "way", "id": 254745693, "natural": "wood", "source": "NRCan-CanVec-10.0", "type": null }, "geometry": { "type": "Polygon", "coordinates": [ [ [ -80.0732933, 46.9029761 ], [ -80.0732667, 46.9030365 ], [ -80.0733454, 46.9032328 ], [ -80.0735569, 46.9032399 ], [ -80.0739176, 46.9030881 ], [ -80.0743767, 46.9031909 ], [ -80.0746219, 46.9031931 ], [ -80.0745991, 46.9037041 ], [ -80.0744615, 46.9037916 ], [ -80.0742186, 46.9037977 ], [ -80.0723863, 46.9036808 ], [ -80.0721008, 46.903579 ], [ -80.0714116, 46.9024416 ], [ -80.0714207, 46.9024222 ], [ -80.0716541, 46.9022737 ], [ -80.0722872, 46.9021241 ], [ -80.0726707, 46.9024437 ], [ -80.0730028, 46.9024889 ], [ -80.0730812, 46.9028777 ], [ -80.0732089, 46.902972 ], [ -80.0732933, 46.9029761 ] ] ] } },
{ "type": "Feature", "properties": { "element": "way", "id": 254745710, "natural": "wood", "source": "NRCan-CanVec-10.0", "type": null }, "geometry": { "type": "Polygon", "coordinates": [ [ [ -80.0676016, 46.895803 ], [ -80.0676012, 46.8958085 ], [ -80.0678221, 46.8959434 ], [ -80.0687996, 46.8980864 ], [ -80.0691718, 46.898285 ], [ -80.0696358, 46.8991404 ], [ -80.0687935, 46.8989473 ], [ -80.0679952, 46.8991649 ], [ -80.0681201, 46.8994972 ], [ -80.068232, 46.899598 ], [ -80.0696367, 46.8999016 ], [ -80.0696378, 46.8999083 ], [ -80.0696394, 46.9000121 ], [ -80.0690262, 46.9010028 ], [ -80.0688289, 46.901108 ], [ -80.0677748, 46.9006784 ], [ -80.0674293, 46.900365 ], [ -80.0673229, 46.9003046 ], [ -80.0666411, 46.8996758 ], [ -80.0664234, 46.8991456 ], [ -80.0659945, 46.898315 ], [ -80.0659938, 46.8982683 ], [ -80.0661366, 46.8978974 ], [ -80.0660596, 46.8973896 ], [ -80.0660614, 46.8967584 ], [ -80.0661542, 46.8963886 ], [ -80.0662016, 46.8963309 ], [ -80.0661775, 46.8962958 ], [ -80.0663108, 46.8957639 ], [ -80.0663224, 46.8957547 ], [ -80.0664506, 46.8955743 ], [ -80.0665469, 46.8955715 ], [ -80.067544, 46.8957808 ], [ -80.0676016, 46.895803 ] ] ] } },
{ "type": "Feature", "properties": { "element": "way", "id": 254745740, "natural": "wood", "source": "NRCan-CanVec-10.0", "type": null }, "geometry": { "type": "Polygon", "coordinates": [ [ [ -80.0780162, 46.9017895 ], [ -80.0781349, 46.902312 ], [ -80.0767539, 46.9023975 ], [ -80.0767299, 46.9022744 ], [ -80.0767915, 46.9020336 ], [ -80.0770137, 46.9018441 ], [ -80.0774164, 46.9013415 ], [ -80.0776924, 46.9014326 ], [ -80.0780102, 46.9017872 ], [ -80.0780162, 46.9017895 ] ] ] } },
{ "type": "Feature", "properties": { "element": "way", "id": 254746167, "natural": "wood", "source": "NRCan-CanVec-10.0", "type": null }, "geometry": { "type": "Polygon", "coordinates": [ [ [ -80.0853244, 46.9340886 ], [ -80.0844345, 46.934328 ], [ -80.0840696, 46.9345798 ], [ -80.0837513, 46.9346747 ], [ -80.0836706, 46.9345606 ], [ -80.0835836, 46.9336202 ], [ -80.0837157, 46.9335868 ], [ -80.0853973, 46.9336785 ], [ -80.0855686, 46.9337249 ], [ -80.0855788, 46.9337724 ], [ -80.0853244, 46.9340886 ] ] ] } },
{ "type": "Feature", "properties": { "element": "way", "id": 254746185, "natural": "wood", "source": "NRCan-CanVec-10.0", "type": null }, "geometry": { "type": "Polygon", "coordinates": [ [ [ -80.067345, 46.936487 ], [ -80.0671109, 46.9366271 ], [ -80.0670159, 46.9368224 ], [ -80.0668552, 46.9369284 ], [ -80.0665188, 46.9369418 ], [ -80.0663854, 46.9369026 ], [ -80.0661658, 46.9367405 ], [ -80.0661768, 46.936043 ], [ -80.0662379, 46.9359063 ], [ -80.0670933, 46.9358722 ], [ -80.0672929, 46.9359141 ], [ -80.0673518, 46.9360521 ], [ -80.067345, 46.936487 ] ] ] } },
{ "type": "Feature", "properties": { "element": "way", "id": 254746188, "natural": "wood", "source": "NRCan-CanVec-10.0", "type": null }, "geometry": { "type": "Polygon", "coordinates": [ [ [ -80.1079284, 46.9180445 ], [ -80.1082601, 46.918152 ], [ -80.1084387, 46.9178694 ], [ -80.108465, 46.917851 ], [ -80.108844, 46.9177431 ], [ -80.1088966, 46.9176314 ], [ -80.1089996, 46.9176035 ], [ -80.1090111, 46.9173884 ], [ -80.1090486, 46.9173089 ], [ -80.1099855, 46.917462 ], [ -80.1094478, 46.9183919 ], [ -80.1080825, 46.9187006 ], [ -80.1080018, 46.9185865 ], [ -80.1079284, 46.9180445 ] ] ] } },
{ "type": "Feature", "properties": { "element": "way", "id": 254746200, "natural": "wood", "source": "NRCan-CanVec-10.0", "type": null }, "geometry": { "type": "Polygon", "coordinates": [ [ [ -80.1091293, 46.9147901 ], [ -80.1091805, 46.9149125 ], [ -80.1091849, 46.9149565 ], [ -80.1089054, 46.9155816 ], [ -80.108876, 46.9156351 ], [ -80.1086354, 46.915757 ], [ -80.1086172, 46.915764 ], [ -80.1074166, 46.9159236 ], [ -80.1075735, 46.9155195 ], [ -80.1078752, 46.9151826 ], [ -80.1082877, 46.9151125 ], [ -80.1084976, 46.9150092 ], [ -80.1085232, 46.9146686 ], [ -80.1089951, 46.914733 ], [ -80.1091293, 46.9147901 ] ] ] } },
{ "type": "Feature", "properties": { "element": "way", "id": 254746208, "natural": "wood", "source": "NRCan-CanVec-10.0", "type": null }, "geometry": { "type": "Polygon", "coordinates": [ [ [ -80.1025663, 46.9215898 ], [ -80.1027626, 46.9219113 ], [ -80.1030668, 46.9219546 ], [ -80.103061, 46.9223435 ], [ -80.1029342, 46.9223795 ], [ -80.102802, 46.9226054 ], [ -80.1026126, 46.9226111 ], [ -80.1024391, 46.9224177 ], [ -80.1022552, 46.9223693 ], [ -80.1020278, 46.9223688 ], [ -80.1018748, 46.9222585 ], [ -80.1018775, 46.9220728 ], [ -80.1019841, 46.9219949 ], [ -80.102032, 46.9216268 ], [ -80.1020626, 46.9216101 ], [ -80.1025663, 46.9215898 ] ] ] } },
{ "type": "Feature", "properties": { "element": "way", "id": 254746210, "natural": "wood", "source": "NRCan-CanVec-10.0", "type": null }, "geometry": { "type": "Polygon", "coordinates": [ [ [ -80.0833001, 46.928373 ], [ -80.0833078, 46.9283847 ], [ -80.0833188, 46.9283945 ], [ -80.0833946, 46.9284815 ], [ -80.0836328, 46.9289881 ], [ -80.084505, 46.9294427 ], [ -80.0845007, 46.9295703 ], [ -80.0841328, 46.9300878 ], [ -80.0839905, 46.9300737 ], [ -80.0827306, 46.929464 ], [ -80.0824462, 46.9292432 ], [ -80.0812004, 46.9285166 ], [ -80.081265, 46.928408 ], [ -80.0825217, 46.9275683 ], [ -80.0826585, 46.9276365 ], [ -80.0833001, 46.928373 ] ] ] } },
{ "type": "Feature", "properties": { "element": "way", "id": 254746213, "natural": "wood", "source": "NRCan-CanVec-10.0", "type": null }, "geometry": { "type": "Polygon", "coordinates": [ [ [ -80.0741477, 46.9364818 ], [ -80.0741404, 46.936511 ], [ -80.0738855, 46.9372415 ], [ -80.0738641, 46.9372675 ], [ -80.0738227, 46.9372974 ], [ -80.0736936, 46.9372926 ], [ -80.0722074, 46.9367557 ], [ -80.0719742, 46.93658 ], [ -80.071687, 46.9361753 ], [ -80.0712289, 46.9359535 ], [ -80.071529, 46.935324 ], [ -80.071742, 46.9352122 ], [ -80.0725016, 46.9351073 ], [ -80.072753, 46.935231 ], [ -80.0730892, 46.9359555 ], [ -80.074122, 46.9363723 ], [ -80.0741477, 46.9364818 ] ] ] } },
{ "type": "Feature", "properties": { "element": "way", "id": 254746259, "natural": "wood", "source": "NRCan-CanVec-10.0", "type": null }, "geometry": { "type": "Polygon", "coordinates": [ [ [ -80.0936022, 46.9085384 ], [ -80.0935698, 46.9087724 ], [ -80.0936076, 46.9088406 ], [ -80.0936399, 46.9106451 ], [ -80.0935512, 46.9108337 ], [ -80.0934364, 46.9109603 ], [ -80.0934328, 46.9110857 ], [ -80.0931605, 46.911665 ], [ -80.093141, 46.9116546 ], [ -80.092933, 46.9116756 ], [ -80.0928881, 46.9117611 ], [ -80.0921738, 46.9111364 ], [ -80.0922573, 46.910911 ], [ -80.0927591, 46.9105728 ], [ -80.0928851, 46.9106225 ], [ -80.0930064, 46.9105048 ], [ -80.0929974, 46.9104122 ], [ -80.0935235, 46.9100576 ], [ -80.0934054, 46.9099741 ], [ -80.0918363, 46.9093744 ], [ -80.0918518, 46.9093256 ], [ -80.0919119, 46.9089229 ], [ -80.0921437, 46.9086032 ], [ -80.092232, 46.9081959 ], [ -80.0924771, 46.9077589 ], [ -80.0934585, 46.9079014 ], [ -80.0935922, 46.9079783 ], [ -80.0936022, 46.9085384 ] ] ] } },
{ "type": "Feature", "properties": { "element": "way", "id": 254746265, "natural": "wood", "source": "NRCan-CanVec-10.0", "type": null }, "geometry": { "type": "Polygon", "coordinates": [ [ [ -80.1089371, 46.9241423 ], [ -80.1085788, 46.924306 ], [ -80.108197, 46.9243043 ], [ -80.1074993, 46.9241433 ], [ -80.107371, 46.9240003 ], [ -80.1073793, 46.9231426 ], [ -80.1074403, 46.9230059 ], [ -80.1077744, 46.9229688 ], [ -80.1081249, 46.9225768 ], [ -80.1089626, 46.9224386 ], [ -80.1091345, 46.9223263 ], [ -80.1092693, 46.922305 ], [ -80.1096549, 46.9222123 ], [ -80.1100105, 46.9222581 ], [ -80.1104492, 46.9222882 ], [ -80.1108082, 46.9221671 ], [ -80.1113695, 46.9219366 ], [ -80.1116751, 46.9217912 ], [ -80.1121742, 46.9216334 ], [ -80.1121211, 46.9220099 ], [ -80.1119828, 46.9222796 ], [ -80.1117268, 46.9227252 ], [ -80.1121561, 46.9229145 ], [ -80.1118966, 46.9232756 ], [ -80.1116686, 46.9234308 ], [ -80.110925, 46.9235294 ], [ -80.1108929, 46.9236984 ], [ -80.110768, 46.923788 ], [ -80.1095238, 46.9239538 ], [ -80.109233, 46.9240329 ], [ -80.1089371, 46.9241423 ] ] ] } },
{ "type": "Feature", "properties": { "element": "way", "id": 254746267, "natural": "wood", "source": "NRCan-CanVec-10.0", "type": null }, "geometry": { "type": "Polygon", "coordinates": [ [ [ -80.1249776, 46.9114248 ], [ -80.125, 46.9114088 ], [ -80.125, 46.9114537 ], [ -80.1249776, 46.9114248 ] ] ] } },
{ "type": "Feature", "properties": { "element": "way", "id": 254746299, "natural": "wood", "source": "NRCan-CanVec-10.0", "type": null }, "geometry": { "type": "Polygon", "coordinates": [ [ [ -80.0856036, 46.9228176 ], [ -80.08564, 46.9229205 ], [ -80.0847152, 46.9231589 ], [ -80.0844659, 46.9233749 ], [ -80.0844893, 46.9234613 ], [ -80.0871551, 46.9237233 ], [ -80.0873329, 46.9237891 ], [ -80.0876606, 46.9241545 ], [ -80.0876585, 46.9244292 ], [ -80.0879291, 46.9245744 ], [ -80.088162, 46.9251351 ], [ -80.0886615, 46.9255837 ], [ -80.0889572, 46.9265399 ], [ -80.0895586, 46.9270417 ], [ -80.0894904, 46.9271223 ], [ -80.0887688, 46.927426 ], [ -80.0879122, 46.9269649 ], [ -80.0872158, 46.926851 ], [ -80.086958, 46.927185 ], [ -80.0867397, 46.9271032 ], [ -80.0866754, 46.9274411 ], [ -80.0863102, 46.9277207 ], [ -80.0862521, 46.9280998 ], [ -80.0861881, 46.9281826 ], [ -80.0861206, 46.9282405 ], [ -80.0855732, 46.9281705 ], [ -80.085457, 46.9280946 ], [ -80.0851165, 46.9281121 ], [ -80.0851162, 46.9281121 ], [ -80.0848384, 46.9279108 ], [ -80.0843998, 46.9275181 ], [ -80.0833025, 46.9272101 ], [ -80.0820042, 46.9265574 ], [ -80.0820121, 46.9264579 ], [ -80.0823842, 46.9260052 ], [ -80.0829043, 46.9257419 ], [ -80.0825332, 46.9243882 ], [ -80.0834028, 46.923852 ], [ -80.0834663, 46.9236698 ], [ -80.0831361, 46.922928 ], [ -80.0817031, 46.9225467 ], [ -80.0821781, 46.922221 ], [ -80.081767, 46.9215576 ], [ -80.0833657, 46.921425 ], [ -80.0840247, 46.9215696 ], [ -80.0846877, 46.9223933 ], [ -80.0856036, 46.9228176 ] ] ] } },
{ "type": "Feature", "properties": { "element": "way", "id": 254746300, "natural": "wood", "source": "NRCan-CanVec-10.0", "type": null }, "geometry": { "type": "Polygon", "coordinates": [ [ [ -80.1066385, 46.9337159 ], [ -80.1068965, 46.9339477 ], [ -80.1069211, 46.9339605 ], [ -80.1071895, 46.9342981 ], [ -80.1075302, 46.934473 ], [ -80.1076109, 46.9345871 ], [ -80.1079125, 46.9356817 ], [ -80.107781, 46.9357519 ], [ -80.1067729, 46.9359173 ], [ -80.1065025, 46.936194 ], [ -80.1063643, 46.9362448 ], [ -80.1051967, 46.9359073 ], [ -80.1051978, 46.9361734 ], [ -80.1049129, 46.9363378 ], [ -80.1041274, 46.9365945 ], [ -80.1031026, 46.9373074 ], [ -80.1029156, 46.9372676 ], [ -80.1012441, 46.9364168 ], [ -80.1008576, 46.9361427 ], [ -80.1001044, 46.9358454 ], [ -80.0995632, 46.93517 ], [ -80.0992991, 46.9350443 ], [ -80.0989668, 46.9349992 ], [ -80.0988555, 46.93455 ], [ -80.0981909, 46.9344597 ], [ -80.0981388, 46.933956 ], [ -80.0977514, 46.9334158 ], [ -80.0973777, 46.9323369 ], [ -80.0969494, 46.9320807 ], [ -80.0968452, 46.9319372 ], [ -80.0972595, 46.9300252 ], [ -80.0974647, 46.9298203 ], [ -80.0983976, 46.9292943 ], [ -80.099286, 46.9277431 ], [ -80.0993548, 46.9276994 ], [ -80.0995254, 46.9277089 ], [ -80.1006403, 46.9281204 ], [ -80.1009739, 46.9288535 ], [ -80.1014695, 46.9290446 ], [ -80.1017624, 46.929395 ], [ -80.1019577, 46.9295645 ], [ -80.1027796, 46.929818 ], [ -80.103085, 46.9303631 ], [ -80.1035514, 46.930907 ], [ -80.1039495, 46.9319165 ], [ -80.1048666, 46.9323964 ], [ -80.1053972, 46.9326024 ], [ -80.1058009, 46.9333652 ], [ -80.1066385, 46.9337159 ] ] ] } },
{ "type": "Feature", "properties": { "element": "way", "id": 254746301, "natural": "wood", "source": "NRCan-CanVec-10.0", "type": null }, "geometry": { "type": "Polygon", "coordinates": [ [ [ -80.0895542, 46.9283982 ], [ -80.0900111, 46.9293532 ], [ -80.0889963, 46.9290771 ], [ -80.0887975, 46.9282652 ], [ -80.0892938, 46.9283005 ], [ -80.0895542, 46.9283982 ] ] ] } },
{ "type": "Feature", "properties": { "element": "way", "id": 254746305, "natural": "wood", "source": "NRCan-CanVec-10.0", "type": null }, "geometry": { "type": "Polygon", "coordinates": [ [ [ -80.0553177, 46.9062576 ], [ -80.0552766, 46.9061209 ], [ -80.0552522, 46.9059201 ], [ -80.0552801, 46.9058094 ], [ -80.0554309, 46.9051097 ], [ -80.0555013, 46.9050039 ], [ -80.0556772, 46.9049025 ], [ -80.0556695, 46.9048095 ], [ -80.0556468, 46.9047855 ], [ -80.0556841, 46.9047294 ], [ -80.055527, 46.9046588 ], [ -80.0554476, 46.9045747 ], [ -80.0559874, 46.9043207 ], [ -80.0563554, 46.9038033 ], [ -80.0557059, 46.9032096 ], [ -80.0556918, 46.9030984 ], [ -80.0554558, 46.9027592 ], [ -80.055374, 46.9001393 ], [ -80.0552132, 46.8997186 ], [ -80.0546063, 46.8990047 ], [ -80.0540707, 46.8975505 ], [ -80.053473, 46.8968105 ], [ -80.0538757, 46.8960788 ], [ -80.0533933, 46.8958896 ], [ -80.0530914, 46.8955283 ], [ -80.0518045, 46.8953446 ], [ -80.0515325, 46.894438 ], [ -80.0507752, 46.8940019 ], [ -80.0505611, 46.8938109 ], [ -80.0494755, 46.8925152 ], [ -80.0493805, 46.8922507 ], [ -80.0493112, 46.8921826 ], [ -80.0492189, 46.8919858 ], [ -80.0490888, 46.8912859 ], [ -80.0488467, 46.8909068 ], [ -80.0482703, 46.8907572 ], [ -80.0479356, 46.8902988 ], [ -80.0477731, 46.8901895 ], [ -80.0464022, 46.8898636 ], [ -80.0457326, 46.8887174 ], [ -80.0454877, 46.8885763 ], [ -80.0451863, 46.8880225 ], [ -80.0445742, 46.8873626 ], [ -80.0440944, 46.8862476 ], [ -80.0449933, 46.8860101 ], [ -80.0449926, 46.8857441 ], [ -80.0450213, 46.8846668 ], [ -80.0448132, 46.8844584 ], [ -80.0451289, 46.8835932 ], [ -80.0453377, 46.8834166 ], [ -80.0458253, 46.8833225 ], [ -80.0462121, 46.8830192 ], [ -80.0464134, 46.8829789 ], [ -80.0479083, 46.8833941 ], [ -80.0479116, 46.8833992 ], [ -80.048029, 46.883446 ], [ -80.048075, 46.8834404 ], [ -80.0483518, 46.8835173 ], [ -80.0491074, 46.8853744 ], [ -80.0497111, 46.8863263 ], [ -80.0503446, 46.8865037 ], [ -80.0510579, 46.8878312 ], [ -80.052228, 46.8888852 ], [ -80.0527974, 46.889859 ], [ -80.0531341, 46.8899771 ], [ -80.0531826, 46.8900964 ], [ -80.0533163, 46.8901734 ], [ -80.053671, 46.8901984 ], [ -80.0539889, 46.8904305 ], [ -80.0545095, 46.8921573 ], [ -80.0550626, 46.8928716 ], [ -80.055761, 46.8953153 ], [ -80.0559994, 46.895437 ], [ -80.0561936, 46.8954539 ], [ -80.056153, 46.8958014 ], [ -80.0565601, 46.8960149 ], [ -80.0577761, 46.8960952 ], [ -80.0581909, 46.8959799 ], [ -80.0582996, 46.8958602 ], [ -80.0583038, 46.8955033 ], [ -80.0580797, 46.895274 ], [ -80.0577357, 46.8939888 ], [ -80.0587347, 46.894116 ], [ -80.0589357, 46.8942682 ], [ -80.0595091, 46.8959211 ], [ -80.0597716, 46.8963951 ], [ -80.0603044, 46.8967851 ], [ -80.0597272, 46.8980934 ], [ -80.0595977, 46.8980813 ], [ -80.0581812, 46.8974638 ], [ -80.0578472, 46.8975007 ], [ -80.0577819, 46.8979943 ], [ -80.0578911, 46.8989843 ], [ -80.0584298, 46.899442 ], [ -80.05855, 46.8995875 ], [ -80.0585908, 46.8997151 ], [ -80.0584345, 46.9005314 ], [ -80.0583289, 46.9006424 ], [ -80.0581214, 46.9007001 ], [ -80.0578979, 46.9058995 ], [ -80.0577326, 46.9060283 ], [ -80.05664, 46.9062067 ], [ -80.0563803, 46.9065579 ], [ -80.0563572, 46.9069398 ], [ -80.0564328, 46.9071448 ], [ -80.0572135, 46.9074379 ], [ -80.0582049, 46.9072429 ], [ -80.0593615, 46.9073409 ], [ -80.0596689, 46.9074188 ], [ -80.060874, 46.9084509 ], [ -80.0620267, 46.9091351 ], [ -80.0622893, 46.9104528 ], [ -80.0625, 46.9104544 ], [ -80.0634636, 46.9104619 ], [ -80.0653624, 46.9110025 ], [ -80.0655473, 46.9111245 ], [ -80.0648026, 46.9124146 ], [ -80.0639087, 46.9126093 ], [ -80.0636565, 46.9124009 ], [ -80.0635558, 46.9124211 ], [ -80.063294, 46.9128642 ], [ -80.0632565, 46.9130061 ], [ -80.0628798, 46.9132592 ], [ -80.0626281, 46.9130852 ], [ -80.0625714, 46.9130942 ], [ -80.0624409, 46.913113 ], [ -80.0624283, 46.9132358 ], [ -80.0625284, 46.9133207 ], [ -80.0626679, 46.913431 ], [ -80.0626437, 46.9135004 ], [ -80.0626786, 46.9135153 ], [ -80.06269, 46.9135308 ], [ -80.0625, 46.9139427 ], [ -80.0623739, 46.9142161 ], [ -80.062367, 46.9142161 ], [ -80.0620296, 46.9141329 ], [ -80.0614736, 46.9137854 ], [ -80.0620431, 46.913251 ], [ -80.0618012, 46.9128854 ], [ -80.061786, 46.9128281 ], [ -80.0618571, 46.9126103 ], [ -80.0616683, 46.9125921 ], [ -80.0616323, 46.9125643 ], [ -80.0615023, 46.9125761 ], [ -80.0601006, 46.9124412 ], [ -80.0600908, 46.9124333 ], [ -80.0597069, 46.9119224 ], [ -80.0596518, 46.911836 ], [ -80.0594386, 46.9117185 ], [ -80.0593027, 46.9116817 ], [ -80.0589489, 46.9114731 ], [ -80.0583779, 46.9094722 ], [ -80.0585244, 46.9091989 ], [ -80.0587684, 46.9090776 ], [ -80.0589604, 46.9086796 ], [ -80.0592127, 46.9083802 ], [ -80.0591777, 46.9082292 ], [ -80.0593014, 46.9079729 ], [ -80.059149, 46.9079112 ], [ -80.0572112, 46.9077126 ], [ -80.0563478, 46.9078094 ], [ -80.0562163, 46.9078795 ], [ -80.055837, 46.9099998 ], [ -80.0557349, 46.910139 ], [ -80.0542327, 46.9097275 ], [ -80.0536638, 46.909249 ], [ -80.0529309, 46.9098532 ], [ -80.0527892, 46.9098758 ], [ -80.0526678, 46.9097607 ], [ -80.0526032, 46.9096802 ], [ -80.0525514, 46.9096504 ], [ -80.0521458, 46.9092659 ], [ -80.0516719, 46.9090139 ], [ -80.0516695, 46.9092886 ], [ -80.0515128, 46.910235 ], [ -80.0514071, 46.910346 ], [ -80.0500103, 46.910667 ], [ -80.0496805, 46.910347 ], [ -80.0486603, 46.9098109 ], [ -80.0484646, 46.909659 ], [ -80.0487686, 46.9092803 ], [ -80.0489171, 46.9092026 ], [ -80.0496685, 46.9090794 ], [ -80.0498923, 46.9089672 ], [ -80.0512859, 46.9087396 ], [ -80.0514949, 46.908563 ], [ -80.0522939, 46.9083823 ], [ -80.0526326, 46.907796 ], [ -80.0531624, 46.9075436 ], [ -80.053578, 46.9070432 ], [ -80.0546852, 46.9067847 ], [ -80.05478, 46.9065374 ], [ -80.0549594, 46.9065362 ], [ -80.0550282, 46.9064925 ], [ -80.0553177, 46.9062576 ] ] ] } },
{ "type": "Feature", "properties": { "element": "way", "id": 254746317, "natural": "wood", "source": "NRCan-CanVec-10.0", "type": null }, "geometry": { "type": "Polygon", "coordinates": [ [ [ -80.0959979, 46.9138859 ], [ -80.0962252, 46.9137132 ], [ -80.0974685, 46.9138663 ], [ -80.0970757, 46.914994 ], [ -80.0969231, 46.9151249 ], [ -80.0957651, 46.9147613 ], [ -80.0956091, 46.9146716 ], [ -80.0956194, 46.9145266 ], [ -80.0959979, 46.9138859 ] ] ] } },
{ "type": "Feature", "properties": { "element": "way", "id": 254746328, "natural": "wood", "source": "NRCan-CanVec-10.0", "type": null }, "geometry": { "type": "Polygon", "coordinates": [ [ [ -80.0820413, 46.9105377 ], [ -80.0818928, 46.9103362 ], [ -80.0819064, 46.90999 ], [ -80.0819378, 46.9099768 ], [ -80.0820206, 46.9098162 ], [ -80.08205, 46.9096248 ], [ -80.0821504, 46.9096357 ], [ -80.082427, 46.9097635 ], [ -80.0830827, 46.9109529 ], [ -80.0820413, 46.9105377 ] ] ] } },
{ "type": "Feature", "properties": { "element": "way", "id": 254747826, "natural": "wood", "source": "NRCan-CanVec-10.0", "type": null }, "geometry": { "type": "Polygon", "coordinates": [ [ [ -80.0266115, 46.9251762 ], [ -80.0266186, 46.9252324 ], [ -80.0267649, 46.9253115 ], [ -80.026801, 46.9256293 ], [ -80.0269236, 46.9257663 ], [ -80.0264458, 46.9271026 ], [ -80.0263496, 46.9272244 ], [ -80.0261536, 46.9272106 ], [ -80.0253986, 46.9269581 ], [ -80.0246692, 46.9260586 ], [ -80.0247431, 46.925924 ], [ -80.0257886, 46.925041 ], [ -80.0266115, 46.9251762 ] ] ] } },
{ "type": "Feature", "properties": { "element": "way", "id": 254747847, "natural": "wood", "source": "NRCan-CanVec-10.0", "type": null }, "geometry": { "type": "Polygon", "coordinates": [ [ [ -80.0403706, 46.9065511 ], [ -80.0406862, 46.9066961 ], [ -80.040677, 46.9073924 ], [ -80.0406377, 46.9074803 ], [ -80.0405324, 46.907533 ], [ -80.0397452, 46.9075696 ], [ -80.0395488, 46.907519 ], [ -80.03949, 46.9073809 ], [ -80.0394932, 46.9072501 ], [ -80.0396767, 46.9071915 ], [ -80.0397329, 46.9071457 ], [ -80.0395622, 46.9069067 ], [ -80.0395022, 46.9068735 ], [ -80.0395138, 46.9063944 ], [ -80.039575, 46.9062577 ], [ -80.0399297, 46.906339 ], [ -80.0401956, 46.9062954 ], [ -80.0404177, 46.9063229 ], [ -80.0405773, 46.9064321 ], [ -80.0403706, 46.9065511 ] ] ] } },
{ "type": "Feature", "properties": { "element": "way", "id": 254747848, "natural": "wood", "source": "NRCan-CanVec-10.0", "type": null }, "geometry": { "type": "Polygon", "coordinates": [ [ [ -80.04774, 46.9103903 ], [ -80.0477737, 46.9104 ], [ -80.047988, 46.9105185 ], [ -80.0478641, 46.9106816 ], [ -80.0477908, 46.910853 ], [ -80.0478485, 46.9109175 ], [ -80.048171, 46.9109521 ], [ -80.0484002, 46.9109317 ], [ -80.0484895, 46.9111511 ], [ -80.0490273, 46.9114503 ], [ -80.0490826, 46.9115602 ], [ -80.0486142, 46.9121345 ], [ -80.0480591, 46.9130338 ], [ -80.0480529, 46.9134945 ], [ -80.0480062, 46.9135295 ], [ -80.0479294, 46.9136728 ], [ -80.0478679, 46.914002 ], [ -80.047945, 46.9143173 ], [ -80.048041, 46.91437 ], [ -80.0480408, 46.9143881 ], [ -80.0480763, 46.9143893 ], [ -80.0481359, 46.914422 ], [ -80.0484048, 46.914457 ], [ -80.0489808, 46.91442 ], [ -80.0505423, 46.914473 ], [ -80.0508175, 46.9145228 ], [ -80.0509492, 46.9144868 ], [ -80.0517045, 46.9145124 ], [ -80.0519592, 46.9146642 ], [ -80.0523495, 46.9152326 ], [ -80.0527035, 46.9154833 ], [ -80.0533017, 46.9164526 ], [ -80.0536797, 46.9166908 ], [ -80.0537039, 46.9167571 ], [ -80.0537277, 46.917059 ], [ -80.0529798, 46.9174751 ], [ -80.0529304, 46.9174005 ], [ -80.0527187, 46.9173933 ], [ -80.0525907, 46.9174915 ], [ -80.0525923, 46.9176018 ], [ -80.0527139, 46.9177135 ], [ -80.0527521, 46.917892 ], [ -80.0527412, 46.917917 ], [ -80.0522816, 46.9183762 ], [ -80.0519951, 46.9184301 ], [ -80.0519587, 46.9185342 ], [ -80.0521967, 46.9186191 ], [ -80.0526209, 46.9184777 ], [ -80.0528988, 46.9184866 ], [ -80.053111, 46.9185306 ], [ -80.0533121, 46.9186828 ], [ -80.0535147, 46.9187161 ], [ -80.0537151, 46.9186022 ], [ -80.0537263, 46.9184633 ], [ -80.0538775, 46.9184821 ], [ -80.0541114, 46.9185021 ], [ -80.0542421, 46.9185878 ], [ -80.0542485, 46.9192134 ], [ -80.0542198, 46.9192261 ], [ -80.054243, 46.9193367 ], [ -80.054061, 46.9205325 ], [ -80.0536941, 46.9208456 ], [ -80.0535675, 46.921476 ], [ -80.0536107, 46.9216206 ], [ -80.0540251, 46.9218903 ], [ -80.0540573, 46.9218737 ], [ -80.0540788, 46.92189 ], [ -80.0550637, 46.9220974 ], [ -80.0553758, 46.9222769 ], [ -80.0554002, 46.9224369 ], [ -80.0555279, 46.9225312 ], [ -80.0569492, 46.9225625 ], [ -80.0571988, 46.9225759 ], [ -80.0573265, 46.9226702 ], [ -80.0573226, 46.9239076 ], [ -80.0571199, 46.9249474 ], [ -80.0569803, 46.9251171 ], [ -80.0545413, 46.9252398 ], [ -80.0525675, 46.9252188 ], [ -80.0498169, 46.9251986 ], [ -80.0496715, 46.9252206 ], [ -80.0496486, 46.9249142 ], [ -80.049604, 46.9248885 ], [ -80.0493114, 46.9249597 ], [ -80.0490903, 46.9251711 ], [ -80.049093, 46.9253549 ], [ -80.0491576, 46.9254077 ], [ -80.0488406, 46.9264599 ], [ -80.0488006, 46.9265213 ], [ -80.0486749, 46.9265948 ], [ -80.0485647, 46.9265981 ], [ -80.0476116, 46.9264142 ], [ -80.0476069, 46.9263125 ], [ -80.0479223, 46.9256236 ], [ -80.0483964, 46.9256625 ], [ -80.048609, 46.925514 ], [ -80.0485532, 46.9253673 ], [ -80.0483925, 46.9251758 ], [ -80.0481368, 46.9251797 ], [ -80.0479549, 46.9252651 ], [ -80.0476334, 46.9250879 ], [ -80.0474541, 46.9249118 ], [ -80.046667, 46.9246359 ], [ -80.044521, 46.9244946 ], [ -80.0438077, 46.9238548 ], [ -80.0437266, 46.9238398 ], [ -80.043876, 46.9237743 ], [ -80.043878, 46.9236921 ], [ -80.0432885, 46.9235403 ], [ -80.0430199, 46.9237089 ], [ -80.042529, 46.923618 ], [ -80.0424383, 46.9234833 ], [ -80.0421907, 46.9233876 ], [ -80.0416028, 46.9236881 ], [ -80.0415761, 46.9236903 ], [ -80.0413388, 46.9236651 ], [ -80.040258, 46.9233638 ], [ -80.0399841, 46.9234197 ], [ -80.0398408, 46.9235613 ], [ -80.0398253, 46.9236588 ], [ -80.038443, 46.9238454 ], [ -80.0372675, 46.9236648 ], [ -80.0372626, 46.9236607 ], [ -80.0372458, 46.9236615 ], [ -80.0364737, 46.9235429 ], [ -80.0363531, 46.9234288 ], [ -80.036232, 46.9231246 ], [ -80.0360278, 46.9229811 ], [ -80.0356926, 46.9229444 ], [ -80.0351859, 46.923283 ], [ -80.0350057, 46.9236555 ], [ -80.0345559, 46.9237662 ], [ -80.034495, 46.9237657 ], [ -80.0339278, 46.9236267 ], [ -80.0338124, 46.923727 ], [ -80.0337113, 46.9241689 ], [ -80.0334921, 46.924298 ], [ -80.0330789, 46.924331 ], [ -80.0327899, 46.9246596 ], [ -80.0328123, 46.9249018 ], [ -80.0328785, 46.9249606 ], [ -80.0328776, 46.9250592 ], [ -80.0328656, 46.9253232 ], [ -80.0334303, 46.925737 ], [ -80.0345156, 46.926117 ], [ -80.0342565, 46.9265514 ], [ -80.0337275, 46.9268772 ], [ -80.0334651, 46.9270872 ], [ -80.0327832, 46.9273183 ], [ -80.0325215, 46.9275688 ], [ -80.0324813, 46.9275865 ], [ -80.0319068, 46.9276421 ], [ -80.0318976, 46.9276396 ], [ -80.0317513, 46.9275891 ], [ -80.0317224, 46.9275912 ], [ -80.0300998, 46.9271435 ], [ -80.0298451, 46.9269916 ], [ -80.0296976, 46.9263804 ], [ -80.0282012, 46.9261804 ], [ -80.0280147, 46.9261138 ], [ -80.0280093, 46.9261055 ], [ -80.0279804, 46.9259698 ], [ -80.0283906, 46.9243771 ], [ -80.0285015, 46.9241752 ], [ -80.0297509, 46.9234358 ], [ -80.0306009, 46.922805 ], [ -80.0320508, 46.9221811 ], [ -80.0346938, 46.9206342 ], [ -80.0354194, 46.9183688 ], [ -80.0369403, 46.917197 ], [ -80.0379111, 46.9168704 ], [ -80.0384463, 46.9158761 ], [ -80.0401542, 46.9145516 ], [ -80.041951, 46.9139295 ], [ -80.0435456, 46.913962 ], [ -80.0437274, 46.9138353 ], [ -80.0437805, 46.9138263 ], [ -80.0438298, 46.9137639 ], [ -80.0449083, 46.9130119 ], [ -80.0451329, 46.9119482 ], [ -80.0465944, 46.9112894 ], [ -80.046956, 46.9106593 ], [ -80.0469924, 46.9106486 ], [ -80.047425, 46.9104445 ], [ -80.04774, 46.9103903 ] ] ] } },
{ "type": "Feature", "properties": { "element": "way", "id": 254747866, "natural": "wood", "source": "NRCan-CanVec-10.0", "type": null }, "geometry": { "type": "Polygon", "coordinates": [ [ [ -80.0306598, 46.9139587 ], [ -80.0302581, 46.9136873 ], [ -80.0302216, 46.913562 ], [ -80.0315733, 46.9122617 ], [ -80.0329076, 46.9119673 ], [ -80.0339026, 46.9115714 ], [ -80.0342004, 46.9105289 ], [ -80.0351108, 46.909954 ], [ -80.0353321, 46.9088623 ], [ -80.0354813, 46.9087034 ], [ -80.0376803, 46.9077864 ], [ -80.0376999, 46.9077931 ], [ -80.0381768, 46.9078072 ], [ -80.0383702, 46.9076973 ], [ -80.0394926, 46.9075648 ], [ -80.0396727, 46.9082363 ], [ -80.0405106, 46.9093239 ], [ -80.0405449, 46.9094158 ], [ -80.0404085, 46.9100354 ], [ -80.0387081, 46.9118746 ], [ -80.0371491, 46.9132327 ], [ -80.036835, 46.9137864 ], [ -80.0365974, 46.9140751 ], [ -80.0352504, 46.9146817 ], [ -80.034842, 46.9151906 ], [ -80.0345611, 46.9152746 ], [ -80.034224, 46.9155494 ], [ -80.0341731, 46.9156588 ], [ -80.0340343, 46.9157476 ], [ -80.0315454, 46.919097 ], [ -80.031172, 46.9194137 ], [ -80.0309766, 46.9195055 ], [ -80.0301159, 46.9195245 ], [ -80.030004, 46.9194235 ], [ -80.0295071, 46.9184339 ], [ -80.0300657, 46.9172967 ], [ -80.0300107, 46.916077 ], [ -80.0312182, 46.9148447 ], [ -80.0308929, 46.9141269 ], [ -80.0309288, 46.9137975 ], [ -80.0308904, 46.9137545 ], [ -80.0307208, 46.9138183 ], [ -80.0306598, 46.9139587 ] ] ] } },
{ "type": "Feature", "properties": { "element": "way", "id": 254747881, "natural": "wood", "source": "NRCan-CanVec-10.0", "type": null }, "geometry": { "type": "Polygon", "coordinates": [ [ [ -80.0, 46.929855 ], [ -80.0, 46.9283078 ], [ -80.0, 46.92752 ], [ -80.0002049, 46.9275565 ], [ -80.0005107, 46.9277536 ], [ -80.0010235, 46.9280857 ], [ -80.0011099, 46.9286411 ], [ -80.0002784, 46.9297518 ], [ -80.0, 46.929855 ] ] ] } },
{ "type": "Feature", "properties": { "element": "way", "id": 254747883, "natural": "wood", "source": "NRCan-CanVec-10.0", "type": null }, "geometry": { "type": "Polygon", "coordinates": [ [ [ -80.0290906, 46.9196271 ], [ -80.0292689, 46.919688 ], [ -80.0293664, 46.9197919 ], [ -80.0294098, 46.9202045 ], [ -80.0291562, 46.9204043 ], [ -80.0284869, 46.9204308 ], [ -80.0282874, 46.9203888 ], [ -80.0282382, 46.9198029 ], [ -80.0282994, 46.9196662 ], [ -80.0290906, 46.9196271 ] ] ] } },
{ "type": "Feature", "properties": { "element": "way", "id": 254748861, "natural": "wood", "source": "NRCan-CanVec-10.0", "type": null }, "geometry": { "type": "Polygon", "coordinates": [ [ [ -80.0615634, 46.9024896 ], [ -80.0619263, 46.9026546 ], [ -80.0622828, 46.9027563 ], [ -80.0624467, 46.9027571 ], [ -80.0624069, 46.9032553 ], [ -80.0623458, 46.903392 ], [ -80.0621445, 46.9034323 ], [ -80.0603042, 46.9034148 ], [ -80.0601759, 46.9033878 ], [ -80.0601235, 46.9033577 ], [ -80.0601826, 46.9031651 ], [ -80.0602473, 46.9029599 ], [ -80.0604023, 46.9027059 ], [ -80.0606622, 46.9023697 ], [ -80.0615634, 46.9024896 ] ] ] } },
{ "type": "Feature", "properties": { "element": "way", "id": 254748862, "natural": "wood", "source": "NRCan-CanVec-10.0", "type": null }, "geometry": { "type": "Polygon", "coordinates": [ [ [ -80.0593541, 46.9009715 ], [ -80.0593591, 46.9009594 ], [ -80.0597024, 46.9007039 ], [ -80.0597908, 46.9004892 ], [ -80.0599339, 46.9003476 ], [ -80.0599725, 46.9003361 ], [ -80.0602901, 46.9003235 ], [ -80.0604896, 46.9003654 ], [ -80.0605484, 46.9005034 ], [ -80.060537, 46.9012259 ], [ -80.0604632, 46.9013606 ], [ -80.0596085, 46.9013946 ], [ -80.059409, 46.9013527 ], [ -80.0593502, 46.9012147 ], [ -80.0593541, 46.9009715 ] ] ] } },
{ "type": "Feature", "properties": { "element": "way", "id": 294219385, "natural": "wood", "source": "NRCan-CanVec-10.0", "type": null }, "geometry": { "type": "Polygon", "coordinates": [ [ [ -80.0341604, 47.0774207 ], [ -80.0343189, 47.0774283 ], [ -80.0343713, 47.077547 ], [ -80.0343186, 47.0778504 ], [ -80.0342317, 47.077983 ], [ -80.0339777, 47.0781709 ], [ -80.0338065, 47.0781612 ], [ -80.0337262, 47.0780838 ], [ -80.0337332, 47.0779106 ], [ -80.0340283, 47.0774908 ], [ -80.0341604, 47.0774207 ] ] ] } },
{ "type": "Feature", "properties": { "element": "way", "id": 294219406, "natural": "wood", "source": "NRCan-CanVec-10.0", "type": null }, "geometry": { "type": "Polygon", "coordinates": [ [ [ -80.1615485, 47.0606043 ], [ -80.1616502, 47.0606208 ], [ -80.1618869, 47.0609436 ], [ -80.1618658, 47.0610044 ], [ -80.1615845, 47.0610413 ], [ -80.1613088, 47.0612166 ], [ -80.1611944, 47.0611981 ], [ -80.1611738, 47.061103 ], [ -80.161389, 47.0609086 ], [ -80.1613562, 47.0606557 ], [ -80.1615485, 47.0606043 ] ] ] } },
{ "type": "Feature", "properties": { "element": "way", "id": 294219408, "natural": "wood", "source": "NRCan-CanVec-10.0", "type": null }, "geometry": { "type": "Polygon", "coordinates": [ [ [ -80.0337411, 47.0840517 ], [ -80.0340227, 47.0842446 ], [ -80.0341997, 47.0846591 ], [ -80.0341728, 47.084774 ], [ -80.0340976, 47.0848351 ], [ -80.0339518, 47.0848296 ], [ -80.0336986, 47.0846321 ], [ -80.033546, 47.0843777 ], [ -80.0334895, 47.084194 ], [ -80.0335485, 47.0841027 ], [ -80.0337411, 47.0840517 ] ] ] } },
{ "type": "Feature", "properties": { "element": "way", "id": 294219412, "natural": "wood", "source": "NRCan-CanVec-10.0", "type": null }, "geometry": { "type": "Polygon", "coordinates": [ [ [ -80.0543661, 47.0044796 ], [ -80.0545635, 47.0045669 ], [ -80.054666, 47.0046571 ], [ -80.0546478, 47.0047092 ], [ -80.0545601, 47.0047682 ], [ -80.0544181, 47.0047908 ], [ -80.0542822, 47.0047961 ], [ -80.0541198, 47.0047236 ], [ -80.0540801, 47.004607 ], [ -80.0541358, 47.0045244 ], [ -80.0543661, 47.0044796 ] ] ] } },
{ "type": "Feature", "properties": { "element": "way", "id": 294219426, "natural": "wood", "source": "NRCan-CanVec-10.0", "type": null }, "geometry": { "type": "Polygon", "coordinates": [ [ [ -80.0841102, 47.0992588 ], [ -80.0842592, 47.0992556 ], [ -80.0845647, 47.0995348 ], [ -80.0846136, 47.0996254 ], [ -80.0845548, 47.0997167 ], [ -80.08431, 47.0998787 ], [ -80.0841768, 47.0998753 ], [ -80.0840134, 47.099766 ], [ -80.0839404, 47.0995523 ], [ -80.0839163, 47.099429 ], [ -80.0839685, 47.0993182 ], [ -80.0841102, 47.0992588 ] ] ] } },
{ "type": "Feature", "properties": { "element": "way", "id": 294219428, "natural": "wood", "source": "NRCan-CanVec-10.0", "type": null }, "geometry": { "type": "Polygon", "coordinates": [ [ [ -80.1515689, 47.0638632 ], [ -80.1517371, 47.0638814 ], [ -80.1518176, 47.0639587 ], [ -80.1518963, 47.0641182 ], [ -80.1519134, 47.0643779 ], [ -80.1518269, 47.0645106 ], [ -80.1516068, 47.0646032 ], [ -80.1514355, 47.0645937 ], [ -80.1513514, 47.0644883 ], [ -80.1514148, 47.064306 ], [ -80.1513893, 47.0639166 ], [ -80.1515689, 47.0638632 ] ] ] } },
{ "type": "Feature", "properties": { "element": "way", "id": 294219439, "natural": "wood", "source": "NRCan-CanVec-10.0", "type": null }, "geometry": { "type": "Polygon", "coordinates": [ [ [ -80.0057981, 47.0093339 ], [ -80.006004, 47.0093586 ], [ -80.0062658, 47.00953 ], [ -80.0062871, 47.0096987 ], [ -80.0060582, 47.0098538 ], [ -80.00529, 47.0101313 ], [ -80.0050394, 47.0100809 ], [ -80.0050146, 47.0098842 ], [ -80.0047163, 47.0098168 ], [ -80.0047295, 47.0096263 ], [ -80.0054668, 47.0093987 ], [ -80.0057981, 47.0093339 ] ] ] } },
{ "type": "Feature", "properties": { "element": "way", "id": 294219450, "natural": "wood", "source": "NRCan-CanVec-10.0", "type": null }, "geometry": { "type": "Polygon", "coordinates": [ [ [ -80.0841109, 47.0910368 ], [ -80.0841974, 47.0910968 ], [ -80.0842118, 47.0912093 ], [ -80.0840864, 47.091299 ], [ -80.0839809, 47.0914469 ], [ -80.0838453, 47.091489 ], [ -80.0837309, 47.0914704 ], [ -80.0837013, 47.0914013 ], [ -80.083946, 47.0912393 ], [ -80.0839352, 47.091155 ], [ -80.083988, 47.091081 ], [ -80.0841109, 47.0910368 ] ] ] } },
{ "type": "Feature", "properties": { "element": "way", "id": 294219451, "natural": "wood", "source": "NRCan-CanVec-10.0", "type": null }, "geometry": { "type": "Polygon", "coordinates": [ [ [ -80.1163941, 47.0080658 ], [ -80.1165433, 47.0080993 ], [ -80.1165917, 47.008153 ], [ -80.1165644, 47.0082312 ], [ -80.116455, 47.0083142 ], [ -80.1163161, 47.0083282 ], [ -80.1159112, 47.0083356 ], [ -80.1157747, 47.0083042 ], [ -80.1157512, 47.0082178 ], [ -80.1157844, 47.0081223 ], [ -80.11586, 47.0080979 ], [ -80.1163941, 47.0080658 ] ] ] } },
{ "type": "Feature", "properties": { "element": "way", "id": 294219456, "natural": "wood", "source": "NRCan-CanVec-10.0", "type": null }, "geometry": { "type": "Polygon", "coordinates": [ [ [ -80.1022064, 47.0107595 ], [ -80.1024613, 47.0108745 ], [ -80.102718, 47.0110998 ], [ -80.1027958, 47.0112226 ], [ -80.1027215, 47.0113205 ], [ -80.1024743, 47.0112985 ], [ -80.1021819, 47.0112141 ], [ -80.101852, 47.0111603 ], [ -80.1015875, 47.0110346 ], [ -80.1016395, 47.0109238 ], [ -80.1019695, 47.010785 ], [ -80.1022064, 47.0107595 ] ] ] } },
{ "type": "Feature", "properties": { "element": "way", "id": 294219502, "natural": "wood", "source": "NRCan-CanVec-10.0", "type": null }, "geometry": { "type": "Polygon", "coordinates": [ [ [ -80.1635146, 47.0631341 ], [ -80.1639442, 47.0632497 ], [ -80.1641185, 47.0632505 ], [ -80.1641796, 47.0633063 ], [ -80.1641621, 47.0633951 ], [ -80.1639064, 47.0636288 ], [ -80.1637709, 47.063671 ], [ -80.1635409, 47.0635603 ], [ -80.1633702, 47.063395 ], [ -80.1631996, 47.0634223 ], [ -80.1631451, 47.063386 ], [ -80.163185, 47.0633099 ], [ -80.1635146, 47.0631341 ] ] ] } },
{ "type": "Feature", "properties": { "element": "way", "id": 294219503, "natural": "wood", "source": "NRCan-CanVec-10.0", "type": null }, "geometry": { "type": "Polygon", "coordinates": [ [ [ -80.0945046, 47.0916676 ], [ -80.0946171, 47.0917686 ], [ -80.0946557, 47.0920042 ], [ -80.0945974, 47.0921324 ], [ -80.0943958, 47.0922096 ], [ -80.0941816, 47.0920921 ], [ -80.0940647, 47.0921189 ], [ -80.0939308, 47.0922714 ], [ -80.0938103, 47.0922701 ], [ -80.0933982, 47.0920653 ], [ -80.0933874, 47.091981 ], [ -80.0938835, 47.0916765 ], [ -80.0945046, 47.0916676 ] ] ] } },
{ "type": "Feature", "properties": { "element": "way", "id": 294219504, "natural": "wood", "source": "NRCan-CanVec-10.0", "type": null }, "geometry": { "type": "Polygon", "coordinates": [ [ [ -80.142418, 47.0464244 ], [ -80.142715, 47.0465736 ], [ -80.1427792, 47.0468133 ], [ -80.142535, 47.0473606 ], [ -80.1422357, 47.0476422 ], [ -80.1420664, 47.0477431 ], [ -80.1419273, 47.0477571 ], [ -80.1409904, 47.0472103 ], [ -80.1409722, 47.0470698 ], [ -80.1410103, 47.0468833 ], [ -80.1413078, 47.0466841 ], [ -80.1420002, 47.0464298 ], [ -80.142418, 47.0464244 ] ] ] } },
{ "type": "Feature", "properties": { "element": "way", "id": 294219512, "natural": "wood", "source": "NRCan-CanVec-10.0", "type": null }, "geometry": { "type": "Polygon", "coordinates": [ [ [ -80.0947873, 47.084786 ], [ -80.0950014, 47.0849035 ], [ -80.0950443, 47.0850114 ], [ -80.0951792, 47.0851252 ], [ -80.0951995, 47.0854129 ], [ -80.0950655, 47.0857581 ], [ -80.0948109, 47.086102 ], [ -80.0947229, 47.0863537 ], [ -80.0946545, 47.0864343 ], [ -80.0945431, 47.086407 ], [ -80.094487, 47.0862602 ], [ -80.0947524, 47.0851932 ], [ -80.0947055, 47.0848277 ], [ -80.0947873, 47.084786 ] ] ] } },
{ "type": "Feature", "properties": { "element": "way", "id": 294219513, "natural": "wood", "source": "NRCan-CanVec-10.0", "type": null }, "geometry": { "type": "Polygon", "coordinates": [ [ [ -80.1680509, 47.0625955 ], [ -80.1680856, 47.0627662 ], [ -80.167944, 47.0628258 ], [ -80.1677952, 47.0628291 ], [ -80.1674509, 47.0626999 ], [ -80.1671261, 47.0627847 ], [ -80.1669507, 47.062903 ], [ -80.1666604, 47.062966 ], [ -80.1664982, 47.0629305 ], [ -80.1659063, 47.0625868 ], [ -80.1657015, 47.0625 ], [ -80.1683404, 47.0625 ], [ -80.1681229, 47.0625429 ], [ -80.1680509, 47.0625955 ] ] ] } },
{ "type": "Feature", "properties": { "element": "way", "id": 294219519, "natural": "wood", "source": "NRCan-CanVec-10.0", "type": null }, "geometry": { "type": "Polygon", "coordinates": [ [ [ -80.1741595, 47.0785101 ], [ -80.1744101, 47.0785232 ], [ -80.1747994, 47.0786781 ], [ -80.1750144, 47.0788322 ], [ -80.1749969, 47.0789211 ], [ -80.1747379, 47.0789708 ], [ -80.1745436, 47.0789118 ], [ -80.1743699, 47.0789478 ], [ -80.1742878, 47.0791455 ], [ -80.1741262, 47.0791468 ], [ -80.1740039, 47.0790352 ], [ -80.1740853, 47.0788008 ], [ -80.1740718, 47.0785693 ], [ -80.1741595, 47.0785101 ] ] ] } },
{ "type": "Feature", "properties": { "element": "way", "id": 294219524, "natural": "wood", "source": "NRCan-CanVec-10.0", "type": null }, "geometry": { "type": "Polygon", "coordinates": [ [ [ -80.111703, 47.0625303 ], [ -80.1116382, 47.0625677 ], [ -80.1115177, 47.0627591 ], [ -80.1113948, 47.0628033 ], [ -80.1112993, 47.0627693 ], [ -80.1112991, 47.0625339 ], [ -80.1113006, 47.0624576 ], [ -80.1113817, 47.0623791 ], [ -80.1113963, 47.0622989 ], [ -80.1116093, 47.0621501 ], [ -80.1117424, 47.0621535 ], [ -80.1118035, 47.0622093 ], [ -80.111804, 47.0624387 ], [ -80.111703, 47.0625303 ] ] ] } },
{ "type": "Feature", "properties": { "element": "way", "id": 294219529, "natural": "wood", "source": "NRCan-CanVec-10.0", "type": null }, "geometry": { "type": "Polygon", "coordinates": [ [ [ -80.0548292, 47.0049957 ], [ -80.0554761, 47.0051017 ], [ -80.0557217, 47.0052428 ], [ -80.0558223, 47.0054152 ], [ -80.0558239, 47.0055256 ], [ -80.0557083, 47.0056259 ], [ -80.0552844, 47.0058409 ], [ -80.0550826, 47.0058812 ], [ -80.054734, 47.0058425 ], [ -80.0545112, 47.005751 ], [ -80.0545003, 47.0054373 ], [ -80.0543713, 47.0052694 ], [ -80.054397, 47.0050809 ], [ -80.0548292, 47.0049957 ] ] ] } },
{ "type": "Feature", "properties": { "element": "way", "id": 294219537, "natural": "wood", "source": "NRCan-CanVec-10.0", "type": null }, "geometry": { "type": "Polygon", "coordinates": [ [ [ -80.0954577, 47.0211057 ], [ -80.0956324, 47.0211434 ], [ -80.0957574, 47.0212464 ], [ -80.0958005, 47.0217763 ], [ -80.0957217, 47.0220019 ], [ -80.0955052, 47.0221225 ], [ -80.0953348, 47.0221497 ], [ -80.0951728, 47.0221141 ], [ -80.0950031, 47.0219855 ], [ -80.0949756, 47.0216416 ], [ -80.0950301, 47.0214854 ], [ -80.0951898, 47.0213739 ], [ -80.0953132, 47.0211739 ], [ -80.0954577, 47.0211057 ] ] ] } },
{ "type": "Feature", "properties": { "element": "way", "id": 294219548, "natural": "wood", "source": "NRCan-CanVec-10.0", "type": null }, "geometry": { "type": "Polygon", "coordinates": [ [ [ -80.1582476, 47.0477499 ], [ -80.1584036, 47.0478028 ], [ -80.1585422, 47.0479445 ], [ -80.1589633, 47.048123 ], [ -80.1590377, 47.0482176 ], [ -80.1588757, 47.0483748 ], [ -80.1581997, 47.0486593 ], [ -80.1577976, 47.0486582 ], [ -80.1575012, 47.0485459 ], [ -80.1573069, 47.0482942 ], [ -80.1573177, 47.0481859 ], [ -80.1574211, 47.0481201 ], [ -80.1576545, 47.0480663 ], [ -80.1580867, 47.047788 ], [ -80.1582476, 47.0477499 ] ] ] } },
{ "type": "Feature", "properties": { "element": "way", "id": 294219549, "natural": "wood", "source": "NRCan-CanVec-10.0", "type": null }, "geometry": { "type": "Polygon", "coordinates": [ [ [ -80.1432564, 47.0349944 ], [ -80.1436888, 47.0352941 ], [ -80.1438635, 47.0353317 ], [ -80.1441072, 47.0353254 ], [ -80.1444131, 47.035256 ], [ -80.1445503, 47.0353241 ], [ -80.1445468, 47.0354887 ], [ -80.1442233, 47.035647 ], [ -80.143831, 47.0356566 ], [ -80.1433575, 47.035552 ], [ -80.1430691, 47.03534 ], [ -80.1429947, 47.0352454 ], [ -80.1429983, 47.0350809 ], [ -80.1431397, 47.0350213 ], [ -80.1432564, 47.0349944 ] ] ] } },
{ "type": "Feature", "properties": { "element": "way", "id": 294219550, "natural": "wood", "source": "NRCan-CanVec-10.0", "type": null }, "geometry": { "type": "Polygon", "coordinates": [ [ [ -80.1175253, 47.0146707 ], [ -80.1177096, 47.0147191 ], [ -80.1179427, 47.0152432 ], [ -80.1180671, 47.0156946 ], [ -80.1179993, 47.0158119 ], [ -80.1178458, 47.0159061 ], [ -80.1175866, 47.0159189 ], [ -80.1174265, 47.0158011 ], [ -80.117325, 47.0155919 ], [ -80.1170785, 47.0154142 ], [ -80.117081, 47.0151761 ], [ -80.1172792, 47.0151075 ], [ -80.1173875, 47.0149509 ], [ -80.1174002, 47.0147604 ], [ -80.1175253, 47.0146707 ] ] ] } },
{ "type": "Feature", "properties": { "element": "way", "id": 294219572, "natural": "wood", "source": "NRCan-CanVec-10.0", "type": null }, "geometry": { "type": "Polygon", "coordinates": [ [ [ -80.0417062, 47.0190298 ], [ -80.0418488, 47.019044 ], [ -80.0421173, 47.0192348 ], [ -80.0420962, 47.019525 ], [ -80.0419745, 47.0196426 ], [ -80.0416285, 47.0197878 ], [ -80.0412803, 47.0197858 ], [ -80.0411175, 47.0199059 ], [ -80.0410994, 47.0201874 ], [ -80.0410025, 47.0202724 ], [ -80.0408696, 47.020269 ], [ -80.040703, 47.0201316 ], [ -80.0407749, 47.0198498 ], [ -80.0411122, 47.0195381 ], [ -80.0415327, 47.0190656 ], [ -80.0417062, 47.0190298 ] ] ] } },
{ "type": "Feature", "properties": { "element": "way", "id": 294219575, "natural": "wood", "source": "NRCan-CanVec-10.0", "type": null }, "geometry": { "type": "Polygon", "coordinates": [ [ [ -80.1078787, 47.0596064 ], [ -80.1079809, 47.0596598 ], [ -80.1079524, 47.059857 ], [ -80.1078882, 47.0600025 ], [ -80.1078095, 47.0600355 ], [ -80.1077913, 47.0600876 ], [ -80.1071329, 47.0605124 ], [ -80.1068988, 47.0605293 ], [ -80.1067863, 47.0604284 ], [ -80.1067931, 47.0602552 ], [ -80.1068996, 47.0601808 ], [ -80.1071398, 47.0601465 ], [ -80.1072638, 47.0601759 ], [ -80.107527, 47.0599987 ], [ -80.1077565, 47.0596874 ], [ -80.1078787, 47.0596064 ] ] ] } },
{ "type": "Feature", "properties": { "element": "way", "id": 294219576, "natural": "wood", "source": "NRCan-CanVec-10.0", "type": null }, "geometry": { "type": "Polygon", "coordinates": [ [ [ -80.107558, 47.060756 ], [ -80.1076766, 47.0608395 ], [ -80.1073794, 47.0610755 ], [ -80.1073709, 47.0611383 ], [ -80.1070369, 47.061249 ], [ -80.1066163, 47.0614924 ], [ -80.1060149, 47.0615228 ], [ -80.1057929, 47.061505 ], [ -80.1057192, 47.0614471 ], [ -80.1057549, 47.0613061 ], [ -80.1059716, 47.0611855 ], [ -80.1065978, 47.0611224 ], [ -80.1071187, 47.0610147 ], [ -80.1073353, 47.060894 ], [ -80.1074352, 47.0608002 ], [ -80.107558, 47.060756 ] ] ] } },
{ "type": "Feature", "properties": { "element": "way", "id": 294219577, "natural": "wood", "source": "NRCan-CanVec-10.0", "type": null }, "geometry": { "type": "Polygon", "coordinates": [ [ [ -80.1086473, 47.0567501 ], [ -80.1086957, 47.0568039 ], [ -80.1086442, 47.0569514 ], [ -80.1085189, 47.0570411 ], [ -80.1084136, 47.0571891 ], [ -80.1084123, 47.0573081 ], [ -80.1082871, 47.0573978 ], [ -80.1082103, 47.0573486 ], [ -80.1082424, 47.0571795 ], [ -80.108318, 47.0571551 ], [ -80.1083205, 47.0571097 ], [ -80.1083477, 47.0570316 ], [ -80.1084427, 47.0570287 ], [ -80.1084718, 47.0568683 ], [ -80.1085433, 47.056779 ], [ -80.1086473, 47.0567501 ] ] ] } },
{ "type": "Feature", "properties": { "element": "way", "id": 294219579, "natural": "wood", "source": "NRCan-CanVec-10.0", "type": null }, "geometry": { "type": "Polygon", "coordinates": [ [ [ -80.0904753, 47.004643 ], [ -80.0905514, 47.0046554 ], [ -80.0908659, 47.0049453 ], [ -80.0913991, 47.0052617 ], [ -80.0914606, 47.0053543 ], [ -80.0913383, 47.0056279 ], [ -80.0913321, 47.0058378 ], [ -80.0912105, 47.0059556 ], [ -80.0911314, 47.0059518 ], [ -80.0910469, 47.0058096 ], [ -80.0910151, 47.0055934 ], [ -80.0909028, 47.0054925 ], [ -80.0908498, 47.0053371 ], [ -80.0904491, 47.0047947 ], [ -80.0903937, 47.0046847 ], [ -80.0904753, 47.004643 ] ] ] } },
{ "type": "Feature", "properties": { "element": "way", "id": 294219594, "natural": "wood", "source": "NRCan-CanVec-10.0", "type": null }, "geometry": { "type": "Polygon", "coordinates": [ [ [ -80.0216467, 47.0381573 ], [ -80.021761, 47.0381761 ], [ -80.0217935, 47.0382364 ], [ -80.0218529, 47.0386408 ], [ -80.0217616, 47.0391305 ], [ -80.0217596, 47.0394422 ], [ -80.0216276, 47.0395123 ], [ -80.0215514, 47.0394998 ], [ -80.0213432, 47.039328 ], [ -80.0213285, 47.0391788 ], [ -80.0214381, 47.0388664 ], [ -80.0214645, 47.0384853 ], [ -80.0215107, 47.0383919 ], [ -80.0214691, 47.0383576 ], [ -80.0215254, 47.0383118 ], [ -80.0215523, 47.0381969 ], [ -80.0216467, 47.0381573 ] ] ] } },
{ "type": "Feature", "properties": { "element": "way", "id": 294219602, "natural": "wood", "source": "NRCan-CanVec-10.0", "type": null }, "geometry": { "type": "Polygon", "coordinates": [ [ [ -80.1135741, 47.0194657 ], [ -80.1137118, 47.0195707 ], [ -80.1137082, 47.0197352 ], [ -80.1136368, 47.0198245 ], [ -80.1137244, 47.019958 ], [ -80.1138748, 47.0200651 ], [ -80.1138681, 47.0202383 ], [ -80.1136244, 47.020437 ], [ -80.1131191, 47.020694 ], [ -80.1127587, 47.0209196 ], [ -80.1126264, 47.0209531 ], [ -80.1124015, 47.0209439 ], [ -80.1122348, 47.0208067 ], [ -80.1121708, 47.0205669 ], [ -80.1123051, 47.0202586 ], [ -80.1132713, 47.0195264 ], [ -80.1135741, 47.0194657 ] ] ] } },
{ "type": "Feature", "properties": { "element": "way", "id": 294219607, "natural": "wood", "source": "NRCan-CanVec-10.0", "type": null }, "geometry": { "type": "Polygon", "coordinates": [ [ [ -80.0934818, 47.0226545 ], [ -80.0936057, 47.0226839 ], [ -80.0937367, 47.0227695 ], [ -80.0936585, 47.0230319 ], [ -80.093682, 47.0231183 ], [ -80.0938046, 47.0232667 ], [ -80.0935101, 47.0234572 ], [ -80.0934355, 47.0237477 ], [ -80.0932606, 47.0239026 ], [ -80.0931155, 47.023934 ], [ -80.0929977, 47.0238872 ], [ -80.0929742, 47.0238008 ], [ -80.0930106, 47.0236967 ], [ -80.0930699, 47.0236422 ], [ -80.0931448, 47.0229664 ], [ -80.0932617, 47.022747 ], [ -80.0934818, 47.0226545 ] ] ] } },
{ "type": "Feature", "properties": { "element": "way", "id": 294219613, "natural": "wood", "source": "NRCan-CanVec-10.0", "type": null }, "geometry": { "type": "Polygon", "coordinates": [ [ [ -80.09445, 47.0081999 ], [ -80.0947001, 47.0082133 ], [ -80.0951037, 47.008325 ], [ -80.0954557, 47.0085843 ], [ -80.0956108, 47.0087931 ], [ -80.0956282, 47.0088968 ], [ -80.0958625, 47.0091094 ], [ -80.0960346, 47.0091925 ], [ -80.0962823, 47.0092513 ], [ -80.0963825, 47.0093869 ], [ -80.0964452, 47.0095531 ], [ -80.0963665, 47.0097787 ], [ -80.0962915, 47.0098398 ], [ -80.0960797, 47.0102547 ], [ -80.0957956, 47.0111073 ], [ -80.0958202, 47.0112672 ], [ -80.0959965, 47.0114153 ], [ -80.0962442, 47.011474 ], [ -80.0964697, 47.0113274 ], [ -80.0966687, 47.0111031 ], [ -80.0976689, 47.010927 ], [ -80.0979668, 47.0109572 ], [ -80.0982211, 47.0110354 ], [ -80.0986362, 47.0110757 ], [ -80.0990895, 47.0109295 ], [ -80.0996667, 47.0108128 ], [ -80.0998782, 47.0107831 ], [ -80.1000431, 47.01081 ], [ -80.1004644, 47.0106403 ], [ -80.100804, 47.0107049 ], [ -80.1012711, 47.0106344 ], [ -80.1013973, 47.0108109 ], [ -80.1013076, 47.0111448 ], [ -80.1010975, 47.0116701 ], [ -80.101055, 47.0119842 ], [ -80.1011202, 47.0121049 ], [ -80.1013407, 47.0122418 ], [ -80.1015437, 47.0122749 ], [ -80.1017103, 47.0124122 ], [ -80.1017254, 47.0125614 ], [ -80.1015535, 47.0129002 ], [ -80.1014658, 47.0129593 ], [ -80.1012198, 47.0130109 ], [ -80.1009786, 47.0131642 ], [ -80.1007827, 47.0133798 ], [ -80.1003371, 47.013619 ], [ -80.1001955, 47.0138711 ], [ -80.1000535, 47.0138937 ], [ -80.0996296, 47.0134943 ], [ -80.0992944, 47.013302 ], [ -80.0990406, 47.0132606 ], [ -80.0988762, 47.0132705 ], [ -80.0984435, 47.0133191 ], [ -80.0982894, 47.0133765 ], [ -80.0982434, 47.0134699 ], [ -80.098797, 47.0140739 ], [ -80.0990377, 47.0146911 ], [ -80.0989923, 47.0148213 ], [ -80.0987963, 47.0150369 ], [ -80.0987793, 47.0151626 ], [ -80.09872, 47.0152171 ], [ -80.0986988, 47.0152779 ], [ -80.0978613, 47.0159484 ], [ -80.0977155, 47.0161356 ], [ -80.0976561, 47.0163827 ], [ -80.0977442, 47.016553 ], [ -80.0978794, 47.0167035 ], [ -80.0981126, 47.0168425 ], [ -80.0983368, 47.0168149 ], [ -80.0985279, 47.0166901 ], [ -80.0985818, 47.0164971 ], [ -80.0986678, 47.0163277 ], [ -80.0987808, 47.0162728 ], [ -80.0991386, 47.0162853 ], [ -80.0991966, 47.0163498 ], [ -80.0991716, 47.016575 ], [ -80.0985851, 47.0177177 ], [ -80.0984134, 47.0178639 ], [ -80.0977962, 47.0180567 ], [ -80.0976214, 47.0182116 ], [ -80.0974065, 47.0186352 ], [ -80.0970086, 47.0188913 ], [ -80.0969245, 47.0189785 ], [ -80.0968647, 47.0189962 ], [ -80.0967885, 47.0189838 ], [ -80.0966889, 47.018885 ], [ -80.0967603, 47.0187957 ], [ -80.0967834, 47.0186527 ], [ -80.0966976, 47.0186296 ], [ -80.0956767, 47.0187106 ], [ -80.0951021, 47.0185893 ], [ -80.0948905, 47.0186189 ], [ -80.0947406, 47.0187412 ], [ -80.0947133, 47.0188193 ], [ -80.0945301, 47.0188445 ], [ -80.0942032, 47.0187819 ], [ -80.0941133, 47.0186938 ], [ -80.0941987, 47.0184876 ], [ -80.0943015, 47.0183852 ], [ -80.0943191, 47.0182963 ], [ -80.0939579, 47.018063 ], [ -80.0930171, 47.0177994 ], [ -80.0927804, 47.0176323 ], [ -80.0928253, 47.0174653 ], [ -80.0929656, 47.0173323 ], [ -80.093496, 47.0162356 ], [ -80.0935155, 47.0160645 ], [ -80.0936588, 47.0159227 ], [ -80.0939473, 47.0157497 ], [ -80.0942809, 47.0156391 ], [ -80.0945156, 47.0154664 ], [ -80.0945477, 47.0152973 ], [ -80.0944415, 47.0151791 ], [ -80.0942638, 47.0151501 ], [ -80.094033, 47.0151583 ], [ -80.0933408, 47.0154122 ], [ -80.0930973, 47.0154183 ], [ -80.0928509, 47.0152404 ], [ -80.0927368, 47.0150292 ], [ -80.0925677, 47.0149373 ], [ -80.0923713, 47.0149236 ], [ -80.0920939, 47.0149884 ], [ -80.0916731, 47.0151949 ], [ -80.0906675, 47.015847 ], [ -80.0901465, 47.0159179 ], [ -80.0899514, 47.0157851 ], [ -80.089905, 47.0156491 ], [ -80.0897444, 47.0154945 ], [ -80.0891988, 47.0154054 ], [ -80.0886564, 47.015115 ], [ -80.0882129, 47.0150792 ], [ -80.0879194, 47.0149212 ], [ -80.087687, 47.0146264 ], [ -80.0875363, 47.0142899 ], [ -80.08757, 47.0138092 ], [ -80.087642, 47.0137567 ], [ -80.0877704, 47.0134658 ], [ -80.087941, 47.013246 ], [ -80.0879859, 47.0130791 ], [ -80.0880503, 47.012741 ], [ -80.0880147, 47.0126893 ], [ -80.0880918, 47.0123533 ], [ -80.0884613, 47.0121018 ], [ -80.0887321, 47.0120176 ], [ -80.088882, 47.0118954 ], [ -80.0890129, 47.011559 ], [ -80.0892971, 47.011321 ], [ -80.0897463, 47.0111101 ], [ -80.0898442, 47.0110985 ], [ -80.0899942, 47.0109763 ], [ -80.0907541, 47.010605 ], [ -80.09193, 47.0099257 ], [ -80.0925651, 47.0098734 ], [ -80.092706, 47.0097772 ], [ -80.0926844, 47.0096086 ], [ -80.0924477, 47.0094415 ], [ -80.0924484, 47.0092857 ], [ -80.0925609, 47.009194 ], [ -80.0935711, 47.0086435 ], [ -80.0941158, 47.0082738 ], [ -80.09445, 47.0081999 ] ] ] } },
{ "type": "Feature", "properties": { "element": "way", "id": 294219638, "natural": "wood", "source": "NRCan-CanVec-10.0", "type": null }, "geometry": { "type": "Polygon", "coordinates": [ [ [ -80.1263947, 47.0972646 ], [ -80.1265799, 47.0973498 ], [ -80.1266411, 47.0974056 ], [ -80.1266338, 47.0975421 ], [ -80.1265551, 47.0977678 ], [ -80.1266749, 47.0981176 ], [ -80.1267185, 47.098455 ], [ -80.1265913, 47.098627 ], [ -80.1264593, 47.0986973 ], [ -80.1260058, 47.0986877 ], [ -80.1256262, 47.0985434 ], [ -80.1255384, 47.0984099 ], [ -80.1255094, 47.0981849 ], [ -80.1256142, 47.0978075 ], [ -80.1256293, 47.0975714 ], [ -80.1258377, 47.0973208 ], [ -80.1261634, 47.0972729 ], [ -80.1263947, 47.0972646 ] ] ] } },
{ "type": "Feature", "properties": { "element": "way", "id": 294219645, "natural": "wood", "source": "NRCan-CanVec-10.0", "type": null }, "geometry": { "type": "Polygon", "coordinates": [ [ [ -80.0952076, 47.0308529 ], [ -80.0953478, 47.0309125 ], [ -80.0954323, 47.0310547 ], [ -80.0954277, 47.0321823 ], [ -80.0953605, 47.0323364 ], [ -80.0953507, 47.0325183 ], [ -80.0952787, 47.0325708 ], [ -80.0950963, 47.0330547 ], [ -80.094933, 47.0331382 ], [ -80.0947862, 47.0330592 ], [ -80.0947627, 47.0329728 ], [ -80.0947912, 47.032161 ], [ -80.0948451, 47.0319679 ], [ -80.0948199, 47.0317712 ], [ -80.0946901, 47.0315665 ], [ -80.0946763, 47.0314909 ], [ -80.0948725, 47.0310826 ], [ -80.0950655, 47.0308756 ], [ -80.0952076, 47.0308529 ] ] ] } },
{ "type": "Feature", "properties": { "element": "way", "id": 294219649, "natural": "wood", "source": "NRCan-CanVec-10.0", "type": null }, "geometry": { "type": "Polygon", "coordinates": [ [ [ -80.0359913, 47.0789411 ], [ -80.036128, 47.0789727 ], [ -80.0362353, 47.0791646 ], [ -80.0362501, 47.0793139 ], [ -80.0363238, 47.0793718 ], [ -80.036315, 47.0800862 ], [ -80.0362434, 47.0801755 ], [ -80.0362638, 47.0802706 ], [ -80.0363217, 47.0803351 ], [ -80.0361978, 47.0805351 ], [ -80.0361506, 47.0805549 ], [ -80.0359915, 47.0805105 ], [ -80.0350216, 47.0798286 ], [ -80.0349463, 47.0796602 ], [ -80.0349422, 47.0793659 ], [ -80.0350575, 47.0792287 ], [ -80.0352459, 47.0791128 ], [ -80.0356748, 47.0789627 ], [ -80.0359913, 47.0789411 ] ] ] } },
{ "type": "Feature", "properties": { "element": "way", "id": 294219660, "natural": "wood", "source": "NRCan-CanVec-10.0", "type": null }, "geometry": { "type": "Polygon", "coordinates": [ [ [ -80.1076551, 47.058093 ], [ -80.1078294, 47.0580938 ], [ -80.1080156, 47.0582526 ], [ -80.1080645, 47.0583432 ], [ -80.1082375, 47.0584631 ], [ -80.1084335, 47.05844 ], [ -80.1084788, 47.0585024 ], [ -80.1083805, 47.0590919 ], [ -80.1082431, 47.0592163 ], [ -80.1078729, 47.0592385 ], [ -80.1076115, 47.0593335 ], [ -80.1073961, 47.0593351 ], [ -80.1072776, 47.0592516 ], [ -80.1073128, 47.0590738 ], [ -80.107475, 47.0589168 ], [ -80.1074702, 47.0588151 ], [ -80.1073445, 47.0586753 ], [ -80.1073107, 47.0585414 ], [ -80.1075299, 47.0581826 ], [ -80.1076551, 47.058093 ] ] ] } },
{ "type": "Feature", "properties": { "element": "way", "id": 294219679, "natural": "wood", "source": "NRCan-CanVec-10.0", "type": null }, "geometry": { "type": "Polygon", "coordinates": [ [ [ -80.0818873, 47.0048908 ], [ -80.0820304, 47.0049418 ], [ -80.082133, 47.0050319 ], [ -80.0821635, 47.0053671 ], [ -80.0820827, 47.005675 ], [ -80.082052, 47.0061469 ], [ -80.0819709, 47.0062254 ], [ -80.0818217, 47.0061919 ], [ -80.0817241, 47.0060108 ], [ -80.081622, 47.0059574 ], [ -80.0815114, 47.0059669 ], [ -80.0815035, 47.0060665 ], [ -80.0813711, 47.0060999 ], [ -80.0812583, 47.0059622 ], [ -80.0813776, 47.0056973 ], [ -80.0815797, 47.0054643 ], [ -80.0815854, 47.0052176 ], [ -80.0815498, 47.0051659 ], [ -80.0815832, 47.0050705 ], [ -80.0817265, 47.0049288 ], [ -80.0818873, 47.0048908 ] ] ] } },
{ "type": "Feature", "properties": { "element": "way", "id": 294219697, "natural": "wood", "source": "NRCan-CanVec-10.0", "type": null }, "geometry": { "type": "Polygon", "coordinates": [ [ [ -80.1137296, 47.0610369 ], [ -80.1139105, 47.0610572 ], [ -80.1141155, 47.0612007 ], [ -80.1141626, 47.0613735 ], [ -80.1144511, 47.0615856 ], [ -80.1144758, 47.0617456 ], [ -80.1142725, 47.0619051 ], [ -80.1138913, 47.0620357 ], [ -80.1136208, 47.0621568 ], [ -80.1133733, 47.0623275 ], [ -80.1131138, 47.0623402 ], [ -80.1127908, 47.06215 ], [ -80.1125688, 47.0621322 ], [ -80.1122276, 47.0621867 ], [ -80.1120576, 47.0620581 ], [ -80.1120342, 47.061779 ], [ -80.112142, 47.0615856 ], [ -80.1121905, 47.061254 ], [ -80.1122995, 47.0611342 ], [ -80.1127574, 47.0610528 ], [ -80.1131258, 47.0611128 ], [ -80.1137296, 47.0610369 ] ] ] } },
{ "type": "Feature", "properties": { "element": "way", "id": 294219701, "natural": "wood", "source": "NRCan-CanVec-10.0", "type": null }, "geometry": { "type": "Polygon", "coordinates": [ [ [ -80.1318757, 47.0284187 ], [ -80.1320951, 47.028482 ], [ -80.1323091, 47.0285994 ], [ -80.1325564, 47.0288139 ], [ -80.1326198, 47.0290169 ], [ -80.1328852, 47.0291793 ], [ -80.1331355, 47.0291925 ], [ -80.1333096, 47.029386 ], [ -80.1333616, 47.0296604 ], [ -80.1329952, 47.0300961 ], [ -80.1328852, 47.0301424 ], [ -80.1325624, 47.0301449 ], [ -80.1323164, 47.0300039 ], [ -80.1322734, 47.029896 ], [ -80.1319621, 47.0294418 ], [ -80.1316671, 47.0292103 ], [ -80.1314821, 47.0291251 ], [ -80.1312899, 47.0289838 ], [ -80.1312808, 47.0288172 ], [ -80.1314979, 47.0285407 ], [ -80.131724, 47.0284307 ], [ -80.1318757, 47.0284187 ] ] ] } },
{ "type": "Feature", "properties": { "element": "way", "id": 294219724, "natural": "wood", "source": "NRCan-CanVec-10.0", "type": null }, "geometry": { "type": "Polygon", "coordinates": [ [ [ -80.0534111, 47.0382877 ], [ -80.0535843, 47.0384445 ], [ -80.0542031, 47.0383256 ], [ -80.0545367, 47.0384077 ], [ -80.0545231, 47.0385615 ], [ -80.0543749, 47.0386014 ], [ -80.0539469, 47.0385589 ], [ -80.053786, 47.0385968 ], [ -80.0537131, 47.0388051 ], [ -80.0536162, 47.0388901 ], [ -80.0533755, 47.0388875 ], [ -80.0531619, 47.0389993 ], [ -80.053073, 47.0389848 ], [ -80.052945, 47.0388904 ], [ -80.0528281, 47.0386878 ], [ -80.0525842, 47.0384643 ], [ -80.0525481, 47.0383758 ], [ -80.0526867, 47.0383251 ], [ -80.0531118, 47.0386057 ], [ -80.0531966, 47.0385554 ], [ -80.0532005, 47.0383909 ], [ -80.0532877, 47.038295 ], [ -80.0534111, 47.0382877 ] ] ] } },
{ "type": "Feature", "properties": { "element": "way", "id": 294219734, "natural": "wood", "source": "NRCan-CanVec-10.0", "type": null }, "geometry": { "type": "Polygon", "coordinates": [ [ [ -80.0872572, 47.0171247 ], [ -80.0873496, 47.0171673 ], [ -80.0874268, 47.0172533 ], [ -80.0874785, 47.0175278 ], [ -80.087773, 47.017952 ], [ -80.0878255, 47.0180706 ], [ -80.0878181, 47.018207 ], [ -80.0877997, 47.0184517 ], [ -80.0876343, 47.01881 ], [ -80.087534, 47.018867 ], [ -80.0875438, 47.0192997 ], [ -80.0874868, 47.0195014 ], [ -80.0873133, 47.0195373 ], [ -80.0871762, 47.019469 ], [ -80.0871595, 47.0192094 ], [ -80.0869881, 47.0189704 ], [ -80.0868658, 47.0186294 ], [ -80.0869906, 47.0183104 ], [ -80.0869471, 47.0177437 ], [ -80.0868753, 47.0176035 ], [ -80.0868642, 47.0172898 ], [ -80.0870172, 47.0171589 ], [ -80.0872572, 47.0171247 ] ] ] } },
{ "type": "Feature", "properties": { "element": "way", "id": 294219756, "natural": "wood", "source": "NRCan-CanVec-10.0", "type": null }, "geometry": { "type": "Polygon", "coordinates": [ [ [ -80.0828794, 47.0064656 ], [ -80.0832931, 47.006625 ], [ -80.0833764, 47.0066936 ], [ -80.0832898, 47.0068263 ], [ -80.0828784, 47.006814 ], [ -80.0828323, 47.0069074 ], [ -80.0828539, 47.0070761 ], [ -80.0827666, 47.0073645 ], [ -80.0827898, 47.0076435 ], [ -80.0827148, 47.0077046 ], [ -80.0826133, 47.007688 ], [ -80.082492, 47.0076132 ], [ -80.0824969, 47.0075222 ], [ -80.0822294, 47.0074051 ], [ -80.0821014, 47.0073108 ], [ -80.0821149, 47.0071571 ], [ -80.0821965, 47.0071154 ], [ -80.08251, 47.0071391 ], [ -80.0826225, 47.0070474 ], [ -80.0826081, 47.006935 ], [ -80.0826867, 47.006902 ], [ -80.0826756, 47.0065883 ], [ -80.0827277, 47.0064775 ], [ -80.0828794, 47.0064656 ] ] ] } },
{ "type": "Feature", "properties": { "element": "way", "id": 294219814, "natural": "wood", "source": "NRCan-CanVec-10.0", "type": null }, "geometry": { "type": "Polygon", "coordinates": [ [ [ -80.0506907, 47.0878258 ], [ -80.0510725, 47.087925 ], [ -80.0514269, 47.0881022 ], [ -80.0519734, 47.0881916 ], [ -80.0526521, 47.0884403 ], [ -80.0530971, 47.0887425 ], [ -80.0533971, 47.0888833 ], [ -80.0537139, 47.0890911 ], [ -80.0537597, 47.0891904 ], [ -80.053742, 47.0892792 ], [ -80.0534336, 47.0894307 ], [ -80.0532313, 47.0894711 ], [ -80.0530092, 47.0894531 ], [ -80.0527885, 47.089316 ], [ -80.0526066, 47.0887999 ], [ -80.0525105, 47.0887291 ], [ -80.0523752, 47.0885785 ], [ -80.0519105, 47.0884475 ], [ -80.0515876, 47.088257 ], [ -80.0514133, 47.088256 ], [ -80.0512436, 47.0883568 ], [ -80.0510245, 47.0883301 ], [ -80.0506091, 47.088097 ], [ -80.0503204, 47.0880773 ], [ -80.0501226, 47.0879899 ], [ -80.0500992, 47.0879035 ], [ -80.0503294, 47.0878218 ], [ -80.0506907, 47.0878258 ] ] ] } },
{ "type": "Feature", "properties": { "element": "way", "id": 294219829, "natural": "wood", "source": "NRCan-CanVec-10.0", "type": null }, "geometry": { "type": "Polygon", "coordinates": [ [ [ -80.1137917, 47.0136859 ], [ -80.1139222, 47.0137347 ], [ -80.1142756, 47.0140675 ], [ -80.1144527, 47.0140597 ], [ -80.1147658, 47.0138539 ], [ -80.114961, 47.013794 ], [ -80.1151634, 47.0137903 ], [ -80.1151507, 47.0139809 ], [ -80.114979, 47.0141271 ], [ -80.1147397, 47.0141982 ], [ -80.1143668, 47.0142291 ], [ -80.1141244, 47.0143088 ], [ -80.1137956, 47.0145212 ], [ -80.1137654, 47.014608 ], [ -80.1137706, 47.0151317 ], [ -80.1136025, 47.0153061 ], [ -80.1135137, 47.0152916 ], [ -80.1133246, 47.0151415 ], [ -80.1133162, 47.0150117 ], [ -80.1131241, 47.0148703 ], [ -80.1128987, 47.0148244 ], [ -80.1127579, 47.0147281 ], [ -80.1127181, 47.0146115 ], [ -80.1127411, 47.0144685 ], [ -80.1128433, 47.0143292 ], [ -80.1134932, 47.0138115 ], [ -80.1137096, 47.0136908 ], [ -80.1137917, 47.0136859 ] ] ] } },
{ "type": "Feature", "properties": { "element": "way", "id": 294219834, "natural": "wood", "source": "NRCan-CanVec-10.0", "type": null }, "geometry": { "type": "Polygon", "coordinates": [ [ [ -80.0325318, 47.0545784 ], [ -80.032611, 47.0545822 ], [ -80.0327009, 47.0546703 ], [ -80.0327361, 47.0551441 ], [ -80.032924, 47.0552208 ], [ -80.0331043, 47.0552045 ], [ -80.0332785, 47.054976 ], [ -80.0334892, 47.0548729 ], [ -80.033704, 47.0548347 ], [ -80.0338539, 47.0549051 ], [ -80.0340688, 47.0550964 ], [ -80.0342785, 47.0551491 ], [ -80.0344065, 47.0552435 ], [ -80.0344401, 47.0553774 ], [ -80.0342604, 47.05566 ], [ -80.0339253, 47.0559263 ], [ -80.033674, 47.0560686 ], [ -80.0334785, 47.0561284 ], [ -80.033225, 47.0561235 ], [ -80.033033, 47.055982 ], [ -80.0329288, 47.0557814 ], [ -80.0327759, 47.0557196 ], [ -80.0323919, 47.0556659 ], [ -80.0322217, 47.0555003 ], [ -80.0321424, 47.0552671 ], [ -80.0321465, 47.0551026 ], [ -80.0323957, 47.0548131 ], [ -80.0324028, 47.0546399 ], [ -80.0325318, 47.0545784 ] ] ] } },
{ "type": "Feature", "properties": { "element": "way", "id": 294219847, "natural": "wood", "source": "NRCan-CanVec-10.0", "type": null }, "geometry": { "type": "Polygon", "coordinates": [ [ [ -80.1036067, 47.072305 ], [ -80.1036756, 47.0724538 ], [ -80.1036421, 47.072742 ], [ -80.1037159, 47.0727999 ], [ -80.1037635, 47.0730095 ], [ -80.1036702, 47.0733154 ], [ -80.1036918, 47.0734841 ], [ -80.1038175, 47.0738165 ], [ -80.1037961, 47.0740699 ], [ -80.1035673, 47.0742253 ], [ -80.1032163, 47.074269 ], [ -80.1029307, 47.0742408 ], [ -80.1025581, 47.0739232 ], [ -80.1020942, 47.0736365 ], [ -80.102035, 47.0734984 ], [ -80.1020599, 47.0732731 ], [ -80.1022567, 47.0730942 ], [ -80.1025036, 47.0730794 ], [ -80.1027113, 47.0729847 ], [ -80.1027059, 47.0728463 ], [ -80.1026448, 47.0727904 ], [ -80.1026298, 47.0726412 ], [ -80.1026759, 47.0725478 ], [ -80.1028084, 47.0725143 ], [ -80.1029705, 47.0725499 ], [ -80.1032107, 47.0727083 ], [ -80.1033244, 47.0726902 ], [ -80.1033929, 47.0726096 ], [ -80.1033985, 47.0723628 ], [ -80.1036067, 47.072305 ] ] ] } },
{ "type": "Feature", "properties": { "element": "way", "id": 294219855, "natural": "wood", "source": "NRCan-CanVec-10.0", "type": null }, "geometry": { "type": "Polygon", "coordinates": [ [ [ -80.1039333, 47.0117293 ], [ -80.1041581, 47.0117384 ], [ -80.1043013, 47.0117893 ], [ -80.1046548, 47.0117369 ], [ -80.1048548, 47.0117787 ], [ -80.1053121, 47.0120826 ], [ -80.1055271, 47.0122737 ], [ -80.1057983, 47.0124188 ], [ -80.1068875, 47.0128717 ], [ -80.1073346, 47.0131281 ], [ -80.1073961, 47.0132207 ], [ -80.1074377, 47.0134476 ], [ -80.1074056, 47.0136166 ], [ -80.1070822, 47.0137748 ], [ -80.106855, 47.0138111 ], [ -80.1060537, 47.013763 ], [ -80.1056065, 47.0136992 ], [ -80.1052428, 47.013704 ], [ -80.104848, 47.0139515 ], [ -80.1046836, 47.0139614 ], [ -80.1044009, 47.0138877 ], [ -80.1043853, 47.0137017 ], [ -80.1043909, 47.013455 ], [ -80.1043075, 47.0133863 ], [ -80.1042279, 47.0131532 ], [ -80.103296, 47.0124416 ], [ -80.1032344, 47.012349 ], [ -80.1032127, 47.0121804 ], [ -80.1034087, 47.0119647 ], [ -80.103804, 47.011754 ], [ -80.1039333, 47.0117293 ] ] ] } },
{ "type": "Feature", "properties": { "element": "way", "id": 294219923, "natural": "wood", "source": "NRCan-CanVec-10.0", "type": null }, "geometry": { "type": "Polygon", "coordinates": [ [ [ -80.0882644, 47.0202705 ], [ -80.088436, 47.0203169 ], [ -80.0886317, 47.0204865 ], [ -80.0887964, 47.0213206 ], [ -80.0889442, 47.0216658 ], [ -80.0892254, 47.0220512 ], [ -80.0894954, 47.0223154 ], [ -80.0896348, 47.0225308 ], [ -80.0896228, 47.0229876 ], [ -80.0897471, 47.0232464 ], [ -80.089788, 47.0234365 ], [ -80.0896717, 47.0236927 ], [ -80.0896599, 47.0239568 ], [ -80.089574, 47.0241263 ], [ -80.0892375, 47.024475 ], [ -80.0892385, 47.0247412 ], [ -80.0896459, 47.0253031 ], [ -80.0896444, 47.0256147 ], [ -80.089433, 47.0260664 ], [ -80.089283, 47.0261887 ], [ -80.0891023, 47.0261683 ], [ -80.0889645, 47.0260633 ], [ -80.0888403, 47.0251899 ], [ -80.0888161, 47.0246447 ], [ -80.088881, 47.0243434 ], [ -80.0888553, 47.0241098 ], [ -80.0887587, 47.0240023 ], [ -80.0885856, 47.023653 ], [ -80.088463, 47.0228899 ], [ -80.0884142, 47.0227994 ], [ -80.0879684, 47.0207726 ], [ -80.0880044, 47.0204391 ], [ -80.088129, 47.0203126 ], [ -80.0882644, 47.0202705 ] ] ] } },
{ "type": "Feature", "properties": { "element": "way", "id": 294219998, "natural": "wood", "source": "NRCan-CanVec-10.0", "type": null }, "geometry": { "type": "Polygon", "coordinates": [ [ [ -80.033486, 47.0785768 ], [ -80.033731, 47.0786444 ], [ -80.0338977, 47.0787818 ], [ -80.0341499, 47.0791352 ], [ -80.0344464, 47.0799363 ], [ -80.0348222, 47.0805118 ], [ -80.0353336, 47.0810452 ], [ -80.0354933, 47.0813559 ], [ -80.0356159, 47.0817339 ], [ -80.0356106, 47.0824764 ], [ -80.0354959, 47.0826503 ], [ -80.0354171, 47.0826833 ], [ -80.0352047, 47.0826761 ], [ -80.034737, 47.0823241 ], [ -80.0344899, 47.0821093 ], [ -80.0344701, 47.082051 ], [ -80.0339836, 47.0817144 ], [ -80.0338967, 47.0816175 ], [ -80.0339017, 47.0815266 ], [ -80.0342259, 47.0813686 ], [ -80.0341445, 47.0812176 ], [ -80.0339148, 47.0811066 ], [ -80.0334945, 47.0809643 ], [ -80.0329486, 47.0806822 ], [ -80.0327774, 47.0806725 ], [ -80.0326386, 47.0807232 ], [ -80.0325137, 47.0808496 ], [ -80.0324868, 47.0809645 ], [ -80.0323054, 47.0811367 ], [ -80.0320559, 47.0811968 ], [ -80.0317612, 47.0811944 ], [ -80.0315132, 47.0811354 ], [ -80.0311681, 47.080932 ], [ -80.0309774, 47.0806714 ], [ -80.0307638, 47.0801316 ], [ -80.0307617, 47.079755 ], [ -80.0308861, 47.0795918 ], [ -80.0318, 47.078787 ], [ -80.0322172, 47.0787085 ], [ -80.0325191, 47.0787671 ], [ -80.032734, 47.0787289 ], [ -80.0330648, 47.0785904 ], [ -80.033486, 47.0785768 ] ] ] } },
{ "type": "Feature", "properties": { "element": "way", "id": 294220026, "natural": "wood", "source": "NRCan-CanVec-10.0", "type": null }, "geometry": { "type": "Polygon", "coordinates": [ [ [ -80.0388217, 47.086306 ], [ -80.0392593, 47.0863226 ], [ -80.0400971, 47.0866157 ], [ -80.0425241, 47.087894 ], [ -80.0431169, 47.0881194 ], [ -80.0434245, 47.0883533 ], [ -80.0435151, 47.0884783 ], [ -80.0435107, 47.0888355 ], [ -80.0428176, 47.0891259 ], [ -80.0423998, 47.0891677 ], [ -80.0418763, 47.0891279 ], [ -80.0413699, 47.0889624 ], [ -80.0409927, 47.0887355 ], [ -80.0406403, 47.0884759 ], [ -80.0404751, 47.0884489 ], [ -80.0402165, 47.088535 ], [ -80.0400473, 47.0886725 ], [ -80.0400168, 47.0887593 ], [ -80.0401043, 47.0888929 ], [ -80.0401059, 47.0890033 ], [ -80.0400216, 47.0890905 ], [ -80.0397842, 47.0891159 ], [ -80.0393735, 47.0889844 ], [ -80.0387183, 47.0890516 ], [ -80.0377888, 47.0892115 ], [ -80.0374544, 47.0893219 ], [ -80.0369331, 47.0896588 ], [ -80.0367272, 47.0896709 ], [ -80.0364725, 47.0895925 ], [ -80.0360378, 47.0893378 ], [ -80.0358868, 47.0891938 ], [ -80.0357876, 47.0889022 ], [ -80.0358079, 47.0887679 ], [ -80.0357662, 47.0887335 ], [ -80.0358261, 47.0884863 ], [ -80.0357095, 47.088091 ], [ -80.0357709, 47.0879542 ], [ -80.0358588, 47.0878951 ], [ -80.0358506, 47.0875359 ], [ -80.0357865, 47.0874887 ], [ -80.035788, 47.0873696 ], [ -80.0360547, 47.0871838 ], [ -80.0370391, 47.0868677 ], [ -80.0374989, 47.0866677 ], [ -80.0384548, 47.0863561 ], [ -80.0388217, 47.086306 ] ] ] } },
{ "type": "Feature", "properties": { "element": "way", "id": 294220047, "natural": "wood", "source": "NRCan-CanVec-10.0", "type": null }, "geometry": { "type": "Polygon", "coordinates": [ [ [ -80.1633464, 47.0625 ], [ -80.1643974, 47.0625 ], [ -80.1641809, 47.0626461 ], [ -80.1640358, 47.0626775 ], [ -80.1637756, 47.0626536 ], [ -80.1633464, 47.0625 ] ] ] } },
{ "type": "Feature", "properties": { "element": "way", "id": 294220059, "natural": "wood", "source": "NRCan-CanVec-10.0", "type": null }, "geometry": { "type": "Polygon", "coordinates": [ [ [ -80.0842812, 47.0281789 ], [ -80.0844148, 47.0282191 ], [ -80.0846292, 47.0283734 ], [ -80.0845625, 47.0285643 ], [ -80.0843374, 47.0287477 ], [ -80.0842713, 47.0289754 ], [ -80.0841958, 47.0294218 ], [ -80.0842621, 47.0296161 ], [ -80.0842516, 47.0297612 ], [ -80.0840483, 47.0299206 ], [ -80.0837774, 47.0300048 ], [ -80.0837151, 47.030068 ], [ -80.0837056, 47.0304793 ], [ -80.0836402, 47.0305512 ], [ -80.0834444, 47.0309962 ], [ -80.083224, 47.0312813 ], [ -80.0828839, 47.0316019 ], [ -80.0827159, 47.0315836 ], [ -80.0824145, 47.0313326 ], [ -80.0821642, 47.0313192 ], [ -80.0817527, 47.031729 ], [ -80.0816288, 47.0316996 ], [ -80.0815449, 47.0315941 ], [ -80.0815385, 47.0313821 ], [ -80.0814515, 47.0312853 ], [ -80.0813221, 47.0313101 ], [ -80.0810523, 47.0314678 ], [ -80.080932, 47.0314665 ], [ -80.0806378, 47.0312716 ], [ -80.080629, 47.0311051 ], [ -80.0808916, 47.0308911 ], [ -80.0810529, 47.0304679 ], [ -80.0811473, 47.0304283 ], [ -80.0814005, 47.030433 ], [ -80.0816152, 47.0303947 ], [ -80.0817082, 47.0304741 ], [ -80.0817775, 47.0306597 ], [ -80.081873, 47.0306936 ], [ -80.0820151, 47.030671 ], [ -80.0821089, 47.0305946 ], [ -80.0821819, 47.0301937 ], [ -80.0823573, 47.0300755 ], [ -80.082572, 47.0300372 ], [ -80.0827662, 47.0299038 ], [ -80.0827757, 47.0294925 ], [ -80.0831126, 47.0293733 ], [ -80.08336, 47.0292027 ], [ -80.0834998, 47.0290329 ], [ -80.0837913, 47.0284291 ], [ -80.0838688, 47.0283225 ], [ -80.0840817, 47.0281739 ], [ -80.0842812, 47.0281789 ] ] ] } },
{ "type": "Feature", "properties": { "element": "way", "id": 294220100, "natural": "wood", "source": "NRCan-CanVec-10.0", "type": null }, "geometry": { "type": "Polygon", "coordinates": [ [ [ -80.1649764, 47.0519795 ], [ -80.1653443, 47.0521952 ], [ -80.1653184, 47.0523469 ], [ -80.1651248, 47.0523247 ], [ -80.164766, 47.052083 ], [ -80.1647611, 47.0519813 ], [ -80.1649764, 47.0519795 ] ] ] } },
{ "type": "Feature", "properties": { "element": "way", "id": 294220101, "natural": "wood", "source": "NRCan-CanVec-10.0", "type": null }, "geometry": { "type": "Polygon", "coordinates": [ [ [ -80.1003151, 47.0033421 ], [ -80.100503, 47.0034187 ], [ -80.100559, 47.0035654 ], [ -80.1003874, 47.0037117 ], [ -80.100098, 47.0036186 ], [ -80.1000921, 47.0034433 ], [ -80.1003151, 47.0033421 ] ] ] } },
{ "type": "Feature", "properties": { "element": "way", "id": 294220102, "natural": "wood", "source": "NRCan-CanVec-10.0", "type": null }, "geometry": { "type": "Polygon", "coordinates": [ [ [ -80.1607877, 47.0850275 ], [ -80.1609645, 47.0851754 ], [ -80.1609362, 47.0853727 ], [ -80.1608702, 47.0854078 ], [ -80.1607492, 47.0853698 ], [ -80.1606612, 47.0850436 ], [ -80.1607877, 47.0850275 ] ] ] } },
{ "type": "Feature", "properties": { "element": "way", "id": 294220104, "natural": "wood", "source": "NRCan-CanVec-10.0", "type": null }, "geometry": { "type": "Polygon", "coordinates": [ [ [ -80.1947906, 47.0100558 ], [ -80.1949001, 47.0101653 ], [ -80.1946268, 47.0104511 ], [ -80.1945096, 47.0104412 ], [ -80.194516, 47.010268 ], [ -80.1946142, 47.0101006 ], [ -80.1947906, 47.0100558 ] ] ] } },
{ "type": "Feature", "properties": { "element": "way", "id": 294220106, "natural": "wood", "source": "NRCan-CanVec-10.0", "type": null }, "geometry": { "type": "Polygon", "coordinates": [ [ [ -80.0389714, 47.0249584 ], [ -80.0390983, 47.0249792 ], [ -80.0392598, 47.0252075 ], [ -80.0392238, 47.0253484 ], [ -80.0390908, 47.025345 ], [ -80.0389152, 47.0252336 ], [ -80.0389714, 47.0249584 ] ] ] } },
{ "type": "Feature", "properties": { "element": "way", "id": 294220109, "natural": "wood", "source": "NRCan-CanVec-10.0", "type": null }, "geometry": { "type": "Polygon", "coordinates": [ [ [ -80.0121069, 47.0158261 ], [ -80.0122343, 47.0158837 ], [ -80.0122668, 47.0159441 ], [ -80.0119775, 47.0163095 ], [ -80.0118664, 47.0162821 ], [ -80.0119344, 47.0159354 ], [ -80.0121069, 47.0158261 ] ] ] } },
{ "type": "Feature", "properties": { "element": "way", "id": 294220117, "natural": "wood", "source": "NRCan-CanVec-10.0", "type": null }, "geometry": { "type": "Polygon", "coordinates": [ [ [ -80.1825665, 47.0450295 ], [ -80.1826724, 47.0451109 ], [ -80.1826636, 47.0453296 ], [ -80.182292, 47.045627 ], [ -80.180729, 47.046419 ], [ -80.179774, 47.0468511 ], [ -80.1794965, 47.0469161 ], [ -80.1790887, 47.0467766 ], [ -80.1786594, 47.0468537 ], [ -80.1783548, 47.0469969 ], [ -80.1783119, 47.0470816 ], [ -80.1784146, 47.0475202 ], [ -80.1784094, 47.0477669 ], [ -80.1782451, 47.0479696 ], [ -80.177914, 47.0482277 ], [ -80.1778276, 47.0483604 ], [ -80.1777746, 47.0485903 ], [ -80.1778993, 47.0486564 ], [ -80.1781503, 47.0487063 ], [ -80.1781958, 47.0487687 ], [ -80.1781111, 47.0488191 ], [ -80.1777755, 47.0488197 ], [ -80.1776413, 47.0489355 ], [ -80.1776366, 47.0490265 ], [ -80.1774385, 47.0492878 ], [ -80.1771907, 47.0494219 ], [ -80.1769941, 47.0494083 ], [ -80.1767218, 47.0492266 ], [ -80.1767239, 47.0489885 ], [ -80.1767976, 47.0488537 ], [ -80.1768041, 47.0486805 ], [ -80.176614, 47.0484937 ], [ -80.1766054, 47.0483639 ], [ -80.1771527, 47.0477924 ], [ -80.1769402, 47.0475928 ], [ -80.1767721, 47.0475747 ], [ -80.1766095, 47.0476951 ], [ -80.1760557, 47.0484398 ], [ -80.1757155, 47.048724 ], [ -80.1754313, 47.0487696 ], [ -80.175314, 47.0487597 ], [ -80.175306, 47.0486667 ], [ -80.1752981, 47.0485737 ], [ -80.1754576, 47.048462 ], [ -80.1756311, 47.048426 ], [ -80.1761079, 47.0479805 ], [ -80.1762067, 47.0476572 ], [ -80.1761861, 47.0475622 ], [ -80.1762276, 47.0474038 ], [ -80.1767203, 47.0466033 ], [ -80.177186, 47.0460735 ], [ -80.1773921, 47.0459052 ], [ -80.177768, 47.0456727 ], [ -80.1783249, 47.045653 ], [ -80.1786401, 47.04575 ], [ -80.1790498, 47.0459999 ], [ -80.1794702, 47.0461415 ], [ -80.1798978, 47.0461466 ], [ -80.1804715, 47.0460012 ], [ -80.1808173, 47.0458555 ], [ -80.1820054, 47.045177 ], [ -80.1823294, 47.0450553 ], [ -80.1825665, 47.0450295 ] ] ] } },
{ "type": "Feature", "properties": { "element": "way", "id": 294220120, "natural": "wood", "source": "NRCan-CanVec-10.0", "type": null }, "geometry": { "type": "Polygon", "coordinates": [ [ [ -80.041067, 47.0928134 ], [ -80.0412892, 47.0928314 ], [ -80.0417117, 47.0931208 ], [ -80.0423994, 47.0937656 ], [ -80.0424518, 47.0938843 ], [ -80.0427422, 47.0942439 ], [ -80.0428501, 47.0944726 ], [ -80.0430319, 47.0949888 ], [ -80.0429583, 47.0951603 ], [ -80.0428795, 47.0951933 ], [ -80.0425144, 47.0949317 ], [ -80.0423187, 47.0949914 ], [ -80.0420887, 47.095532 ], [ -80.0420044, 47.0956191 ], [ -80.0419653, 47.0957688 ], [ -80.0420493, 47.0958743 ], [ -80.0421449, 47.0959083 ], [ -80.0425124, 47.095895 ], [ -80.0427005, 47.0959717 ], [ -80.0427993, 47.0962265 ], [ -80.0427765, 47.0964063 ], [ -80.0425824, 47.0965764 ], [ -80.0425362, 47.0966698 ], [ -80.0425973, 47.0967257 ], [ -80.0426176, 47.0968208 ], [ -80.0426944, 47.0968701 ], [ -80.0427087, 47.0969826 ], [ -80.0427698, 47.0970385 ], [ -80.0428334, 47.0972783 ], [ -80.0428945, 47.0973342 ], [ -80.0429308, 47.0976522 ], [ -80.0428654, 47.0979535 ], [ -80.0425318, 47.0987892 ], [ -80.0424685, 47.0992378 ], [ -80.0423258, 47.099453 ], [ -80.0421505, 47.0996079 ], [ -80.0418561, 47.0996424 ], [ -80.041726, 47.0996302 ], [ -80.0414193, 47.0994699 ], [ -80.0413547, 47.0993859 ], [ -80.041348, 47.099137 ], [ -80.0415481, 47.09872 ], [ -80.0418267, 47.0978111 ], [ -80.0418701, 47.0973043 ], [ -80.0420168, 47.0969244 ], [ -80.0422788, 47.0964075 ], [ -80.04229, 47.0962991 ], [ -80.0421369, 47.0962374 ], [ -80.0416799, 47.0961993 ], [ -80.0413647, 47.0961019 ], [ -80.0410453, 47.0959395 ], [ -80.0407951, 47.0957333 ], [ -80.0406908, 47.0955327 ], [ -80.0405879, 47.095213 ], [ -80.0405669, 47.0948516 ], [ -80.0402056, 47.0941959 ], [ -80.0401191, 47.0939064 ], [ -80.0401485, 47.093746 ], [ -80.0403207, 47.0935998 ], [ -80.0404375, 47.0933436 ], [ -80.0404338, 47.093086 ], [ -80.0408297, 47.0928388 ], [ -80.041067, 47.0928134 ] ] ] } },
{ "type": "Feature", "properties": { "element": "way", "id": 294220146, "natural": "wood", "source": "NRCan-CanVec-10.0", "type": null }, "geometry": { "type": "Polygon", "coordinates": [ [ [ -80.06001, 47.0771811 ], [ -80.0602596, 47.0773503 ], [ -80.0603585, 47.0776051 ], [ -80.0602803, 47.0776749 ], [ -80.0601339, 47.0776326 ], [ -80.0598577, 47.0773856 ], [ -80.0598362, 47.0772169 ], [ -80.06001, 47.0771811 ] ] ] } },
{ "type": "Feature", "properties": { "element": "way", "id": 294220148, "natural": "wood", "source": "NRCan-CanVec-10.0", "type": null }, "geometry": { "type": "Polygon", "coordinates": [ [ [ -80.0931552, 47.0075298 ], [ -80.0932917, 47.0075613 ], [ -80.0932686, 47.0077043 ], [ -80.0930225, 47.0079485 ], [ -80.0928074, 47.00795 ], [ -80.0927718, 47.0078983 ], [ -80.0927858, 47.0077814 ], [ -80.0931552, 47.0075298 ] ] ] } },
{ "type": "Feature", "properties": { "element": "way", "id": 294220149, "natural": "wood", "source": "NRCan-CanVec-10.0", "type": null }, "geometry": { "type": "Polygon", "coordinates": [ [ [ -80.0819228, 47.0283624 ], [ -80.0820842, 47.0283613 ], [ -80.0821047, 47.0284564 ], [ -80.0820005, 47.0286778 ], [ -80.0818576, 47.0288563 ], [ -80.0817682, 47.028805 ], [ -80.0817637, 47.0285107 ], [ -80.0819228, 47.0283624 ] ] ] } },
{ "type": "Feature", "properties": { "element": "way", "id": 294220150, "natural": "wood", "source": "NRCan-CanVec-10.0", "type": null }, "geometry": { "type": "Polygon", "coordinates": [ [ [ -80.1336986, 47.061866 ], [ -80.1341463, 47.0621223 ], [ -80.1341892, 47.0622302 ], [ -80.134136, 47.0622674 ], [ -80.13392, 47.0622323 ], [ -80.1336441, 47.0620223 ], [ -80.1336042, 47.0619057 ], [ -80.1336986, 47.061866 ] ] ] } },
{ "type": "Feature", "properties": { "element": "way", "id": 294220152, "natural": "wood", "source": "NRCan-CanVec-10.0", "type": null }, "geometry": { "type": "Polygon", "coordinates": [ [ [ -80.1083661, 47.014131 ], [ -80.1084839, 47.0141778 ], [ -80.1085298, 47.014277 ], [ -80.1083949, 47.0145485 ], [ -80.1082879, 47.0145861 ], [ -80.1082015, 47.0145261 ], [ -80.108244, 47.014212 ], [ -80.1083661, 47.014131 ] ] ] } },
{ "type": "Feature", "properties": { "element": "way", "id": 294220153, "natural": "wood", "source": "NRCan-CanVec-10.0", "type": null }, "geometry": { "type": "Polygon", "coordinates": [ [ [ -80.0130401, 47.0060971 ], [ -80.0135058, 47.0061461 ], [ -80.0136266, 47.0061843 ], [ -80.0135961, 47.006271 ], [ -80.0134734, 47.0063151 ], [ -80.012998, 47.0062554 ], [ -80.0128925, 47.0061738 ], [ -80.0130401, 47.0060971 ] ] ] } },
{ "type": "Feature", "properties": { "element": "way", "id": 294220155, "natural": "wood", "source": "NRCan-CanVec-10.0", "type": null }, "geometry": { "type": "Polygon", "coordinates": [ [ [ -80.0438953, 47.0035898 ], [ -80.0439658, 47.0036565 ], [ -80.0439817, 47.0038792 ], [ -80.0439107, 47.0040052 ], [ -80.0437651, 47.0039997 ], [ -80.0437382, 47.0038852 ], [ -80.0437943, 47.00361 ], [ -80.0438953, 47.0035898 ] ] ] } },
{ "type": "Feature", "properties": { "element": "way", "id": 294220157, "natural": "wood", "source": "NRCan-CanVec-10.0", "type": null }, "geometry": { "type": "Polygon", "coordinates": [ [ [ -80.190111, 47.0408787 ], [ -80.1903487, 47.0408897 ], [ -80.1905926, 47.041076 ], [ -80.1905735, 47.0412471 ], [ -80.1898942, 47.0415038 ], [ -80.1896823, 47.0413411 ], [ -80.1897008, 47.0411332 ], [ -80.190111, 47.0408787 ] ] ] } },
{ "type": "Feature", "properties": { "element": "way", "id": 294220158, "natural": "wood", "source": "NRCan-CanVec-10.0", "type": null }, "geometry": { "type": "Polygon", "coordinates": [ [ [ -80.0363221, 47.0812529 ], [ -80.0365249, 47.0812494 ], [ -80.0366215, 47.081357 ], [ -80.036708, 47.0816465 ], [ -80.0366201, 47.0817055 ], [ -80.0364834, 47.081674 ], [ -80.0363131, 47.0815084 ], [ -80.0363221, 47.0812529 ] ] ] } },
{ "type": "Feature", "properties": { "element": "way", "id": 294220159, "natural": "wood", "source": "NRCan-CanVec-10.0", "type": null }, "geometry": { "type": "Polygon", "coordinates": [ [ [ -80.0958721, 47.097442 ], [ -80.0959871, 47.0974975 ], [ -80.0959181, 47.0975413 ], [ -80.0957316, 47.0975751 ], [ -80.0954779, 47.0975705 ], [ -80.0953217, 47.0975175 ], [ -80.0953648, 47.0974327 ], [ -80.0958721, 47.097442 ] ] ] } },
{ "type": "Feature", "properties": { "element": "way", "id": 294220160, "natural": "wood", "source": "NRCan-CanVec-10.0", "type": null }, "geometry": { "type": "Polygon", "coordinates": [ [ [ -80.1691801, 47.0643288 ], [ -80.1692285, 47.0643826 ], [ -80.1692093, 47.0645537 ], [ -80.16906, 47.0647129 ], [ -80.1689142, 47.0647076 ], [ -80.1688905, 47.0646212 ], [ -80.1690349, 47.0643603 ], [ -80.1691801, 47.0643288 ] ] ] } },
{ "type": "Feature", "properties": { "element": "way", "id": 294220161, "natural": "wood", "source": "NRCan-CanVec-10.0", "type": null }, "geometry": { "type": "Polygon", "coordinates": [ [ [ -80.121267, 47.055476 ], [ -80.12142, 47.0555376 ], [ -80.1214181, 47.0556198 ], [ -80.1212959, 47.0557008 ], [ -80.1211725, 47.0557083 ], [ -80.121051, 47.0556334 ], [ -80.1210873, 47.0555293 ], [ -80.121267, 47.055476 ] ] ] } },
{ "type": "Feature", "properties": { "element": "way", "id": 294220163, "natural": "wood", "source": "NRCan-CanVec-10.0", "type": null }, "geometry": { "type": "Polygon", "coordinates": [ [ [ -80.1140184, 47.0221156 ], [ -80.1141084, 47.0222037 ], [ -80.1140812, 47.0222818 ], [ -80.1138859, 47.0223417 ], [ -80.1137173, 47.0222867 ], [ -80.1137156, 47.0221763 ], [ -80.1138413, 47.0221235 ], [ -80.1140184, 47.0221156 ] ] ] } },
{ "type": "Feature", "properties": { "element": "way", "id": 294220164, "natural": "wood", "source": "NRCan-CanVec-10.0", "type": null }, "geometry": { "type": "Polygon", "coordinates": [ [ [ -80.0431253, 47.0325572 ], [ -80.0432532, 47.0326516 ], [ -80.0432234, 47.0327751 ], [ -80.0428849, 47.0330133 ], [ -80.0427677, 47.0330033 ], [ -80.0427999, 47.0326048 ], [ -80.0430908, 47.0325791 ], [ -80.0431253, 47.0325572 ] ] ] } },
{ "type": "Feature", "properties": { "element": "way", "id": 294220167, "natural": "wood", "source": "NRCan-CanVec-10.0", "type": null }, "geometry": { "type": "Polygon", "coordinates": [ [ [ -80.1133974, 47.0626433 ], [ -80.1135438, 47.0626855 ], [ -80.1136441, 47.0628211 ], [ -80.1135667, 47.0629277 ], [ -80.1133005, 47.0629211 ], [ -80.1131511, 47.0628876 ], [ -80.1131445, 47.0626755 ], [ -80.1133974, 47.0626433 ] ] ] } },
{ "type": "Feature", "properties": { "element": "way", "id": 294220171, "natural": "wood", "source": "NRCan-CanVec-10.0", "type": null }, "geometry": { "type": "Polygon", "coordinates": [ [ [ -80.0965971, 47.091293 ], [ -80.0968864, 47.0913494 ], [ -80.0972695, 47.0915219 ], [ -80.0978418, 47.0920373 ], [ -80.0983604, 47.0923604 ], [ -80.0988318, 47.0925107 ], [ -80.098951, 47.092631 ], [ -80.0990465, 47.0928576 ], [ -80.0990632, 47.0931173 ], [ -80.0992422, 47.0934125 ], [ -80.0998931, 47.0940875 ], [ -80.1000243, 47.0943658 ], [ -80.1001562, 47.0944882 ], [ -80.1001858, 47.0945573 ], [ -80.1004767, 47.0949167 ], [ -80.100672, 47.0952421 ], [ -80.1011928, 47.0959051 ], [ -80.1012327, 47.0960217 ], [ -80.1014009, 47.0962326 ], [ -80.1018749, 47.0971449 ], [ -80.101911, 47.097426 ], [ -80.1019818, 47.0974926 ], [ -80.1019967, 47.0978345 ], [ -80.1020958, 47.0980893 ], [ -80.1020116, 47.0981765 ], [ -80.1019813, 47.0982633 ], [ -80.1017517, 47.0983819 ], [ -80.1013086, 47.0982271 ], [ -80.1009544, 47.0982795 ], [ -80.100679, 47.0981062 ], [ -80.1004986, 47.0981226 ], [ -80.1003229, 47.0982408 ], [ -80.1002901, 47.0983731 ], [ -80.1001756, 47.0985471 ], [ -80.1000084, 47.0986025 ], [ -80.0998534, 47.0986231 ], [ -80.0994327, 47.0984811 ], [ -80.0990524, 47.0984926 ], [ -80.0987915, 47.0984317 ], [ -80.0984107, 47.0984064 ], [ -80.0982665, 47.0985113 ], [ -80.0982422, 47.0985808 ], [ -80.0980914, 47.0986663 ], [ -80.0978377, 47.0986617 ], [ -80.0977039, 47.0986215 ], [ -80.097365, 47.0984378 ], [ -80.0970081, 47.0981135 ], [ -80.096904, 47.0979497 ], [ -80.0967243, 47.0978103 ], [ -80.0964886, 47.0973315 ], [ -80.0962254, 47.0971234 ], [ -80.0957334, 47.0960705 ], [ -80.0955778, 47.0954396 ], [ -80.0951634, 47.0950875 ], [ -80.095221, 47.0949226 ], [ -80.0955693, 47.0946949 ], [ -80.0967145, 47.0943402 ], [ -80.0968623, 47.0942634 ], [ -80.0969108, 47.0941245 ], [ -80.0966518, 47.0939813 ], [ -80.0965277, 47.0939519 ], [ -80.0961126, 47.0937558 ], [ -80.0956733, 47.0934364 ], [ -80.095619, 47.0932073 ], [ -80.0956543, 47.0930296 ], [ -80.095832, 47.0926365 ], [ -80.0958547, 47.0922639 ], [ -80.0956959, 47.0918343 ], [ -80.0957178, 47.0916177 ], [ -80.0959595, 47.0914644 ], [ -80.0963441, 47.0913252 ], [ -80.0965971, 47.091293 ] ] ] } },
{ "type": "Feature", "properties": { "element": "way", "id": 294220179, "natural": "wood", "source": "NRCan-CanVec-10.0", "type": null }, "geometry": { "type": "Polygon", "coordinates": [ [ [ -80.0942512, 47.0796704 ], [ -80.0943916, 47.07973 ], [ -80.0944696, 47.0798528 ], [ -80.0945449, 47.0802138 ], [ -80.094785, 47.0803722 ], [ -80.0949787, 47.0803946 ], [ -80.0952032, 47.080367 ], [ -80.0954411, 47.0803783 ], [ -80.0955378, 47.0804858 ], [ -80.0956035, 47.080836 ], [ -80.0955259, 47.0809426 ], [ -80.0953334, 47.0809938 ], [ -80.0952111, 47.0810748 ], [ -80.0951702, 47.0814994 ], [ -80.0951078, 47.0815626 ], [ -80.0950853, 47.0817424 ], [ -80.0949683, 47.0819619 ], [ -80.0944114, 47.0840549 ], [ -80.0942422, 47.0843852 ], [ -80.0940956, 47.0845356 ], [ -80.0940683, 47.0846137 ], [ -80.0934365, 47.085153 ], [ -80.0933747, 47.085253 ], [ -80.0931741, 47.0862113 ], [ -80.092973, 47.0863253 ], [ -80.0927321, 47.0863227 ], [ -80.0918449, 47.0861322 ], [ -80.091644, 47.0860535 ], [ -80.0914124, 47.0858322 ], [ -80.0912946, 47.0855928 ], [ -80.0910715, 47.0853087 ], [ -80.0908538, 47.085163 ], [ -80.0905711, 47.0851261 ], [ -80.0903308, 47.0851603 ], [ -80.0897985, 47.0853763 ], [ -80.0889755, 47.0858477 ], [ -80.0888992, 47.0858352 ], [ -80.0888381, 47.0857794 ], [ -80.0888831, 47.0856124 ], [ -80.0891291, 47.0853313 ], [ -80.0891686, 47.0852185 ], [ -80.0894643, 47.0848722 ], [ -80.0894783, 47.0847552 ], [ -80.0896324, 47.0844683 ], [ -80.0899523, 47.0834378 ], [ -80.09012, 47.0834193 ], [ -80.0901974, 47.0835053 ], [ -80.0902276, 47.0836111 ], [ -80.0901663, 47.083748 ], [ -80.0902219, 47.083858 ], [ -80.0903968, 47.0838957 ], [ -80.090631, 47.0838788 ], [ -80.0910326, 47.083614 ], [ -80.0911126, 47.0834619 ], [ -80.0911285, 47.0832626 ], [ -80.0910456, 47.082616 ], [ -80.0911281, 47.0824184 ], [ -80.0914474, 47.0821585 ], [ -80.0914481, 47.0820026 ], [ -80.0915293, 47.0819241 ], [ -80.0915518, 47.0817443 ], [ -80.091761, 47.0813379 ], [ -80.0920688, 47.0803421 ], [ -80.0921555, 47.0802095 ], [ -80.0922809, 47.0801198 ], [ -80.0924908, 47.0801724 ], [ -80.0926837, 47.0803507 ], [ -80.0927569, 47.0803718 ], [ -80.0929052, 47.0803317 ], [ -80.0931814, 47.0801566 ], [ -80.0935192, 47.080074 ], [ -80.0941001, 47.0801412 ], [ -80.0941523, 47.0800305 ], [ -80.094112, 47.0796844 ], [ -80.0942512, 47.0796704 ] ] ] } },
{ "type": "Feature", "properties": { "element": "way", "id": 294220185, "natural": "wood", "source": "NRCan-CanVec-10.0", "type": null }, "geometry": { "type": "Polygon", "coordinates": [ [ [ -80.1107135, 47.0087445 ], [ -80.1115358, 47.0089245 ], [ -80.1120325, 47.008923 ], [ -80.1123195, 47.0088689 ], [ -80.1126748, 47.0089268 ], [ -80.1130644, 47.0091555 ], [ -80.1134075, 47.0092481 ], [ -80.113645, 47.0092593 ], [ -80.1138594, 47.0094135 ], [ -80.1139023, 47.0095214 ], [ -80.1138231, 47.0097103 ], [ -80.113832, 47.0098768 ], [ -80.1140095, 47.010291 ], [ -80.1142439, 47.0105035 ], [ -80.1146831, 47.0106668 ], [ -80.1148976, 47.010821 ], [ -80.1149893, 47.0110195 ], [ -80.1149512, 47.0112058 ], [ -80.1147408, 47.0115017 ], [ -80.1147232, 47.0115906 ], [ -80.1148838, 47.0119378 ], [ -80.1149545, 47.0120044 ], [ -80.1149833, 47.0124218 ], [ -80.114805, 47.0125487 ], [ -80.1144593, 47.0126941 ], [ -80.1139952, 47.012756 ], [ -80.113279, 47.0130795 ], [ -80.1129659, 47.0130926 ], [ -80.1129158, 47.0131211 ], [ -80.1126626, 47.0131165 ], [ -80.112326, 47.0130433 ], [ -80.1117526, 47.0129957 ], [ -80.1112335, 47.0129844 ], [ -80.1105615, 47.0131041 ], [ -80.1101566, 47.0131114 ], [ -80.1098666, 47.0129816 ], [ -80.109671, 47.0126195 ], [ -80.1095051, 47.0121338 ], [ -80.1094798, 47.011937 ], [ -80.1092424, 47.0117332 ], [ -80.1089125, 47.0116794 ], [ -80.1085294, 47.0116628 ], [ -80.1083168, 47.0116189 ], [ -80.1080745, 47.011506 ], [ -80.1079839, 47.0113812 ], [ -80.1077852, 47.0112203 ], [ -80.1074837, 47.011162 ], [ -80.1067302, 47.0111308 ], [ -80.106361, 47.0111898 ], [ -80.1055634, 47.0111697 ], [ -80.1054897, 47.0111118 ], [ -80.1054826, 47.010863 ], [ -80.1053932, 47.0108117 ], [ -80.1051836, 47.0107592 ], [ -80.1050646, 47.0106389 ], [ -80.1050738, 47.0104202 ], [ -80.1051361, 47.010357 ], [ -80.1051972, 47.0102202 ], [ -80.1053248, 47.0100851 ], [ -80.1054855, 47.0100471 ], [ -80.1058529, 47.0100704 ], [ -80.1069827, 47.0102914 ], [ -80.1076063, 47.0103106 ], [ -80.107909, 47.0102499 ], [ -80.1081417, 47.0101595 ], [ -80.1082566, 47.0100223 ], [ -80.1082308, 47.0097888 ], [ -80.1079186, 47.0094535 ], [ -80.1077301, 47.0093402 ], [ -80.1075773, 47.0092786 ], [ -80.1076137, 47.0089818 ], [ -80.1078397, 47.0088719 ], [ -80.1083449, 47.0088076 ], [ -80.1096144, 47.0088588 ], [ -80.1100253, 47.0088341 ], [ -80.1103467, 47.0087581 ], [ -80.1107135, 47.0087445 ] ] ] } },
{ "type": "Feature", "properties": { "element": "way", "id": 294220195, "natural": "wood", "source": "NRCan-CanVec-10.0", "type": null }, "geometry": { "type": "Polygon", "coordinates": [ [ [ -80.1013077, 47.073389 ], [ -80.1016386, 47.0734797 ], [ -80.1017185, 47.0735202 ], [ -80.1016724, 47.0736136 ], [ -80.1014631, 47.0735979 ], [ -80.1012816, 47.0735407 ], [ -80.1011727, 47.0734679 ], [ -80.1012066, 47.0734092 ], [ -80.1013077, 47.073389 ] ] ] } },
{ "type": "Feature", "properties": { "element": "way", "id": 294220196, "natural": "wood", "source": "NRCan-CanVec-10.0", "type": null }, "geometry": { "type": "Polygon", "coordinates": [ [ [ -80.1082728, 47.0146295 ], [ -80.1083308, 47.014694 ], [ -80.1083608, 47.0149924 ], [ -80.1083995, 47.0150354 ], [ -80.1082338, 47.0151643 ], [ -80.1080912, 47.0151502 ], [ -80.1079946, 47.0150427 ], [ -80.1081537, 47.0147018 ], [ -80.1082728, 47.0146295 ] ] ] } },
{ "type": "Feature", "properties": { "element": "way", "id": 294220198, "natural": "wood", "source": "NRCan-CanVec-10.0", "type": null }, "geometry": { "type": "Polygon", "coordinates": [ [ [ -80.1599892, 47.0484914 ], [ -80.1600684, 47.0484951 ], [ -80.160181, 47.0485959 ], [ -80.1601641, 47.0487216 ], [ -80.1600456, 47.0488308 ], [ -80.1598842, 47.0488321 ], [ -80.1598412, 47.0487242 ], [ -80.1598477, 47.048551 ], [ -80.1599892, 47.0484914 ] ] ] } },
{ "type": "Feature", "properties": { "element": "way", "id": 294220199, "natural": "wood", "source": "NRCan-CanVec-10.0", "type": null }, "geometry": { "type": "Polygon", "coordinates": [ [ [ -80.0045, 47.0098502 ], [ -80.0047126, 47.0098943 ], [ -80.0048404, 47.0099887 ], [ -80.0048003, 47.0100647 ], [ -80.0045862, 47.0101397 ], [ -80.0043863, 47.0100976 ], [ -80.0043381, 47.0100438 ], [ -80.0043777, 47.0099311 ], [ -80.0045, 47.0098502 ] ] ] } },
{ "type": "Feature", "properties": { "element": "way", "id": 294220206, "natural": "wood", "source": "NRCan-CanVec-10.0", "type": null }, "geometry": { "type": "Polygon", "coordinates": [ [ [ -80.1571913, 47.0854436 ], [ -80.1573596, 47.0854617 ], [ -80.1574207, 47.0855175 ], [ -80.1573494, 47.0856069 ], [ -80.1572271, 47.0856879 ], [ -80.1570873, 47.0856652 ], [ -80.1570231, 47.0856181 ], [ -80.1570503, 47.08554 ], [ -80.1571913, 47.0854436 ] ] ] } },
{ "type": "Feature", "properties": { "element": "way", "id": 294220208, "natural": "wood", "source": "NRCan-CanVec-10.0", "type": null }, "geometry": { "type": "Polygon", "coordinates": [ [ [ -80.1068893, 47.0077905 ], [ -80.1070259, 47.0078219 ], [ -80.1071158, 47.00791 ], [ -80.1071145, 47.008029 ], [ -80.1067247, 47.0081855 ], [ -80.1065598, 47.0081586 ], [ -80.1064463, 47.0079842 ], [ -80.1065684, 47.0079032 ], [ -80.1068893, 47.0077905 ] ] ] } },
{ "type": "Feature", "properties": { "element": "way", "id": 294220210, "natural": "wood", "source": "NRCan-CanVec-10.0", "type": null }, "geometry": { "type": "Polygon", "coordinates": [ [ [ -80.1208422, 47.0558471 ], [ -80.1209693, 47.0558678 ], [ -80.1210624, 47.0559472 ], [ -80.1211095, 47.05612 ], [ -80.1210533, 47.0561659 ], [ -80.1209045, 47.0561692 ], [ -80.1207539, 47.0560621 ], [ -80.1207575, 47.0558975 ], [ -80.1208422, 47.0558471 ] ] ] } },
{ "type": "Feature", "properties": { "element": "way", "id": 294220214, "natural": "wood", "source": "NRCan-CanVec-10.0", "type": null }, "geometry": { "type": "Polygon", "coordinates": [ [ [ -80.0138914, 47.0056589 ], [ -80.0139741, 47.0056908 ], [ -80.0140101, 47.0057793 ], [ -80.0139244, 47.0059854 ], [ -80.0138807, 47.0060333 ], [ -80.013795, 47.0060101 ], [ -80.0137621, 47.0059129 ], [ -80.0138163, 47.0057199 ], [ -80.0138914, 47.0056589 ] ] ] } },
{ "type": "Feature", "properties": { "element": "way", "id": 294220215, "natural": "wood", "source": "NRCan-CanVec-10.0", "type": null }, "geometry": { "type": "Polygon", "coordinates": [ [ [ -80.0739221, 47.055891 ], [ -80.0740218, 47.0559899 ], [ -80.0741032, 47.0561408 ], [ -80.0740262, 47.0562842 ], [ -80.0738647, 47.0562853 ], [ -80.0737656, 47.0562233 ], [ -80.0737197, 47.056124 ], [ -80.0738053, 47.0559178 ], [ -80.0739221, 47.055891 ] ] ] } },
{ "type": "Feature", "properties": { "element": "way", "id": 294220306, "natural": "wood", "source": "NRCan-CanVec-10.0", "type": null }, "geometry": { "type": "Polygon", "coordinates": [ [ [ -80.0904791, 47.0057077 ], [ -80.090817, 47.0060839 ], [ -80.0908441, 47.0061984 ], [ -80.0906631, 47.0065633 ], [ -80.0904891, 47.0065624 ], [ -80.0900869, 47.0063316 ], [ -80.090078, 47.006165 ], [ -80.0902486, 47.0059452 ], [ -80.090334, 47.005739 ], [ -80.0904791, 47.0057077 ] ] ] } },
{ "type": "Feature", "properties": { "element": "way", "id": 294220323, "natural": "wood", "source": "NRCan-CanVec-10.0", "type": null }, "geometry": { "type": "Polygon", "coordinates": [ [ [ -80.0992772, 47.0920052 ], [ -80.099509, 47.0920338 ], [ -80.0997238, 47.0921881 ], [ -80.0996916, 47.0923572 ], [ -80.0995245, 47.0924125 ], [ -80.0991855, 47.0924215 ], [ -80.0987927, 47.0922382 ], [ -80.0987244, 47.0921261 ], [ -80.0988691, 47.0920579 ], [ -80.0992772, 47.0920052 ] ] ] } },
{ "type": "Feature", "properties": { "element": "way", "id": 294220326, "natural": "wood", "source": "NRCan-CanVec-10.0", "type": null }, "geometry": { "type": "Polygon", "coordinates": [ [ [ -80.1849175, 47.0424302 ], [ -80.18507, 47.042455 ], [ -80.1851722, 47.0425082 ], [ -80.1851712, 47.0426273 ], [ -80.1850902, 47.0427059 ], [ -80.1850207, 47.0427129 ], [ -80.1848913, 47.0427378 ], [ -80.1847219, 47.0426461 ], [ -80.1847634, 47.0424878 ], [ -80.1849175, 47.0424302 ] ] ] } },
{ "type": "Feature", "properties": { "element": "way", "id": 294220367, "natural": "wood", "source": "NRCan-CanVec-10.0", "type": null }, "geometry": { "type": "Polygon", "coordinates": [ [ [ -80.0997814, 47.0728374 ], [ -80.1000888, 47.0728417 ], [ -80.1004106, 47.0729584 ], [ -80.1005806, 47.073087 ], [ -80.1006422, 47.0731796 ], [ -80.1005865, 47.0732623 ], [ -80.1003741, 47.0732552 ], [ -80.0999766, 47.0731628 ], [ -80.0997607, 47.072935 ], [ -80.0997814, 47.0728374 ] ] ] } },
{ "type": "Feature", "properties": { "element": "way", "id": 294220370, "natural": "wood", "source": "NRCan-CanVec-10.0", "type": null }, "geometry": { "type": "Polygon", "coordinates": [ [ [ -80.1544829, 47.0728125 ], [ -80.1546196, 47.0728438 ], [ -80.1547383, 47.0729273 ], [ -80.1547341, 47.0730551 ], [ -80.1545865, 47.073132 ], [ -80.1544534, 47.0731287 ], [ -80.1542107, 47.0730159 ], [ -80.1541676, 47.072908 ], [ -80.154236, 47.0728274 ], [ -80.1544829, 47.0728125 ] ] ] } },
{ "type": "Feature", "properties": { "element": "way", "id": 294220382, "natural": "wood", "source": "NRCan-CanVec-10.0", "type": null }, "geometry": { "type": "Polygon", "coordinates": [ [ [ -80.1148633, 47.0207307 ], [ -80.1149806, 47.0207407 ], [ -80.1151123, 47.0208631 ], [ -80.1151183, 47.0210383 ], [ -80.1149193, 47.0212627 ], [ -80.1148051, 47.0212441 ], [ -80.1146353, 47.0211155 ], [ -80.1146172, 47.020975 ], [ -80.1147309, 47.0207642 ], [ -80.1148633, 47.0207307 ] ] ] } },
{ "type": "Feature", "properties": { "element": "way", "id": 294220383, "natural": "wood", "source": "NRCan-CanVec-10.0", "type": null }, "geometry": { "type": "Polygon", "coordinates": [ [ [ -80.0928136, 47.0322143 ], [ -80.0929309, 47.0322242 ], [ -80.0930021, 47.0323276 ], [ -80.0930238, 47.0324963 ], [ -80.0928978, 47.0327417 ], [ -80.0927684, 47.0327665 ], [ -80.0927267, 47.0327322 ], [ -80.0926839, 47.0326243 ], [ -80.092689, 47.0323407 ], [ -80.0928136, 47.0322143 ] ] ] } },
{ "type": "Feature", "properties": { "element": "way", "id": 294220388, "natural": "wood", "source": "NRCan-CanVec-10.0", "type": null }, "geometry": { "type": "Polygon", "coordinates": [ [ [ -80.1926724, 47.0220455 ], [ -80.1930545, 47.0221808 ], [ -80.1930481, 47.022354 ], [ -80.1928851, 47.0224376 ], [ -80.1927237, 47.022439 ], [ -80.1926753, 47.0223853 ], [ -80.1926279, 47.0222125 ], [ -80.1925444, 47.022144 ], [ -80.1925872, 47.0220592 ], [ -80.1926724, 47.0220455 ] ] ] } },
{ "type": "Feature", "properties": { "element": "way", "id": 294220392, "natural": "wood", "source": "NRCan-CanVec-10.0", "type": null }, "geometry": { "type": "Polygon", "coordinates": [ [ [ -80.0585254, 47.0757821 ], [ -80.0586688, 47.0758331 ], [ -80.0588331, 47.0760159 ], [ -80.0588512, 47.076386 ], [ -80.058668, 47.0766405 ], [ -80.0585766, 47.0766714 ], [ -80.0584316, 47.0765101 ], [ -80.0583022, 47.0761127 ], [ -80.0584467, 47.0758151 ], [ -80.0585254, 47.0757821 ] ] ] } },
{ "type": "Feature", "properties": { "element": "way", "id": 294220393, "natural": "wood", "source": "NRCan-CanVec-10.0", "type": null }, "geometry": { "type": "Polygon", "coordinates": [ [ [ -80.0961086, 47.097765 ], [ -80.0961667, 47.0978296 ], [ -80.0961485, 47.0978816 ], [ -80.0959081, 47.0979159 ], [ -80.0956671, 47.0979133 ], [ -80.0955314, 47.0979554 ], [ -80.0954552, 47.097943 ], [ -80.0953299, 47.09784 ], [ -80.0954178, 47.0977809 ], [ -80.0961086, 47.097765 ] ] ] } },
{ "type": "Feature", "properties": { "element": "way", "id": 1314262030, "natural": "bare_rock", "source": null, "type": null }, "geometry": { "type": "Polygon", "coordinates": [ [ [ -79.935222, 47.0150624 ], [ -79.9352444, 47.0150423 ], [ -79.9352667, 47.0150229 ], [ -79.9352708, 47.0150091 ], [ -79.9352576, 47.0150049 ], [ -79.9352393, 47.0150202 ], [ -79.9352291, 47.0150306 ], [ -79.9352119, 47.0150375 ], [ -79.9352078, 47.01505 ], [ -79.9352119, 47.0150631 ], [ -79.935222, 47.0150624 ] ] ] } }
]
}
